index,SPACER_cex_depth,SPACER_cluster_out_of_gas,SPACER_concretize,SPACER_conj,SPACER_conj_failed,SPACER_conj_success,SPACER_expand_pob_undef,SPACER_inductive_level,SPACER_max_cluster_size,SPACER_max_cvx_reduced_dim,SPACER_max_depth,SPACER_max_query_lvl,SPACER_need_sage,SPACER_non_local_gen,SPACER_num_active_lemmas,SPACER_num_cant_abstract,SPACER_num_ctp_blocked,SPACER_num_dim_reduction_success,SPACER_num_invariants,SPACER_num_is_invariant,SPACER_num_lemma_jumped,SPACER_num_lemmas,SPACER_num_no_over_approximate,SPACER_num_non_lin,SPACER_num_pobs,SPACER_num_propagations,SPACER_num_reach_queries,SPACER_num_sync_cvx_cls,SPACER_pob_out_of_gas,SPACER_queries,SPACER_reuse_reach_facts,SPACER_subsume_failed,SPACER_subsume_pob,SPACER_subsume_success,max_memory,memory,result,time,time_iuc_solver_get_iuc,time_iuc_solver_get_iuc_hyp_reduce1,time_iuc_solver_get_iuc_hyp_reduce2,time_iuc_solver_get_iuc_learn_core,time_pool_solver_proof,time_pool_solver_smt_total,time_pool_solver_smt_total_sat,time_pool_solver_smt_total_undef,time_spacer_ctp,time_spacer_init_rules,time_spacer_init_rules_pt_init,time_spacer_mbp,time_spacer_solve,time_spacer_solve_propagate,time_spacer_solve_reach,time_spacer_solve_reach_children,time_spacer_solve_reach_cluster,time_spacer_solve_reach_gen_bool_ind,time_spacer_solve_reach_gen_global,time_spacer_solve_reach_gen_global_cvx_cls,time_spacer_solve_reach_is_reach
chc-lra-0002.smt2,,,,1,,,,10,2,,16,16,,,99,1,430,,73,1185,5,261,,,187,359,,,1,253,,,,,175.84,117.55,sat,7.14,0.40,0.13,0.21,0.05,0.09,5.53,4.41,,0.09,0.00,0.00,0.07,6.99,1.25,5.67,0.19,0.45,3.54,0.04,,
chc-lra-0003.smt2,,,,10,3,19,,,1,,11,10,,7,1093,21,402,,27,4512,3,1266,,,1039,1431,4,,,1254,1,,,,462.31,460.58,timeout,599.21,6.84,3.12,4.38,0.77,1.23,368.06,320.99,,4.81,0.00,0.00,0.78,405.66,122.87,282.75,4.79,18.36,196.16,0.76,,0.16
chc-lra-0004.smt2,,,,6,,6,,,4,2,41,40,,,910,116,755,12,180,10567,63,1203,,2,1124,6178,,6,1,1204,,364,18,,390.09,388.27,timeout,598.70,3.88,1.46,2.36,0.52,0.64,549.96,475.41,,3.83,0.00,0.00,0.62,576.79,205.90,370.72,2.92,12.17,291.15,1.28,0.00,
chc-lra-0005.smt2,,,,9,,14,,,4,2,27,26,,,904,81,568,11,76,5091,95,1089,,,1035,2135,,7,5,1118,,14,18,7,342.73,333.91,timeout,599.18,3.79,1.35,2.25,0.56,0.63,499.06,451.96,,1.47,0.00,0.00,0.56,521.30,93.71,427.47,2.14,11.31,364.01,1.08,0.00,0.01
chc-lra-0006.smt2,,1,,1,,3,,,4,2,24,23,,,1263,442,211,37,123,2920,105,1387,,44,1358,742,,10,1,1375,,136,47,10,458.35,434.69,timeout,599.25,4.97,1.65,2.86,0.69,0.95,486.51,421.90,,1.39,0.00,0.00,0.83,517.14,101.24,415.81,3.48,14.66,320.99,3.74,0.00,0.01
chc-lra-0007.smt2,,,,17,,24,,,2,1,29,28,,1,917,163,989,18,110,5098,107,1187,,1,1165,1391,,,8,1229,,134,19,,396.38,386.45,timeout,598.71,4.43,1.80,2.77,0.61,0.66,481.68,435.00,,2.69,0.00,0.00,0.66,508.67,118.23,390.32,2.65,12.72,316.28,2.08,0.00,
chc-lra-0009.smt2,,,,1,,2,,3,1,1,4,4,,,210,,2,2,279,594,,295,,,290,583,2,,,289,2,,2,2,267.84,170.98,sat,14.02,0.67,0.20,0.34,0.07,0.21,11.09,8.10,,0.00,0.00,0.00,0.06,13.18,1.32,11.84,0.30,0.79,7.87,0.02,0.00,0.00
chc-lra-0010.smt2,,,,2,2,,,3,1,,4,4,,,94,,3,,147,326,,163,,,157,317,2,,,158,2,,,,187.16,113.69,sat,4.94,0.54,0.17,0.30,0.05,0.14,3.54,2.41,,0.00,0.00,0.00,0.04,4.59,0.42,4.15,0.13,0.22,2.42,0.01,,0.00
chc-lra-0011.smt2,,,,,,,,8,,,11,11,,,127,,141,,82,776,,201,,,116,392,,,,189,,,,,236.92,158.75,sat,11.82,0.70,0.22,0.42,0.07,0.15,10.02,8.18,,0.05,0.00,0.00,0.04,11.56,1.64,9.89,0.15,0.34,7.53,0.00,,
chc-lra-0012.smt2,,,,31,,100,,,2,1,16,15,,8,1329,12,849,30,47,5143,2,1543,,,1461,1534,18,,7,1533,11,608,38,11,432.64,427.95,timeout,598.90,6.08,1.62,3.00,0.73,1.85,346.40,287.79,,2.95,0.00,0.00,1.41,386.35,101.39,284.90,4.66,21.79,191.09,2.01,0.00,0.23
chc-lra-0013.smt2,,,,2,2,,,3,1,,4,4,,,341,,3,,632,1307,,657,,,651,1298,2,,,652,2,,,,670.56,471.41,sat,71.21,2.84,1.21,1.86,0.19,0.60,58.89,43.35,,0.00,0.00,0.00,0.19,68.23,6.57,61.65,1.08,4.38,42.11,0.21,,0.00
chc-lra-0014.smt2,,,,2,2,,,3,3,1,4,4,,,472,,2,7,636,1286,10,654,,,650,1277,,,,649,,,7,6,702.96,487.45,sat,76.13,2.72,0.89,1.55,0.30,0.67,63.47,48.62,,0.00,0.00,0.00,0.16,72.31,6.05,66.25,1.04,4.15,47.06,0.06,0.00,0.01
chc-lra-0015.smt2,,,,2,2,,,3,3,1,4,4,,,185,,3,6,300,619,,318,,,315,610,,,,314,,,6,5,295.76,175.02,sat,22.63,0.55,0.15,0.27,0.07,0.16,19.74,16.47,,0.00,0.00,0.00,0.08,21.86,1.26,20.59,0.37,0.82,15.24,0.03,0.00,0.01
chc-lra-0016.smt2,,,,2,2,,,3,3,1,4,4,,,637,,3,6,940,1903,,961,,,957,1894,,,,956,,,6,5,1049.04,672.42,sat,212.05,5.32,2.10,3.34,0.52,1.07,185.87,146.87,,0.01,0.00,0.00,0.25,204.30,19.22,185.07,2.04,9.33,140.49,0.10,0.00,0.02
chc-lra-0017.smt2,,,,2,2,,,3,1,,4,4,,,205,,2,,318,686,,337,,,331,677,,,,332,,,,,409.00,271.97,sat,29.46,2.30,0.91,1.55,0.16,0.44,23.87,16.48,,0.00,0.00,0.00,0.10,28.16,2.80,25.35,0.48,1.06,16.57,0.02,,0.01
chc-lra-0018.smt2,,,,2,2,,,3,1,,4,4,,,383,,2,,626,1291,,643,,,637,1282,2,,,638,2,,,,878.08,593.07,sat,118.05,4.97,2.03,3.19,0.42,1.04,101.37,75.50,,0.00,0.00,0.00,0.22,113.57,9.50,104.06,1.46,4.60,76.05,0.04,,0.20
chc-lra-0019.smt2,,,,2,2,,,3,1,,4,4,,,226,,2,,394,829,,414,,,408,820,,,,409,,,,,496.76,326.96,sat,40.91,4.10,1.76,2.88,0.26,0.71,32.34,22.00,,0.00,0.00,0.00,0.12,39.37,3.27,36.08,0.68,1.62,23.10,0.03,,0.01
chc-lra-0020.smt2,,,,1,1,,,3,4,1,4,4,,,617,,2,6,1544,3142,,1574,,,1572,3133,5,,,1569,5,,6,4,1793.84,1165.17,sat,535.80,26.14,11.58,18.99,0.93,4.61,458.93,324.32,,0.01,0.00,0.00,0.50,519.90,57.75,462.13,5.39,25.86,318.51,0.32,0.00,0.01
chc-lra-0021.smt2,,,,2,2,,,3,1,,4,4,,,671,,3,,1037,2122,,1057,,,1051,2113,2,,,1052,2,,,,1389.12,957.92,sat,273.71,12.82,5.48,8.87,0.73,2.43,232.13,165.12,,0.01,0.00,0.00,0.34,262.56,29.74,232.81,3.20,12.41,162.37,0.06,,0.02
chc-lra-0022.smt2,7,,15,1,,2,,,1,,7,7,,,252,,70,,40,652,9,275,,9,266,314,7,,,268,1,,,,473.20,302.85,unsat,31.34,3.13,1.32,2.27,0.08,0.60,26.23,19.01,,0.07,0.00,0.00,0.16,31.11,3.40,27.69,0.54,0.63,18.57,0.06,,0.17
chc-lra-0023.smt2,,,40,,,,,6,3,1,8,8,,,212,,34,1,297,1863,19,437,,13,417,1081,40,,,428,40,,1,,750.12,500.33,sat,73.45,7.33,3.03,5.51,0.15,1.27,61.12,45.78,,0.44,0.00,0.00,0.20,72.34,15.13,57.19,0.80,1.67,35.48,0.15,0.00,0.08
chc-lra-0024.smt2,,,,6,,10,,,2,1,9,8,,,838,,227,2,69,2348,8,919,,,830,671,,,,902,,6,2,,360.61,357.14,timeout,598.84,5.61,1.73,3.67,0.33,1.17,267.26,235.16,,0.76,0.00,0.00,0.24,284.89,52.87,231.99,1.36,7.77,188.34,0.44,0.00,
chc-lra-0025.smt2,,,,2,2,,,3,1,,4,4,,,952,,3,,1386,2837,,1405,,,1399,2827,,,,1400,,,,,1969.76,1312.73,sat,534.72,22.24,10.49,16.19,0.96,3.84,457.88,360.05,,0.01,0.00,0.00,0.50,511.50,40.72,470.76,5.75,22.59,332.55,0.08,,0.04
chc-lra-0026.smt2,7,,19,1,,,,,2,,7,7,,,251,,36,,24,595,1,331,,34,253,253,7,,,313,1,,,,408.96,255.77,unsat,23.74,2.33,0.88,1.53,0.09,0.57,19.57,13.94,,0.06,0.00,0.00,0.12,23.55,3.75,19.77,0.50,0.63,11.77,0.08,,0.16
chc-lra-0027.smt2,,,490,,,,,5,,,8,8,,,191,,75,,180,971,24,426,,65,302,505,490,,,418,490,,,,953.88,575.79,sat,92.67,8.64,2.42,4.97,0.42,2.72,79.07,60.22,,0.16,0.00,0.00,0.53,91.42,10.40,80.99,0.66,1.01,27.65,0.11,,2.27
chc-lra-0028.smt2,,,,,,,,3,,,5,5,,,77,,18,,54,242,2,162,,,77,85,,,,156,,,,,126.52,66.37,sat,2.96,0.30,0.06,0.12,0.03,0.12,2.09,1.57,,0.02,0.00,0.00,0.05,2.81,0.57,2.23,0.16,0.14,0.84,0.01,,
chc-lra-0029.smt2,,,,15,11,7,,10,2,,16,16,,,81,,80,,106,1070,3,203,,,126,669,14,,1,193,11,,,,195.52,125.94,sat,7.01,0.64,0.14,0.29,0.05,0.25,5.37,4.07,,0.06,0.00,0.00,0.04,6.80,1.81,4.93,0.16,0.25,2.81,0.04,,0.02
chc-lra-0030.smt2,,,,1,1,,,,1,,4,3,,,4,,2,,,6,,7,,,3,,1,,,3,1,,,,355.12,353.73,timeout,599.35,0.00,0.00,0.00,0.00,0.00,0.02,0.01,,0.00,0.01,0.00,0.00,0.04,0.01,0.02,0.00,0.00,0.00,0.00,,0.00
chc-lra-0031.smt2,,,,1,1,,,,1,,4,3,,,4,,2,,,6,,7,,,3,,1,,,3,1,,,,323.72,320.78,timeout,598.99,0.00,0.00,0.00,0.00,0.00,0.02,0.01,,0.00,0.01,0.00,0.00,0.04,0.01,0.02,0.00,0.00,0.00,0.00,,0.00
chc-lra-0032.smt2,,,,1,1,,,,1,,4,3,,,4,,2,,,6,,7,,,3,,1,,,3,1,,,,385.45,376.68,timeout,598.77,0.00,0.00,0.00,0.00,0.00,0.02,0.01,,0.00,0.00,0.00,0.00,0.03,0.01,0.02,0.00,0.00,0.00,0.00,,0.00
chc-lra-0033.smt2,,,,2,2,,,3,1,,4,4,,,748,,3,,1236,2538,,1257,,,1251,2529,2,,,1252,2,,,,1788.20,1185.76,sat,452.14,29.49,14.10,21.96,0.96,5.01,382.37,277.56,,0.01,0.00,0.00,0.46,435.85,34.67,401.16,4.52,16.75,277.27,0.07,,0.03
chc-lra-0034.smt2,,,,1,1,,,,1,,4,3,,,4,,2,,,6,,7,,,3,,,,,3,,,,,361.41,361.01,timeout,598.45,0.00,0.00,0.00,0.00,0.00,0.02,0.01,,0.00,0.01,0.00,0.00,0.03,0.01,0.02,0.00,0.00,0.00,0.00,,0.00
chc-lra-0035.smt2,,,,,,,,20,,,25,25,,,183,,565,,128,3517,6,540,,,222,1566,,,,520,,,,,322.84,223.19,sat,22.84,1.14,0.19,0.50,0.10,0.46,19.06,15.23,,0.23,0.00,0.00,0.11,22.60,7.45,15.07,0.41,1.08,9.41,0.02,,
chc-lra-0036.smt2,,,,1,1,,,,1,,4,3,,,4,,3,,,7,,8,,,4,,1,,,4,1,,,,385.98,384.27,timeout,598.44,0.00,0.00,0.00,0.00,0.00,0.03,0.02,,0.00,0.01,0.01,0.00,0.05,0.01,0.03,0.00,0.00,0.00,0.00,,0.00
chc-lra-0037.smt2,,,,49,,75,,,2,1,16,15,,,1018,1,1330,,32,6729,1,1136,,,1224,2368,,,28,1216,,42,5,,396.50,383.83,timeout,598.78,4.98,1.61,3.06,0.41,1.08,475.07,438.27,,3.32,0.00,0.00,0.74,509.59,128.08,381.44,2.91,17.69,302.43,3.30,0.00,
chc-lra-0038.smt2,,,,41,15,25,,14,5,2,21,21,,1,151,,296,12,219,3540,3,385,,,364,2484,15,8,17,420,15,13,22,5,485.96,311.13,sat,29.76,1.27,0.33,0.68,0.12,0.36,25.08,18.69,,0.30,0.00,0.00,0.10,29.05,11.34,17.62,0.48,1.08,11.12,0.18,0.00,0.03
chc-lra-0039.smt2,,,,2,2,,,3,1,,4,4,,,230,,3,,429,976,,446,,,440,967,2,,,441,2,,,,2236.92,1371.49,sat,249.90,36.01,17.26,29.65,0.79,3.76,186.41,137.58,,0.01,0.01,0.01,0.54,229.16,13.55,215.60,1.66,3.85,133.29,0.04,,0.03
chc-lra-0040.smt2,,,,,,,,1,,,2,2,,,41,,,,14,64,,58,,,51,21,,,,55,,,,,218.12,127.84,sat,2.98,0.07,0.02,0.04,0.01,0.02,1.38,1.09,,0.00,0.01,0.00,0.07,1.70,0.55,1.15,0.20,0.02,0.08,0.00,,
chc-lra-0041.smt2,,,,1,,,,1,1,,2,2,,,45,,,,14,73,,67,,,61,21,,,,64,,,,,235.40,140.03,sat,3.53,0.11,0.03,0.07,0.01,0.02,1.99,1.59,,0.00,0.01,0.00,0.08,2.43,0.98,1.44,0.24,0.03,0.11,0.00,,
chc-lra-0042.smt2,,,,1,,,,1,1,,2,2,,,38,,,,14,55,,49,,,43,21,,,,46,,,,,175.96,96.76,sat,2.43,0.11,0.03,0.06,0.01,0.02,1.06,0.74,,0.00,0.01,0.00,0.06,1.38,0.38,1.00,0.17,0.01,0.07,0.00,,
chc-lra-0043.smt2,,,,1,,,,1,1,,3,3,,,109,,2,,113,144,,159,,,151,68,,,,155,,,,,413.04,240.51,sat,11.40,0.32,0.04,0.11,0.02,0.16,9.09,7.46,,0.02,0.01,0.00,0.16,10.33,0.90,9.42,0.63,0.13,5.51,0.01,,
chc-lra-0044.smt2,,,,7,,,,1,1,,3,3,,,110,,12,,113,197,,181,,,179,76,,,,177,,,,,416.12,250.01,sat,12.62,0.40,0.07,0.17,0.02,0.17,10.15,8.34,,0.03,0.01,0.00,0.19,11.67,1.54,10.12,0.76,0.18,5.36,0.02,,
chc-lra-0045.smt2,,,,1,1,,,,1,,4,3,,,4,,2,,,6,,7,,,3,,,,,3,,,,,365.82,362.26,timeout,598.76,0.00,0.00,0.00,0.00,0.00,0.02,0.01,,0.00,0.01,0.01,0.00,0.04,0.00,0.02,0.00,0.00,0.00,0.00,,0.00
chc-lra-0046.smt2,,,,,,,,1,,,2,2,,,40,,,,14,62,,56,,,49,21,,,,53,,,,,135.84,75.02,sat,1.80,0.07,0.02,0.04,0.00,0.02,1.09,0.85,,0.00,0.01,0.00,0.07,1.40,0.39,1.00,0.20,0.02,0.08,0.00,,
chc-lra-0047.smt2,,,,,,,,1,,,2,2,,,15,,,,14,28,,22,,,15,21,,,,19,,,,,137.80,76.29,sat,1.13,0.08,0.02,0.05,0.01,0.01,0.39,0.19,,0.00,0.01,0.00,0.01,0.53,0.11,0.42,0.04,0.00,0.00,0.00,,
chc-lra-0048.smt2,,,,1,,,,1,1,,2,2,,,40,,,,14,63,,57,,,51,21,,,,54,,,,,165.88,93.85,sat,2.34,0.11,0.03,0.06,0.01,0.02,1.40,1.06,,0.00,0.01,0.00,0.06,1.75,0.61,1.14,0.20,0.02,0.10,0.00,,
chc-lra-0049.smt2,,,,,,,,1,,,3,3,,,103,,,,94,129,,138,,,129,56,,,,134,,,,,296.88,176.32,sat,8.46,0.26,0.03,0.09,0.01,0.12,6.92,5.79,,0.01,0.01,0.00,0.16,7.93,0.95,6.97,0.54,0.10,3.83,0.00,,
chc-lra-0050.smt2,,,,1,,,,1,1,,3,3,,,104,,,,117,140,,158,,,150,75,,,,154,,,,,329.20,196.30,sat,10.71,0.37,0.05,0.15,0.02,0.17,8.76,7.18,,0.01,0.01,0.00,0.21,10.07,0.80,9.27,0.66,0.13,5.33,0.01,,
chc-lra-0051.smt2,,,,1,1,,,,1,,4,3,,,4,,2,,,6,,7,,,3,,1,,,3,1,,,,332.33,321.55,timeout,598.90,0.00,0.00,0.00,0.00,0.00,0.02,0.01,,0.00,0.00,0.00,0.00,0.04,0.01,0.02,0.00,0.00,0.00,0.00,,0.00
chc-lra-0052.smt2,,,,,,,,5,,,8,8,,,150,,24,,180,365,1,399,,,251,90,,,,390,,,,,3739.64,1510.02,sat,187.55,110.39,29.87,88.96,3.07,10.76,59.44,30.09,,0.07,0.01,0.00,0.44,172.51,6.22,166.26,1.43,0.67,16.13,0.06,,
chc-lra-0053.smt2,,,,,,,,1,,,3,3,,,121,,,,115,152,,185,,,142,63,,,,181,,,,,2080.96,1253.34,sat,84.18,16.35,4.58,12.44,1.23,1.54,38.92,13.38,,0.01,0.01,0.00,0.24,56.35,1.64,54.69,0.71,0.20,7.99,0.01,,
chc-lra-0054.smt2,,,,,,,,1,,,3,3,,,124,,,,124,149,,190,,,147,64,,,,186,,,,,1769.00,1036.52,sat,63.64,13.11,3.51,9.92,1.02,1.29,27.88,13.39,,0.01,0.01,0.00,0.19,42.00,1.39,40.61,0.65,0.21,7.96,0.01,,
chc-lra-0055.smt2,,,,,,,,1,4,3,3,3,1,,324,,,1,383,175,,446,,,404,66,,1,,440,,3,3,,2444.92,1441.30,sat,173.12,25.66,6.87,19.60,1.42,2.82,120.55,85.72,,0.06,0.01,0.00,0.67,150.82,2.07,148.74,2.36,1.53,75.11,0.14,0.00,
chc-lra-0056.smt2,,,,1,,,,1,1,,3,3,,,129,,,,126,157,,203,,,161,61,,,,199,,,,,1995.60,1227.61,sat,79.61,14.02,3.89,10.58,1.05,1.45,40.16,15.05,,0.01,0.01,0.00,0.25,55.42,1.41,53.99,0.77,0.25,9.44,0.01,,
chc-lra-0057.smt2,,,,,,,,1,,,3,3,,,113,,,,107,150,,174,,,131,64,,,,170,,,,,1771.48,1046.98,sat,67.09,12.35,3.57,9.32,1.03,1.16,26.16,10.21,,0.01,0.01,0.00,0.22,39.46,0.95,38.50,0.63,0.17,5.52,0.01,,
chc-lra-0058.smt2,,,,1,,,,2,1,,4,4,,,136,,,,133,180,,244,,,181,62,,,,239,,,,,1788.40,1055.11,sat,86.53,21.96,6.50,17.50,0.64,2.21,32.64,15.94,,0.02,0.01,0.00,0.28,56.06,1.96,54.08,0.90,0.31,9.04,0.03,,
chc-lra-0059.smt2,,,,26,,23,,22,1,,37,37,,,260,,1958,,268,9513,30,860,,,400,4760,,,13,875,,,,,668.24,483.12,sat,118.78,2.06,0.36,1.01,0.17,0.72,109.62,85.39,,0.79,0.00,0.00,0.23,118.11,43.74,74.23,0.94,3.02,54.52,0.16,,
chc-lra-0060.smt2,,,,35,,44,,14,2,1,18,18,,,82,,245,,163,1847,14,336,,,249,1143,,,9,341,,23,2,,224.00,145.23,sat,11.55,0.64,0.13,0.30,0.06,0.23,9.23,7.36,,0.08,0.00,0.00,0.09,11.33,2.35,8.92,0.33,0.55,5.56,0.08,0.00,
chc-lra-0061.smt2,,,,181,5,185,,,1,,30,29,,,1070,,1089,,12,11133,44,1677,,,1729,6766,6,,77,1875,5,,,,330.77,322.33,timeout,598.55,4.99,0.66,2.39,0.48,1.71,485.38,405.12,,1.86,0.00,0.00,0.54,513.69,131.66,381.93,3.22,13.61,285.85,1.67,,0.01
chc-lra-0062.smt2,,2,,187,13,196,,,1,,33,32,,7,1008,,1623,,8,12428,63,1600,,,1213,6593,14,,41,1655,13,,,,331.08,321.39,timeout,599.43,5.44,0.72,2.62,0.49,1.90,524.75,444.06,,2.40,0.00,0.00,0.50,551.39,156.34,394.93,2.87,11.84,303.77,0.96,,0.08
chc-lra-0063.smt2,,,,1,1,,,,1,,4,3,,,4,,2,,,6,,7,,,3,,,,,3,,,,,425.19,412.93,timeout,598.99,0.00,0.00,0.00,0.00,0.00,0.02,0.01,,0.00,0.01,0.01,0.00,0.04,0.01,0.03,0.00,0.00,0.00,0.00,,0.00
chc-lra-0064.smt2,,12,,103,36,52,,18,6,2,28,28,,5,340,1,425,17,428,10211,2,764,,,745,6907,44,34,39,874,44,11,56,31,1493.96,966.38,sat,294.93,4.37,1.00,2.53,0.37,1.17,275.04,215.64,,2.46,0.00,0.00,0.26,291.59,149.64,141.82,1.66,4.96,102.44,0.75,0.00,0.36
chc-lra-0065.smt2,,,,2,2,,,3,1,1,4,4,,,129,,2,2,158,415,,199,,,196,406,3,,,196,3,,2,2,4057.16,2888.30,sat,316.13,56.27,26.55,47.85,1.16,3.90,120.39,26.44,,0.00,0.02,0.02,0.38,178.03,65.09,112.93,0.68,0.35,19.97,0.03,0.00,0.01
chc-lra-0066.smt2,,,,1,1,,,,1,,4,3,,,4,,3,,,7,,8,,,4,,1,,,4,1,,,,4504.85,4243.85,timeout,599.94,0.00,0.00,0.00,0.00,0.00,0.07,0.05,,0.00,0.02,0.02,0.00,0.10,0.01,0.08,0.00,0.00,0.00,0.00,,0.00
chc-lra-0067.smt2,,,,76,3,107,,,1,,30,29,,,984,,1350,,130,11245,24,1430,,,1215,6396,3,,20,1444,3,,,,342.94,339.34,timeout,598.62,4.91,0.64,2.51,0.40,1.63,369.89,308.49,,2.19,0.00,0.00,0.43,393.75,118.08,275.57,2.44,10.65,207.42,1.08,,0.03
chc-lra-0068.smt2,,,,1,1,,,,1,,4,3,,,4,,3,,,7,,8,,,4,,,,,4,,,,,724.23,724.23,timeout,599.11,0.01,0.00,0.00,0.00,0.00,0.05,0.03,,0.00,0.01,0.01,0.00,0.07,0.02,0.04,0.00,0.00,0.00,0.00,,0.00
chc-lra-0069.smt2,,,,92,15,58,,24,3,1,32,32,,3,107,14,644,6,145,4306,5,377,,,272,2608,28,,29,454,20,2,9,5,410.44,261.21,sat,20.26,2.05,0.64,1.23,0.13,0.56,15.78,11.11,,0.24,0.00,0.00,0.12,19.95,8.01,11.79,0.44,0.59,5.57,0.16,0.00,0.10
chc-lra-0070.smt2,,,,,,,,1,,,2,2,,,34,,,,36,81,,49,,,27,52,,,,46,,,,,279.92,173.18,sat,5.00,0.68,0.29,0.47,0.06,0.11,2.03,0.60,,0.00,0.01,0.00,0.01,2.81,0.14,2.66,0.04,0.02,0.43,0.00,,
chc-lra-0071.smt2,,,,,,,,1,,,2,2,,,46,,,,39,86,,79,,,47,47,,,,76,,,,,815.88,567.63,sat,39.33,4.35,1.70,3.15,0.13,0.75,10.18,1.52,,0.01,0.01,0.00,0.03,14.77,1.83,12.93,0.10,0.04,0.65,0.00,,
chc-lra-0072.smt2,,,,,,,,,,,2,2,,,40,,,,40,42,,72,,,40,11,,,,69,,,,,610.92,400.20,sat,26.08,3.81,1.51,2.73,0.11,0.71,6.98,1.03,,,0.01,0.00,0.02,10.97,0.33,10.63,0.08,0.04,0.57,0.00,,
chc-lra-0073.smt2,,,,1,1,,,,1,,4,3,,,4,,3,,,7,,8,,,4,,,,,4,,,,,370.34,358.46,timeout,599.08,0.01,0.00,0.00,0.00,0.00,0.03,0.01,,0.00,0.01,0.01,0.00,0.05,0.01,0.04,0.00,0.00,0.00,0.00,,0.00
chc-lra-0074.smt2,,,,1,1,,,,1,,4,3,,,4,,2,,,6,,7,,,3,,1,,,3,1,,,,4561.92,2411.07,timeout,599.89,0.00,0.00,0.00,0.00,0.00,0.03,0.01,,0.00,0.02,0.02,0.00,0.05,0.01,0.03,0.00,0.00,0.00,0.00,,0.00
chc-lra-0075.smt2,,,,71,35,28,,24,3,1,28,28,,,96,8,351,2,115,2626,3,326,,,234,1658,39,,14,362,35,1,2,,260.88,162.83,sat,11.58,1.51,0.41,0.81,0.10,0.50,8.35,5.73,,0.09,0.00,0.00,0.09,11.34,3.02,8.18,0.33,0.40,3.58,0.12,0.00,0.08
chc-lra-0076.smt2,,,,71,35,28,,24,3,1,28,28,,,96,8,351,2,115,2626,3,326,,,234,1658,39,,14,362,35,1,2,,260.88,162.83,sat,11.79,1.54,0.42,0.83,0.10,0.51,8.52,5.83,,0.09,0.00,0.00,0.10,11.55,3.09,8.33,0.33,0.40,3.66,0.12,0.00,0.08
chc-lra-0077.smt2,29,1,,66,11,63,,,2,,29,29,,,348,,877,,75,4884,24,617,,,299,2656,39,,16,640,12,,,,434.52,283.34,unsat,34.72,1.51,0.22,0.64,0.13,0.63,29.59,22.85,,0.29,0.00,0.00,0.17,34.49,9.80,24.57,0.64,1.44,14.73,0.13,,0.44
chc-lra-0078.smt2,17,,,,,,,,,,17,17,,,97,,62,,,397,,151,,,98,181,17,,,154,1,,,,117.84,66.90,unsat,2.37,0.22,0.03,0.08,0.02,0.10,1.65,1.25,,0.01,0.00,0.00,0.04,2.28,0.29,1.93,0.14,0.08,1.00,0.00,,0.08
chc-lra-0079.smt2,,,,13,,,,1,1,,2,2,,,74,,,,35,159,,133,,,128,55,,,,130,,,,,298.12,174.97,sat,7.92,0.45,0.18,0.27,0.04,0.10,5.36,3.78,,0.00,0.01,0.01,0.12,6.48,1.76,4.72,0.44,0.12,0.61,0.03,,
chc-lra-0080.smt2,,,,1,1,,,,1,,4,3,,,4,,2,,,6,,7,,,3,,1,,,3,1,,,,388.51,385.86,timeout,598.55,0.00,0.00,0.00,0.00,0.00,0.05,0.02,,0.00,0.02,0.02,0.00,0.07,0.02,0.04,0.00,0.00,0.00,0.00,,0.00
chc-lra-0081.smt2,,,,1,1,,,,1,,4,3,,,4,,2,,,6,,7,,,3,,,,,3,,,,,3417.41,1953.73,timeout,599.93,0.00,0.00,0.00,0.00,0.00,0.08,0.07,,0.00,0.03,0.03,0.00,0.10,0.06,0.03,0.00,0.00,0.00,0.00,,0.00
chc-lra-0082.smt2,,,,1,1,,,,1,,4,3,,,4,,2,,,6,,7,,,3,,,,,3,,,,,882.95,876.74,timeout,598.98,0.00,0.00,0.00,0.00,0.00,0.06,0.04,,0.00,0.02,0.01,0.00,0.07,0.04,0.03,0.00,0.00,0.00,0.00,,0.00
chc-lra-0083.smt2,,,,,,,,2,,,2,2,,,66,,,,26,131,,89,,,86,62,,,,86,,,,,240.60,130.95,sat,4.42,0.16,0.04,0.07,0.01,0.06,3.38,2.60,,0.00,0.01,0.01,0.06,3.87,1.15,2.72,0.22,0.05,1.10,0.00,,
chc-lra-0084.smt2,,,,1,1,,,,1,,4,3,,,4,,2,,,6,,7,,,3,,1,,,3,1,,,,4038.67,2546.19,timeout,599.87,0.00,0.00,0.00,0.00,0.00,0.09,0.08,,0.00,0.03,0.03,0.00,0.11,0.07,0.03,0.00,0.00,0.00,0.00,,0.00
chc-lra-0085.smt2,,51,,53,12,70,,12,18,2,21,21,,33,112,,414,14,140,2246,17,379,5,,371,1151,114,42,7,378,100,79,159,92,364.92,228.06,sat,21.39,1.71,0.29,0.79,0.11,0.67,16.97,13.46,,0.15,0.00,0.00,0.22,21.11,4.62,16.40,0.62,0.53,9.14,0.46,0.00,0.23
chc-lra-0086.smt2,,78,,40,5,46,,16,23,3,23,23,5,78,116,,352,3,164,2807,44,431,1,,349,1581,73,78,3,388,65,132,223,135,393.00,247.63,sat,31.92,1.78,0.26,0.80,0.12,0.71,26.80,21.44,,0.23,0.00,0.00,0.21,31.60,7.94,23.55,0.64,0.75,13.74,0.65,0.00,0.28
chc-lra-0087.smt2,,,,3,,,,1,1,,2,2,,,114,,,,90,251,,183,,,148,143,,,,180,,,,,1272.24,797.62,sat,147.18,4.54,1.63,3.10,0.45,0.69,28.43,9.25,,0.01,0.01,0.00,0.16,34.00,5.81,28.18,0.55,0.27,4.94,0.03,,
chc-lra-0088.smt2,,,,1,1,,,,1,,4,3,,,4,,3,,,7,,8,,,4,,1,,,4,1,,,,4657.48,2579.55,timeout,599.76,0.01,0.00,0.00,0.00,0.00,0.14,0.11,,0.00,0.03,0.03,0.00,0.17,0.07,0.09,0.01,0.00,0.01,0.00,,0.00
chc-lra-0089.smt2,,,,1,1,,,,1,,4,3,,,4,,2,,,6,,7,,,3,,1,,,3,1,,,,10684.37,4326.90,timeout,599.74,0.00,0.00,0.00,0.00,0.00,0.06,0.04,,0.00,0.03,0.03,0.00,0.08,0.04,0.03,0.00,0.00,0.00,0.00,,0.00
chc-lra-0090.smt2,,,,1,1,,,,1,,4,3,,,4,,2,,,6,,7,,,3,,1,,,3,1,,,,2228.17,2228.17,timeout,599.94,0.00,0.00,0.00,0.00,0.00,0.11,0.09,,0.00,0.03,0.03,0.00,0.13,0.09,0.04,0.00,0.00,0.00,0.00,,0.00
chc-lra-0091.smt2,,,,1,1,,,,1,,4,3,,,4,,2,,,6,,7,,,3,,,,,3,,,,,1837.01,1837.01,timeout,599.71,0.00,0.00,0.00,0.00,0.00,0.06,0.04,,0.00,0.03,0.03,0.00,0.08,0.04,0.03,0.00,0.00,0.00,0.00,,0.00
chc-lra-0092.smt2,,,,1,1,,,,1,,4,3,,,4,,2,,,6,,7,,,4,,1,,,3,1,,,,2129.85,1790.15,timeout,599.82,0.00,0.00,0.00,0.00,0.00,0.16,0.14,,0.00,0.03,0.03,0.00,0.18,0.13,0.04,0.00,0.00,0.00,0.00,,0.00
chc-lra-0093.smt2,,,,52,,34,,23,1,,34,34,,,395,,4494,,445,19282,45,1419,,,761,8731,,,18,1460,,,,,1369.16,948.09,sat,524.33,4.66,0.67,2.28,0.32,1.70,497.60,416.97,,4.05,0.00,0.00,0.53,522.89,230.01,292.76,2.65,10.18,228.03,0.70,,
chc-lra-0094.smt2,,,,1,1,,,,1,,4,3,,,4,,2,,,6,,7,,,3,,1,,,3,1,,,,1658.44,1658.30,timeout,599.71,0.00,0.00,0.00,0.00,0.00,0.10,0.08,,0.00,0.03,0.03,0.00,0.12,0.08,0.03,0.00,0.00,0.00,0.00,,0.00
chc-lra-0095.smt2,,4,,37,16,5,,,7,1,33,32,,3,69,,300,17,18,1138,3,176,,,115,426,16,,15,198,16,8,17,,323.05,321.25,timeout,599.56,0.24,0.03,0.08,0.02,0.11,1.37,0.93,,0.04,0.00,0.00,0.05,2.23,0.76,1.32,0.18,0.08,0.32,0.06,0.00,0.01
chc-lra-0096.smt2,,,,1,1,,,,1,,4,3,,,4,,2,,,6,,7,,,3,,,,,3,,,,,5563.17,5563.17,timeout,599.83,0.00,0.00,0.00,0.00,0.00,0.10,0.08,,0.00,0.04,0.03,0.00,0.12,0.08,0.04,0.00,0.00,0.00,0.00,,0.00
chc-lra-0097.smt2,23,,,4,,3,,,1,,23,23,,,501,,452,,3,3696,8,734,,,565,1921,23,,4,754,1,,,,544.44,329.94,unsat,45.12,1.94,0.24,0.82,0.15,0.82,38.44,31.72,,0.24,0.00,0.00,0.23,44.85,8.70,36.08,1.07,2.26,23.88,0.09,,0.40
chc-lra-0098.smt2,26,,,39,10,38,,,2,1,26,26,,4,755,,1487,6,4,6885,22,1114,,,657,2856,50,,6,1133,21,19,10,10,916.88,554.38,unsat,105.20,4.59,0.59,1.97,0.31,2.02,90.67,76.09,,0.82,0.00,0.00,0.30,104.85,25.62,79.13,1.55,5.49,52.21,0.33,0.00,0.59
chc-lra-0099.smt2,,1,,22,12,12,,,2,1,29,28,,4,1219,,3046,3,3,14292,29,1852,,,920,5968,20,,4,1839,15,6,3,3,423.29,416.23,timeout,598.46,8.88,1.38,4.40,0.58,3.38,416.28,358.94,,3.74,0.00,0.00,0.50,450.07,145.30,304.66,3.18,14.93,228.84,0.38,0.00,0.10
chc-lra-0100.smt2,,,,46,,70,,21,2,1,25,25,,,426,,747,,748,12113,40,1336,,1,1414,7784,,,28,1417,,46,4,,1528.92,1019.52,sat,323.21,8.71,1.13,4.14,0.49,3.51,290.09,243.81,,2.63,0.00,0.00,0.80,320.14,91.67,228.36,4.44,11.06,165.54,0.95,0.00,
chc-lra-0101.smt2,33,84,,125,26,85,,,2,1,33,33,,26,587,,944,,41,13669,43,894,,,1016,7951,55,,33,1021,27,37,2,,1359.72,887.31,unsat,192.48,4.41,0.52,1.92,0.27,1.90,175.99,141.35,,2.61,0.00,0.00,0.90,191.80,103.65,88.02,3.15,3.22,53.96,0.62,0.00,1.10
chc-lra-0102.smt2,,,,144,,49,,,2,1,26,25,,,1369,,2921,,7,15631,52,2019,,,1383,6902,,,112,2398,,9,1,,442.26,442.26,timeout,598.89,7.90,0.77,3.83,0.54,3.10,449.98,387.47,,4.21,0.00,0.00,0.67,489.51,166.79,322.63,4.55,18.44,228.40,1.51,0.00,
chc-lra-0103.smt2,,,,1,1,,,,1,,4,3,,,4,,2,,,6,,7,,,3,,1,,,3,1,,,,418.53,416.02,timeout,599.36,0.00,0.00,0.00,0.00,0.00,0.13,0.10,,0.00,0.05,0.04,0.00,0.16,0.09,0.05,0.00,0.00,0.00,0.00,,0.00
chc-lra-0104.smt2,,,,1,1,,,,1,,4,3,,,4,,2,,,6,,7,,,3,,1,,,3,1,,,,3412.47,1081.41,timeout,599.84,0.00,0.00,0.00,0.00,0.00,0.21,0.17,,0.00,0.06,0.05,0.00,0.23,0.17,0.05,0.00,0.00,0.00,0.00,,0.00
chc-lra-0105.smt2,,5,,128,1,46,,,2,1,26,25,,22,1134,,2576,1,3,12742,31,1803,,,1208,4664,1,,92,2092,1,48,20,,370.00,351.21,timeout,598.70,8.30,0.83,3.72,0.52,3.61,549.99,470.99,,4.00,0.00,0.00,0.71,585.69,194.76,390.82,4.18,14.94,278.56,1.07,0.00,0.01
chc-lra-0106.smt2,,,,111,,85,,,2,,23,22,,,1189,,2156,,55,9486,34,1676,,,1144,3273,,,48,1826,,,,,356.23,332.50,timeout,599.08,7.12,0.76,3.35,0.57,2.78,428.48,371.49,,2.87,0.00,0.00,0.59,460.25,117.93,342.25,3.61,14.41,252.31,1.11,,
chc-lra-0107.smt2,,,,118,,85,,,2,,25,24,,,1095,,2597,,10,13337,26,1619,,,1111,5814,,,60,1788,,,,,354.43,354.10,timeout,598.73,7.01,0.74,3.28,0.52,2.81,456.96,385.16,,3.75,0.00,0.00,0.62,488.82,171.45,317.28,3.71,13.44,228.49,1.04,,
chc-lra-0108.smt2,,,,28,,31,,,1,,32,31,,,898,,2467,,149,9310,25,1375,,,849,3920,,,10,1375,,,,,343.84,325.84,timeout,599.04,5.09,0.60,2.30,0.37,2.05,412.85,358.54,,1.92,0.00,0.00,0.55,434.69,86.03,348.55,2.88,8.93,285.63,0.57,,
chc-lra-0109.smt2,,1,,136,,144,,,2,1,24,23,,,1201,,2553,1,6,11577,24,1801,,,1164,4143,,,39,1903,,10,1,,387.25,379.22,timeout,598.68,8.04,0.90,3.74,0.58,3.28,468.71,406.41,,3.50,0.00,0.00,0.63,503.78,143.56,360.14,3.81,15.70,265.18,1.19,0.00,
chc-lra-0110.smt2,,1,,85,4,61,,,7,2,8,7,,,1244,,440,57,29,3972,,1464,,,1275,1178,4,110,,1426,4,238,206,,467.72,457.43,timeout,598.69,11.72,3.02,6.98,0.58,3.23,448.56,399.66,,3.36,0.00,0.00,0.46,488.77,125.23,363.51,3.94,15.98,281.39,2.85,0.00,0.03
chc-lra-0111.smt2,,,,1,,1,,,1,,28,27,,,985,,1584,,3,9959,16,1395,,,1127,4274,,,,1381,,,,,346.03,338.04,timeout,599.24,5.73,0.73,2.60,0.40,2.36,413.55,359.61,,2.41,0.00,0.00,0.65,437.19,129.57,307.53,3.20,9.66,244.50,0.07,,
chc-lra-0112.smt2,,,,96,58,54,,8,7,1,12,12,,,98,,87,5,198,1028,2,399,,,352,750,58,,1,379,58,5,5,,349.64,231.29,sat,21.37,3.92,1.19,2.47,0.17,1.05,14.93,10.30,,0.04,0.00,0.00,0.18,21.00,2.56,18.39,0.63,0.70,8.03,0.20,0.00,0.10
chc-lra-0113.smt2,,,,11,,19,,,1,,26,25,,,1071,,1363,,2,12455,25,1539,,,1271,7274,,,3,1529,,,,,347.41,345.55,timeout,598.86,7.75,0.86,3.25,0.44,3.61,497.04,434.91,,2.51,0.00,0.00,0.68,526.67,168.22,358.36,3.99,12.01,278.75,0.43,,
chc-lra-0114.smt2,,3,,120,76,73,,10,5,1,14,14,,,141,,115,5,315,1836,10,585,,,540,1322,76,,1,558,76,2,5,,529.40,332.12,sat,49.30,7.50,2.18,4.69,0.32,2.02,36.70,27.02,,0.10,0.00,0.00,0.30,48.45,7.45,40.94,1.18,1.70,19.26,0.39,0.00,0.15
chc-lra-0115.smt2,,,,,,,,,,,28,27,,,1072,,754,,,8416,3,1679,,,1354,4516,,,,1663,,,,,359.72,359.38,timeout,598.74,8.47,0.84,3.79,0.55,3.60,389.48,331.80,,1.22,0.01,0.00,0.74,418.12,93.45,324.58,4.47,11.76,244.41,0.00,,
chc-lra-0116.smt2,,20,,182,118,86,,11,10,1,15,15,,,126,,84,8,325,1947,10,661,,,631,1372,118,,,626,118,,8,,565.16,346.27,sat,62.50,8.34,2.09,4.93,0.35,2.55,48.28,35.43,,0.10,0.00,0.00,0.38,61.62,9.55,52.02,1.50,1.75,25.00,0.48,0.00,0.26
chc-lra-0117.smt2,,,,18,,15,,,,,28,27,,,899,,966,,76,5125,26,1245,,,1107,2269,,,13,1269,,,,,341.34,320.64,timeout,599.06,6.97,0.79,3.04,0.42,3.11,363.04,324.18,,0.88,0.01,0.00,0.62,384.38,61.96,322.33,3.59,7.50,265.09,0.15,,
chc-lra-0118.smt2,,,,,,,,,,,27,26,,,910,,566,,1,7691,4,1306,,,1086,3890,,,,1297,,,,,360.20,359.85,timeout,598.42,6.60,0.71,2.74,0.40,3.09,270.75,238.36,,1.66,0.01,0.00,0.66,293.17,98.41,194.68,3.97,8.20,142.74,0.00,,
chc-lra-0119.smt2,,,,,,,,4,,1,10,10,,1,61,,86,1,89,794,10,164,,,69,523,2,,,153,2,,2,2,199.52,122.13,sat,5.31,0.82,0.07,0.31,0.04,0.42,3.56,2.81,,0.02,0.01,0.00,0.06,5.06,0.88,4.15,0.34,0.13,2.12,0.01,0.00,0.00
chc-lra-0120.smt2,7,,,,,,,,,,7,7,,,52,,28,,11,159,3,75,,,43,64,7,,,74,1,,,,129.36,70.31,unsat,1.75,0.30,0.03,0.11,0.02,0.16,1.03,0.82,,0.00,0.01,0.00,0.03,1.59,0.17,1.40,0.15,0.03,0.62,0.00,,0.03
chc-lra-0121.smt2,,,,,,,,,,,26,25,,,1050,,1624,,4,8123,17,1731,,,1384,2826,,,,1710,,,,,374.91,343.19,timeout,598.01,10.72,1.15,4.44,0.70,4.95,493.12,438.68,,2.48,0.01,0.00,1.06,528.94,124.47,404.38,6.08,13.64,313.99,0.00,,
chc-lra-0122.smt2,,,,1,,,,,,,25,24,,,1116,,1043,,6,5599,25,1517,,,1294,1683,,,1,1503,,,,,387.63,362.15,timeout,599.22,11.74,1.16,4.60,0.62,5.90,446.12,400.72,,1.88,0.01,0.00,1.04,481.02,100.52,380.41,6.32,12.33,297.61,0.08,,
chc-lra-0123.smt2,,,,,,,,,,,31,30,,,842,,746,,3,6988,6,1394,,,1208,4118,,,,1378,,,,,350.27,345.42,timeout,598.80,10.85,0.95,4.22,0.64,5.45,287.98,249.71,,0.81,0.01,0.00,0.89,316.59,57.34,259.15,5.87,8.84,191.90,0.00,,
chc-lra-0124.smt2,,,,6,,4,,,,1,30,29,,,1089,,2701,,53,8893,44,1624,,,1387,3188,,,3,1623,,4,2,,425.80,417.06,timeout,598.43,13.35,1.26,5.12,0.68,6.86,532.03,473.81,,2.61,0.01,0.01,1.19,571.61,117.21,454.29,7.58,13.03,355.05,0.16,0.00,
chc-lra-0125.smt2,,,,2,,3,,,,,32,31,,,911,,558,,118,6875,3,1231,,,992,4292,,,,1207,,,,,350.41,348.55,timeout,599.08,10.44,0.79,3.78,0.52,5.63,248.11,215.36,,0.66,0.01,0.01,0.92,274.54,53.25,221.19,6.01,7.24,162.73,0.02,,
chc-lra-0126.smt2,,,,21,,15,,,1,,26,25,,,1072,,1074,,2,6439,11,1597,,,1377,2403,,,10,1624,,,,,372.32,365.90,timeout,598.52,14.57,1.20,5.28,0.71,7.88,534.48,478.91,,1.84,0.01,0.01,1.35,575.48,121.66,453.73,9.13,12.29,353.67,0.28,,
chc-lra-0127.smt2,,,,,,,,,,,35,34,,,869,,847,,1,8000,12,1378,,,1223,4782,,,,1356,,,,,373.53,368.89,timeout,598.29,13.99,1.35,5.37,0.62,7.37,318.83,270.01,,1.03,0.01,0.01,1.25,351.82,84.01,267.70,7.93,7.66,190.53,0.00,,
chc-lra-0128.smt2,,,,16,,8,,,1,,27,26,,,1151,,1047,,1,6909,12,1713,,,1534,2455,,,9,1741,,,,,406.98,405.29,timeout,598.96,19.06,1.66,7.04,0.93,10.25,545.66,489.51,,2.35,0.02,0.01,1.57,595.37,133.02,462.25,10.82,14.31,350.34,0.32,,
chc-lra-0129.smt2,,,,1,,3,,,1,,35,34,,,698,,807,,,4751,3,1109,,,944,2253,,,,1087,,,,,460.65,460.38,timeout,598.56,11.33,0.92,3.87,0.57,6.39,165.33,144.39,,0.53,0.02,0.01,0.95,190.28,36.99,153.19,6.75,4.85,104.54,0.03,,
chc-lra-0130.smt2,,,,,,,,,,,28,27,,,857,,1148,,3,5067,15,1414,,,1205,1791,,,,1393,,,,,394.88,387.33,timeout,598.57,15.39,1.16,5.09,0.69,8.96,337.84,301.27,,0.95,0.02,0.01,1.27,373.47,61.45,311.92,9.31,7.94,236.98,0.00,,
chc-lra-0131.smt2,,,,,,,,,,,37,36,,,1315,,842,,245,15925,26,1669,,,1488,12127,,,,1652,,,,,531.42,528.88,timeout,598.23,23.27,1.82,8.59,1.06,12.70,538.00,465.72,,1.95,0.02,0.01,1.95,593.21,134.62,458.47,12.94,13.81,344.37,0.00,,
chc-lra-0132.smt2,,,,,,,,,,,27,26,,,1079,,812,,1,4512,9,1502,,,1298,1503,,,,1485,,,,,443.97,442.39,timeout,597.61,21.62,1.67,7.41,0.90,12.42,397.93,360.35,,1.14,0.02,0.01,1.48,444.94,73.18,371.67,11.61,10.43,279.70,0.03,,
chc-lra-0133.smt2,,,,,,,,,,,39,38,,,995,,1095,,1,10279,5,1500,,,1299,6566,,,,1481,,,,,453.54,451.79,timeout,598.50,19.89,1.38,6.49,0.97,11.63,352.92,310.33,,1.37,0.02,0.01,1.53,398.07,93.49,304.46,12.18,9.40,214.33,0.00,,
chc-lra-0134.smt2,,,,,,,,,,,30,29,,,1022,,2083,,,8650,15,1417,,,1219,3816,,,,1392,,,,,485.40,483.08,timeout,598.26,19.47,1.35,6.22,0.83,11.66,432.18,388.55,,2.08,0.02,0.02,1.46,478.24,106.68,371.46,12.41,9.65,282.33,0.14,,
chc-lra-ts-0000.smt2,,,,,,,,,,,1,1,,,3,,,,3,2,,4,,,3,2,,,,2,,,,,17.56,6.29,sat,0.02,0.00,0.00,0.00,0.00,0.00,0.00,0.00,,,0.00,0.00,0.00,0.01,0.00,0.00,0.00,0.00,0.00,0.00,,
chc-lra-ts-0001.smt2,,,,,,,,,,,1,1,,,3,,,,3,2,2,4,,,3,2,,,,2,,,,,17.56,6.26,sat,0.02,0.00,0.00,0.00,0.00,0.00,0.00,0.00,,,0.00,0.00,0.00,0.01,0.00,0.00,0.00,0.00,0.00,0.00,,
chc-lra-ts-0002.smt2,,,,,,,,,,,1,1,,,3,,,,3,2,2,4,,,3,2,,,,2,,,,,17.64,6.30,sat,0.02,0.00,0.00,0.00,0.00,0.00,0.00,0.00,,,0.00,0.00,0.00,0.01,0.00,0.00,0.00,0.00,0.00,0.00,,
chc-lra-ts-0003.smt2,,,,8,8,,,10,7,1,12,12,,9,23,,26,6,13,105,,43,,,21,66,15,,,31,14,,6,6,25.40,11.32,sat,0.22,0.01,0.00,0.00,0.00,0.00,0.05,0.02,,0.00,0.00,0.00,0.00,0.20,0.02,0.10,0.01,0.02,0.01,0.02,0.00,0.01
chc-lra-ts-0004.smt2,,,,,,,,,,,1,1,,,2,,,,2,1,,3,,,2,1,,,,1,,,,,17.40,6.24,sat,0.01,0.00,0.00,0.00,0.00,0.00,0.00,0.00,,,0.00,0.00,0.00,0.00,0.00,0.00,0.00,0.00,0.00,0.00,,
chc-lra-ts-0005.smt2,,,,,,,,,,,2,2,,,3,,,,3,3,,6,,,3,1,,,,3,,,,,17.80,6.40,sat,0.02,0.00,0.00,0.00,0.00,0.00,0.00,0.00,,,0.00,0.00,0.00,0.01,0.00,0.01,0.00,0.00,0.00,0.00,,
chc-lra-ts-0006.smt2,,,1,,,,,,2,,4,4,,,3,,4,,6,11,,16,,3,7,1,,,,10,,,,,18.72,7.00,sat,0.05,0.00,0.00,0.00,0.00,0.00,0.01,0.00,,0.00,0.00,0.00,0.00,0.04,0.00,0.02,0.00,0.00,0.00,0.00,,
chc-lra-ts-0007.smt2,,173,,18,18,,,76,127,2,130,130,,3482,207,,3865,3,131,7692,,3746,3422,,136,3349,,3422,3,3615,,20,23,,428.52,313.55,sat,88.14,3.09,0.89,1.44,0.71,0.45,49.77,7.87,,0.24,0.00,0.00,1.04,87.76,21.28,65.78,2.66,7.38,0.73,21.63,0.02,0.01
chc-lra-ts-0008.smt2,,,,,,,,,,,2,2,,,3,,,,3,3,,6,,,3,1,,,,3,,,,,17.80,6.40,sat,0.02,0.00,0.00,0.00,0.00,0.00,0.00,0.00,,,0.00,0.00,0.00,0.01,0.00,0.01,0.00,0.00,0.00,0.00,,
chc-lra-ts-0009.smt2,,,,,,,,1,,,2,2,,,3,,,,2,3,,5,,,2,1,,,,2,,,,,17.80,6.41,sat,0.03,0.00,0.00,0.00,0.00,0.00,0.00,0.00,,,0.00,0.00,0.00,0.02,0.00,0.01,0.00,0.00,0.00,0.00,,
chc-lra-ts-0010.smt2,,30,,25,21,2,,13,7,1,13,13,,34,17,,34,20,19,232,7,83,,,42,148,21,,,68,21,31,20,,36.96,19.76,sat,0.38,0.03,0.01,0.01,0.00,0.01,0.13,0.05,,0.00,0.00,0.00,0.01,0.36,0.06,0.24,0.02,0.03,0.02,0.04,0.00,0.01
chc-lra-ts-0011.smt2,,30,,25,21,2,,13,7,1,13,13,,34,17,,34,20,19,232,7,83,,,42,148,21,,,68,21,31,20,,36.96,19.76,sat,0.39,0.03,0.01,0.01,0.00,0.01,0.14,0.06,,0.00,0.00,0.00,0.01,0.37,0.07,0.25,0.02,0.03,0.02,0.05,0.00,0.01
chc-lra-ts-0012.smt2,,,,2,,2,,2,2,,4,4,,1,12,,7,,8,33,,17,,,9,18,,,,12,,,,,20.72,8.40,sat,0.06,0.01,0.00,0.00,0.00,0.00,0.02,0.01,,0.00,0.00,0.00,0.00,0.05,0.01,0.03,0.00,0.00,0.00,0.00,,
chc-lra-ts-0013.smt2,,,1,,,,,,2,,5,5,,,3,,6,,9,23,,22,,3,11,5,,,,15,,,,,20.16,7.82,sat,0.07,0.01,0.00,0.00,0.00,0.00,0.02,0.01,,0.00,0.00,0.00,0.00,0.05,0.01,0.03,0.00,0.01,0.00,0.00,,
chc-lra-ts-0014.smt2,,,,,,,10,,,,1,1,,,2,,,,,,,2,,,3,,,,,11,,,,,16.12,6.13,unknown,0.02,0.00,0.00,0.00,0.00,0.00,0.01,0.00,0.00,,0.00,0.00,0.00,0.01,,0.01,0.00,0.00,0.00,0.00,,0.00
chc-lra-ts-0015.smt2,,,,,,,,1,,,2,2,,,3,,,,2,2,,5,,,2,,,,,2,,,,,17.88,6.43,sat,0.02,0.00,0.00,0.00,0.00,0.00,0.00,0.00,,,0.00,0.00,0.00,0.01,0.00,0.01,0.00,0.00,0.00,0.00,,
chc-lra-ts-0016.smt2,,,,17,10,12,,11,1,,12,12,,,17,,11,,14,118,,43,,,26,83,,,,28,,,,,27.16,13.32,sat,0.19,0.02,0.00,0.01,0.00,0.00,0.06,0.03,,0.00,0.00,0.00,0.00,0.17,0.03,0.10,0.01,0.01,0.02,0.01,,0.00
chc-lra-ts-0017.smt2,,,,3,3,,,1,1,,4,4,,,4,,3,,4,8,,12,,,7,1,2,,,7,2,,,,20.16,7.72,sat,0.05,0.00,0.00,0.00,0.00,0.00,0.01,0.00,,0.00,0.00,0.00,0.00,0.04,0.00,0.02,0.00,0.00,0.00,0.00,,0.00
chc-lra-ts-0018.smt2,,173,,18,18,,,76,127,2,130,130,,3485,207,,3813,3,131,7535,1,3745,3423,,136,3296,18,3423,3,3615,18,20,23,,429.40,313.79,sat,89.04,3.85,0.96,1.69,0.85,0.74,49.68,8.01,,0.22,0.00,0.00,1.06,88.66,21.03,66.96,2.79,7.40,0.76,21.66,0.02,0.01
chc-lra-ts-0019.smt2,,,,,,,,1,3,1,3,3,,,4,,3,3,9,17,,19,,,11,8,,,,13,,6,6,,21.56,8.52,sat,0.07,0.01,0.00,0.00,0.00,0.00,0.02,0.01,,0.00,0.00,0.00,0.00,0.06,0.00,0.05,0.00,0.00,0.01,0.01,0.00,
chc-lra-ts-0020.smt2,,1003,,180,32,142,,54,39,1,54,54,,827,126,,106,,67,5172,13,660,,,221,3929,32,,1,567,32,461,483,,331.84,227.00,sat,15.08,0.57,0.13,0.25,0.07,0.15,11.49,3.23,,0.23,0.00,0.00,0.09,14.88,8.78,5.83,0.37,0.44,0.29,0.82,0.00,0.02
chc-lra-ts-0021.smt2,,,,11,11,,,12,1,,13,13,,,27,,33,,13,145,,49,,,14,78,,,,35,,,,,30.80,15.17,sat,0.25,0.02,0.01,0.01,0.00,0.00,0.09,0.05,,0.00,0.00,0.00,0.01,0.23,0.03,0.15,0.01,0.02,0.04,0.02,,0.00
chc-lra-ts-0022.smt2,,26,,45,20,23,,15,9,1,15,15,,34,26,,44,15,19,378,7,85,,,45,265,20,,,67,20,22,21,,42.76,23.17,sat,0.50,0.04,0.01,0.02,0.00,0.01,0.20,0.08,,0.00,0.00,0.00,0.01,0.48,0.11,0.30,0.02,0.05,0.02,0.06,0.00,0.01
chc-lra-ts-0023.smt2,,,,,,,,,,,2,2,,,4,,,,4,6,,7,,,4,4,,,,4,,,,,18.76,6.84,sat,0.03,0.00,0.00,0.00,0.00,0.00,0.01,0.00,,,0.00,0.00,0.00,0.01,0.00,0.01,0.00,0.00,0.00,0.00,,
chc-lra-ts-0024.smt2,,,,,,,,3,,,4,4,,,8,,4,,5,26,,12,,,5,13,,,,8,,,,,19.92,7.85,sat,0.05,0.00,0.00,0.00,0.00,0.00,0.01,0.01,,0.00,0.00,0.00,0.00,0.03,0.01,0.02,0.00,0.00,0.00,0.00,,
chc-lra-ts-0025.smt2,,12724,69,,,,,,159,,162,161,,,162,,12878,,,13045,,13041,,12734,182,3,,,,12880,,,,,223.12,205.16,timeout,595.28,12.35,4.17,7.56,0.70,2.14,527.94,177.86,,1.26,0.00,0.00,2.86,587.89,5.78,581.49,12.81,9.78,85.81,12.74,,
chc-lra-ts-0026.smt2,,,,,,,,3,,,4,4,,,8,,5,,5,26,,12,,,5,13,,,,8,,,,,20.28,8.09,sat,0.05,0.00,0.00,0.00,0.00,0.00,0.02,0.01,,0.00,0.00,0.00,0.00,0.04,0.01,0.02,0.00,0.00,0.01,0.00,,
chc-lra-ts-0027.smt2,,,9,,,,,3,3,2,5,5,,,12,,6,3,27,80,,48,,4,37,52,1,2,,30,1,6,5,1,34.40,16.00,sat,0.27,0.03,0.01,0.01,0.01,0.01,0.12,0.07,,0.00,0.00,0.00,0.00,0.25,0.03,0.20,0.01,0.03,0.05,0.02,0.00,0.00
chc-lra-ts-0028.smt2,,,5,1,1,,,1,3,,5,5,,,5,,5,,15,42,2,31,,6,18,17,,,,21,,,,,22.76,9.59,sat,0.10,0.01,0.00,0.00,0.00,0.00,0.03,0.01,,0.00,0.00,0.00,0.00,0.09,0.01,0.06,0.00,0.01,0.00,0.00,,0.00
chc-lra-ts-0029.smt2,,1604,,105,36,113,,99,51,1,102,102,,2207,298,,591,1148,128,18953,102,1644,,230,410,14135,236,,18,1571,172,1480,1253,136,957.00,619.52,sat,260.05,3.00,0.63,1.41,0.49,0.70,244.08,47.39,,1.27,0.00,0.00,0.45,259.43,202.11,56.81,1.62,2.06,2.24,4.06,0.01,2.86
chc-lra-ts-0030.smt2,,389,1071,186,160,,,,14,3,64,63,9,96,748,,578,14,,12359,144,1219,,482,1215,5602,,85,28,1411,,61,120,77,543.63,543.04,timeout,599.01,1.49,0.45,0.77,0.32,0.21,423.54,360.16,,5.19,0.00,0.00,0.45,443.81,211.29,232.22,2.87,4.30,82.11,2.71,0.00,28.05
chc-lra-ts-0031.smt2,,,,,,,10,,,,1,1,,,1,,,,,,,1,,,2,,,,,10,,,,,16.20,6.21,unknown,0.02,0.00,0.00,0.00,0.00,0.00,0.01,0.00,0.00,,0.00,0.00,0.00,0.01,,0.01,0.00,0.00,,,,0.00
chc-lra-ts-0032.smt2,,,,,,,,,,1,2,2,,,3,,,2,9,9,,15,,,11,4,,,,10,,4,2,,21.64,8.62,sat,0.06,0.00,0.00,0.00,0.00,0.00,0.02,0.01,,0.00,0.00,0.00,0.00,0.04,0.00,0.04,0.00,0.00,0.01,0.00,0.00,
chc-lra-ts-0033.smt2,,,,,,,10,,,,1,1,,,1,,,,,,,1,,,2,,,,,10,,,,,16.20,6.21,unknown,0.02,0.00,0.00,0.00,0.00,0.00,0.01,0.00,0.00,,0.00,0.00,0.00,0.01,,0.01,0.00,0.00,,,,0.00
chc-lra-ts-0034.smt2,,,,7,4,7,,5,4,1,8,8,,1,10,,14,2,19,78,,31,,,16,50,4,,,19,4,3,2,,25.04,10.89,sat,0.14,0.02,0.00,0.01,0.00,0.00,0.04,0.02,,0.00,0.00,0.00,0.00,0.12,0.02,0.08,0.00,0.01,0.01,0.01,0.00,0.00
chc-lra-ts-0035.smt2,2,,,,,,,,,,2,2,,,5,,,,,3,,7,,,5,,2,,,6,1,,,,28.00,6.88,unsat,0.04,0.00,0.00,0.00,0.00,0.00,0.01,0.00,,,0.00,0.00,0.00,0.02,0.00,0.01,0.00,0.00,0.00,0.00,,0.00
chc-lra-ts-0036.smt2,,,12,6,,8,,2,2,,5,5,,,14,,6,,28,81,3,45,,3,35,50,,,,24,,,,,31.08,14.93,sat,0.21,0.02,0.01,0.01,0.00,0.00,0.09,0.05,,0.00,0.00,0.00,0.00,0.18,0.03,0.13,0.01,0.02,0.03,0.01,,
chc-lra-ts-0037.smt2,,,,,,,,,,,1,1,,,2,,,,2,1,,3,,,2,1,,,,1,,,,,18.04,6.63,sat,0.02,0.00,0.00,0.00,0.00,0.00,0.00,0.00,,,0.00,0.00,0.00,0.01,0.00,0.00,0.00,0.00,0.00,0.00,,
chc-lra-ts-0038.smt2,,,,1,,2,,,1,,157,156,,,168,12087,12245,,3,13949,1,12259,,,164,772,,,,12101,,,,,179.92,173.77,timeout,595.47,9.04,2.32,4.64,0.58,1.42,526.45,176.52,,0.72,0.00,0.00,6.56,593.93,6.96,586.36,16.18,12.66,159.25,17.42,,
chc-lra-ts-0039.smt2,,,,,,,,,,,1,1,,,3,,,,3,2,2,4,,,3,2,,,,2,,,,,18.92,6.95,sat,0.02,0.00,0.00,0.00,0.00,0.00,0.00,0.00,,,0.00,0.00,0.00,0.01,0.00,0.01,0.00,0.00,0.00,0.00,,
chc-lra-ts-0040.smt2,,,,,,,,,,,2,2,,,3,,,,3,3,,6,,,3,1,,,,3,,,,,18.68,6.98,sat,0.02,0.00,0.00,0.00,0.00,0.00,0.00,0.00,,,0.00,0.00,0.00,0.01,0.00,0.01,0.00,0.00,0.00,0.00,,
chc-lra-ts-0041.smt2,,,,,,,,200,1,,201,201,,,203,198,199,,3,602,,804,,,403,2,,,,602,,,,,119.44,65.71,sat,7.55,0.40,0.06,0.13,0.10,0.08,3.47,1.15,,0.05,0.00,0.00,0.35,7.51,0.65,6.16,0.98,1.26,0.36,0.16,,
chc-lra-ts-0042.smt2,,,,,,,,1,,,2,2,,,3,,,,2,2,,5,,,2,,,,,2,,,,,19.20,7.26,sat,0.02,0.00,0.00,0.00,0.00,0.00,0.01,0.00,,,0.00,0.00,0.00,0.01,0.00,0.01,0.00,0.00,0.00,0.00,,
chc-lra-ts-0043.smt2,12,,,9,9,,,,9,1,12,12,,,24,,10,7,,22,,36,,,28,,15,,,28,10,8,7,,35.68,11.65,unsat,0.21,0.02,0.00,0.01,0.00,0.01,0.05,0.03,,0.00,0.00,0.00,0.01,0.18,0.01,0.13,0.01,0.01,0.01,0.02,0.00,0.01
chc-lra-ts-0044.smt2,,,,,,,,,,,1,1,,,2,,,,2,1,,3,,,2,1,,,,1,,,,,17.88,6.45,sat,0.02,0.00,0.00,0.00,0.00,0.00,0.00,0.00,,,0.00,0.00,0.00,0.01,0.00,0.00,0.00,0.00,0.00,0.00,,
chc-lra-ts-0045.smt2,,,,,,,,2,,,3,3,,,5,,2,,3,6,,9,,,3,,,,,5,,,,,19.08,7.04,sat,0.03,0.00,0.00,0.00,0.00,0.00,0.01,0.00,,0.00,0.00,0.00,0.00,0.02,0.00,0.01,0.00,0.00,0.00,0.00,,
chc-lra-ts-0046.smt2,3,,,1,1,,,,1,,3,3,,,6,,2,,1,9,,9,,,6,1,4,,,8,2,,,,29.40,7.67,unsat,0.05,0.00,0.00,0.00,0.00,0.00,0.01,0.01,,0.00,0.00,0.00,0.00,0.03,0.00,0.02,0.00,0.00,0.00,0.00,,0.00
chc-lra-ts-0047.smt2,,,,4,4,,,5,8,3,7,7,8,16,41,1,84,16,47,307,2,134,,,85,104,18,8,,117,15,51,44,17,73.64,41.65,sat,1.54,0.23,0.08,0.13,0.02,0.05,0.79,0.51,,0.02,0.00,0.00,0.02,1.49,0.17,1.30,0.05,0.18,0.38,0.10,0.00,0.02
chc-lra-ts-0048.smt2,,,,,,,,1,,,2,2,,,3,,,,3,4,,6,,,3,2,,,,3,,,,,19.00,7.03,sat,0.03,0.00,0.00,0.00,0.00,0.00,0.01,0.00,,,0.00,0.00,0.00,0.02,0.00,0.01,0.00,0.00,0.00,0.00,,
chc-lra-ts-0049.smt2,,,,,,,,1,,,2,2,,,3,,,,2,3,,5,,,2,1,,,,2,,,,,18.88,7.00,sat,0.03,0.00,0.00,0.00,0.00,0.00,0.01,0.00,,,0.00,0.00,0.00,0.01,0.00,0.01,0.00,0.00,0.00,0.00,,
chc-lra-ts-0050.smt2,,,,,,,,,,,1,1,,,2,,,,2,1,,3,,,2,1,,,,1,,,,,17.92,6.50,sat,0.02,0.00,0.00,0.00,0.00,0.00,0.00,0.00,,,0.00,0.00,0.00,0.01,0.00,0.00,0.00,0.00,0.00,0.00,,
chc-lra-ts-0051.smt2,3,,,,,,,,,,3,3,,,6,,2,,,8,,9,,,5,,3,,,8,1,,,,28.92,7.65,unsat,0.05,0.00,0.00,0.00,0.00,0.00,0.01,0.01,,0.00,0.00,0.00,0.00,0.03,0.00,0.02,0.00,0.00,0.00,0.00,,0.00
chc-lra-ts-0052.smt2,,,,,,,,,,,2,2,,,3,,,,5,4,,8,,,5,2,,,,5,,,,,19.28,7.15,sat,0.03,0.00,0.00,0.00,0.00,0.00,0.01,0.00,,,0.00,0.00,0.00,0.02,0.00,0.01,0.00,0.00,0.00,0.00,,
chc-lra-ts-0053.smt2,,2012,,39,,,2079,,1,,102,102,,1980,102,,100,,,2138,,2139,,,104,,,,4,2148,,,,,148.56,108.34,unknown,14.74,1.51,0.35,0.83,0.21,0.27,8.06,0.05,3.31,0.00,0.00,0.00,0.39,14.68,1.75,12.52,1.01,1.23,0.00,1.55,,0.03
chc-lra-ts-0054.smt2,,102,10,58,7,50,,4,4,,18,18,,34,37,,101,,135,778,3,287,,66,248,365,7,,5,257,7,,,,104.80,60.35,sat,2.89,0.22,0.06,0.09,0.04,0.06,1.66,0.97,,0.04,0.00,0.00,0.05,2.76,0.54,2.16,0.17,0.29,0.42,0.16,,0.01
chc-lra-ts-0055.smt2,,,,,,,,1,,,2,2,,,5,,,,4,6,1,8,,,4,2,,,,5,,,,,19.00,7.07,sat,0.03,0.00,0.00,0.00,0.00,0.00,0.01,0.00,,0.00,0.00,0.00,0.00,0.02,0.00,0.01,0.00,0.00,0.00,0.00,,
chc-lra-ts-0056.smt2,,,1,11,9,2,,4,6,,8,8,,,25,,16,,26,80,1,53,,11,35,28,2,,,44,2,,,,33.32,16.17,sat,0.30,0.03,0.01,0.01,0.01,0.01,0.13,0.08,,0.00,0.00,0.00,0.01,0.28,0.04,0.21,0.02,0.03,0.04,0.02,,0.01
chc-lra-ts-0057.smt2,3,,,1,1,,,,1,,3,3,,,9,,1,,1,12,,12,,,8,4,3,,,10,2,,,,30.44,8.35,unsat,0.06,0.00,0.00,0.00,0.00,0.00,0.02,0.01,,0.00,0.00,0.00,0.00,0.04,0.00,0.03,0.00,0.00,0.00,0.00,,0.00
chc-lra-ts-0058.smt2,,,,,,,,2,,,3,3,,,6,,2,,9,23,,14,,,9,17,,,,10,,,,,20.60,8.16,sat,0.05,0.00,0.00,0.00,0.00,0.00,0.02,0.01,,0.00,0.00,0.00,0.00,0.04,0.01,0.03,0.00,0.00,0.00,0.00,,
chc-lra-ts-0059.smt2,3,,,,,,,,,,3,3,,,3,,1,,,4,,5,,,3,,3,,,4,1,,,,28.48,7.24,unsat,0.04,0.00,0.00,0.00,0.00,0.00,0.01,0.00,,0.00,0.00,0.00,0.00,0.02,0.00,0.01,0.00,0.00,0.00,0.00,,0.00
chc-lra-ts-0060.smt2,4,,,1,1,,,,1,,4,4,,,10,,3,,,12,,14,,,10,,4,,,13,1,,,,30.68,8.53,unsat,0.08,0.00,0.00,0.00,0.00,0.00,0.02,0.01,,0.00,0.00,0.00,0.00,0.06,0.00,0.03,0.00,0.00,0.00,0.00,,0.00
chc-lra-ts-0061.smt2,,,,,,,,1,,,2,2,,,4,,,,3,6,,6,,,3,3,,,,3,,,,,19.44,7.29,sat,0.03,0.00,0.00,0.00,0.00,0.00,0.01,0.00,,0.00,0.00,0.00,0.00,0.02,0.00,0.01,0.00,0.00,0.00,0.00,,
chc-lra-ts-0062.smt2,,,,,,,,,,,8562,8561,,,3,,17119,,,17122,,17123,,,2,,,,,8561,,,,,145.22,144.33,timeout,595.48,11.36,3.50,6.43,1.40,1.71,522.92,79.64,,0.15,0.00,0.00,1.09,595.42,0.76,564.92,2.20,0.63,100.96,0.01,,
chc-lra-ts-0063.smt2,,,5,,,,,5,1,,6,6,,,16,,7,,13,31,1,28,,1,13,14,,,,16,,,,,26.20,11.60,sat,0.14,0.02,0.00,0.01,0.00,0.00,0.06,0.03,,0.00,0.00,0.00,0.00,0.12,0.01,0.09,0.01,0.01,0.03,0.00,,
chc-lra-ts-0064.smt2,,,,11,7,4,,11,2,1,12,12,,,19,,18,1,7,89,,33,,,22,47,1,,2,29,1,3,1,,29.20,13.77,sat,0.20,0.01,0.00,0.01,0.00,0.00,0.07,0.04,,0.00,0.00,0.00,0.01,0.18,0.03,0.10,0.01,0.01,0.02,0.01,0.00,0.00
chc-lra-ts-0065.smt2,7,,,8,8,,,,1,,7,7,,,7,,10,,,17,,18,,,12,,7,,,17,1,,,,33.48,10.21,unsat,0.10,0.00,0.00,0.00,0.00,0.00,0.03,0.02,,0.00,0.00,0.00,0.00,0.08,0.00,0.05,0.00,0.00,0.00,0.00,,0.02
chc-lra-ts-0066.smt2,,,,6,6,,,9,2,,13,13,,,51,,110,,19,248,6,86,,,16,26,7,,,73,6,,,,78.64,42.21,sat,1.60,0.11,0.04,0.05,0.02,0.02,1.18,0.95,,0.03,0.00,0.00,0.02,1.54,0.29,1.20,0.05,0.06,0.72,0.01,,0.01
chc-lra-ts-0067.smt2,,,,,,,,2,,,4,4,,,7,,2,,3,10,,12,,,3,,,,,7,,,,,20.40,7.97,sat,0.05,0.00,0.00,0.00,0.00,0.00,0.01,0.01,,0.00,0.00,0.00,0.00,0.03,0.00,0.02,0.00,0.00,0.00,0.00,,
chc-lra-ts-0068.smt2,,,,,,,,1,,,2,2,,,3,,,,3,6,,6,,,3,3,,,,3,,,,,19.44,7.29,sat,0.03,0.00,0.00,0.00,0.00,0.00,0.01,0.00,,0.00,0.00,0.00,0.00,0.01,0.00,0.01,0.00,0.00,0.00,0.00,,
chc-lra-ts-0069.smt2,,,,,,,,1,,,2,2,,,6,,2,,4,9,,8,,,4,4,,,,5,,,,,19.44,7.39,sat,0.03,0.00,0.00,0.00,0.00,0.00,0.01,0.00,,0.00,0.00,0.00,0.00,0.02,0.00,0.01,0.00,0.00,0.00,0.00,,
chc-lra-ts-0070.smt2,,,,3,3,,25,,1,,7,7,,,9,,6,,,33,,24,,,11,5,,,,33,,,,,20.36,8.23,unknown,0.20,0.01,0.00,0.00,0.00,0.00,0.13,0.01,0.11,0.00,0.00,0.00,0.01,0.19,0.02,0.14,0.01,0.00,0.02,0.00,,0.03
chc-lra-ts-0071.smt2,,,,,,,,3,,,5,5,,,9,,3,,6,27,,18,,,5,12,,,,12,,,,,22.96,9.41,sat,0.08,0.01,0.00,0.00,0.00,0.00,0.02,0.01,,0.00,0.00,0.00,0.00,0.06,0.01,0.04,0.00,0.00,0.01,0.00,,
chc-lra-ts-0072.smt2,7,4,,21,11,10,,,1,,7,7,,,12,,18,,2,32,2,29,,,22,2,13,,,26,8,,,,33.28,10.07,unsat,0.15,0.01,0.00,0.00,0.00,0.00,0.04,0.02,,0.00,0.00,0.00,0.01,0.12,0.01,0.09,0.01,0.01,0.00,0.01,,0.01
chc-lra-ts-0073.smt2,18,20,,62,56,,,,1,,13,13,,41,46,,65,,,198,,105,,,42,39,66,,2,101,57,,,,57.28,24.47,unsat,0.78,0.12,0.03,0.05,0.02,0.04,0.33,0.21,,0.01,0.00,0.00,0.03,0.74,0.08,0.62,0.05,0.05,0.05,0.04,,0.06
chc-lra-ts-0074.smt2,,,,,,,,,,,1,1,,,2,,,,2,1,,3,,,2,1,,,,1,,,,,18.72,6.99,sat,0.02,0.00,0.00,0.00,0.00,0.00,0.00,0.00,,,0.00,0.00,0.00,0.01,0.00,0.00,0.00,0.00,0.00,0.00,,
chc-lra-ts-0075.smt2,,,,,,,,1,,,1,1,,,1,,,,1,,,2,,,1,,,,,,,,,,17.36,6.42,sat,0.01,0.00,0.00,0.00,0.00,0.00,0.00,,,,0.00,0.00,,0.00,0.00,0.00,,0.00,,,,
chc-lra-ts-0076.smt2,,,,,,,,,,,1,1,,,3,,,,3,2,,4,,,3,2,,,,2,,,,,19.00,7.05,sat,0.02,0.00,0.00,0.00,0.00,0.00,0.00,0.00,,,0.00,0.00,0.00,0.01,0.00,0.01,0.00,0.00,0.00,0.00,,
chc-lra-ts-0077.smt2,,,,,,,,4,1,,6,6,,,13,1,12,,10,56,1,30,,,9,21,,,,23,,,,,25.84,11.33,sat,0.13,0.02,0.00,0.01,0.00,0.00,0.05,0.03,,0.00,0.00,0.00,0.00,0.11,0.02,0.08,0.01,0.01,0.02,0.00,,
chc-lra-ts-0078.smt2,3,,,,,,,,,,3,3,,,3,,1,,,4,,5,,,4,,3,,,4,1,,,,30.12,7.99,unsat,0.04,0.00,0.00,0.00,0.00,0.00,0.01,0.00,,0.00,0.00,0.00,0.00,0.02,0.00,0.01,0.00,0.00,0.00,0.00,,0.00
chc-lra-ts-0079.smt2,,,,,,,,1,,,3,3,,,5,,2,,5,10,,10,,,4,4,,,,6,,,,,20.52,8.12,sat,0.04,0.00,0.00,0.00,0.00,0.00,0.01,0.00,,0.00,0.00,0.00,0.00,0.03,0.00,0.02,0.00,0.00,0.00,0.00,,
chc-lra-ts-0080.smt2,13,10,,11,11,,,,1,,13,13,,,13,,22,,,35,,36,,,15,,13,,,35,1,,,,34.68,10.79,unsat,0.18,0.01,0.00,0.00,0.00,0.00,0.05,0.03,,0.00,0.00,0.00,0.01,0.15,0.01,0.10,0.01,0.01,0.00,0.01,,0.02
chc-lra-ts-0081.smt2,,2,29,,,,,6,4,3,11,11,6,14,42,,78,11,84,597,8,151,,14,121,324,13,6,1,114,11,41,28,11,137.24,77.38,sat,3.68,0.27,0.08,0.12,0.05,0.08,2.69,2.06,,0.05,0.00,0.00,0.03,3.58,0.75,2.78,0.09,0.21,1.40,0.08,0.00,0.03
chc-lra-ts-0082.smt2,,,,,,,,1,,,2,2,,,5,,,,4,6,1,8,,,4,2,,,,5,,,,,19.56,7.38,sat,0.03,0.00,0.00,0.00,0.00,0.00,0.01,0.00,,0.00,0.00,0.00,0.00,0.02,0.00,0.01,0.00,0.00,0.00,0.00,,
chc-lra-ts-0083.smt2,3,,,,,,,,,,3,3,,,5,,1,,,6,,7,,,4,,3,,,6,1,,,,30.24,8.19,unsat,0.05,0.00,0.00,0.00,0.00,0.00,0.01,0.01,,0.00,0.00,0.00,0.00,0.03,0.00,0.02,0.00,0.00,0.00,0.00,,0.00
chc-lra-ts-0084.smt2,3,,,,,,,,,,3,3,,,5,,1,,,6,,7,,,4,,3,,,6,1,,,,30.12,8.05,unsat,0.05,0.00,0.00,0.00,0.00,0.00,0.01,0.01,,0.00,0.00,0.00,0.00,0.03,0.00,0.02,0.00,0.00,0.00,0.00,,0.00
chc-lra-ts-0085.smt2,4,,,2,2,,,,1,,4,4,,,4,,4,,,8,,9,,,6,,5,,,7,3,,,,30.20,8.14,unsat,0.06,0.00,0.00,0.00,0.00,0.00,0.01,0.01,,0.00,0.00,0.00,0.00,0.04,0.00,0.02,0.00,0.00,0.00,0.00,,0.00
chc-lra-ts-0086.smt2,3,,,,,,,,,,3,3,,,3,,1,,,4,,5,,,3,,3,,,4,1,,,,30.32,8.07,unsat,0.04,0.00,0.00,0.00,0.00,0.00,0.01,0.00,,0.00,0.00,0.00,0.00,0.02,0.00,0.01,0.00,0.00,0.00,0.00,,0.00
chc-lra-ts-0087.smt2,7,,,6,6,,,,1,,6,6,,,6,,10,,,16,,17,,,10,,9,,,13,7,,,,32.80,9.88,unsat,0.10,0.01,0.00,0.00,0.00,0.00,0.02,0.01,,0.00,0.00,0.00,0.01,0.07,0.00,0.05,0.00,0.00,0.00,0.00,,0.01
chc-lra-ts-0088.smt2,7,,,3,2,,,,1,,7,7,,,27,2,13,,1,83,,39,,,24,17,7,,1,40,3,,,,43.00,15.74,unsat,0.28,0.03,0.01,0.01,0.01,0.01,0.13,0.09,,0.00,0.00,0.00,0.01,0.25,0.04,0.18,0.02,0.02,0.05,0.00,,0.01
chc-lra-ts-0089.smt2,7,,,6,6,,,,1,,6,6,,,6,,10,,,16,,17,,,10,,9,,,13,7,,,,31.64,8.98,unsat,0.10,0.01,0.00,0.00,0.00,0.00,0.02,0.01,,0.00,0.00,0.00,0.01,0.07,0.00,0.05,0.00,0.00,0.00,0.00,,0.01
chc-lra-ts-0090.smt2,13,,,18,12,8,,,1,,12,12,,,21,,29,,,84,,43,,,33,26,13,,4,57,3,,,,38.80,13.82,unsat,0.26,0.02,0.00,0.01,0.00,0.01,0.08,0.05,,0.00,0.00,0.00,0.02,0.22,0.02,0.16,0.02,0.02,0.01,0.01,,0.02
chc-lra-ts-0091.smt2,7,,,7,6,2,,,1,,7,7,,,7,,8,,,22,,19,,,14,4,7,,,17,2,,,,33.40,10.18,unsat,0.11,0.01,0.00,0.00,0.00,0.00,0.03,0.02,,0.00,0.00,0.00,0.01,0.08,0.00,0.06,0.01,0.00,0.00,0.00,,0.01
chc-lra-ts-0092.smt2,13,25,,27,14,13,,,8,2,11,11,,2,43,,12,8,8,33,,62,,,70,5,30,5,,61,21,5,13,8,43.40,15.92,unsat,0.40,0.04,0.01,0.01,0.01,0.01,0.14,0.08,,0.00,0.00,0.00,0.02,0.36,0.01,0.32,0.03,0.03,0.03,0.05,0.00,0.03
chc-lra-ts-0093.smt2,,,,,,,,,,,1,1,,,3,,,,3,2,,4,,,3,2,,,,2,,,,,19.60,7.35,sat,0.02,0.00,0.00,0.00,0.00,0.00,0.00,0.00,,,0.00,0.00,0.00,0.01,0.00,0.01,0.00,0.00,0.00,0.00,,
chc-lra-ts-0094.smt2,,,,,,,,,,,1,1,,,3,,,,3,2,,4,,,3,2,,,,2,,,,,19.56,7.34,sat,0.02,0.00,0.00,0.00,0.00,0.00,0.00,0.00,,,0.00,0.00,0.00,0.01,0.00,0.01,0.00,0.00,0.00,0.00,,
chc-lra-ts-0095.smt2,,,,4,3,,26,,1,,7,7,,,10,,5,,,29,,23,,,11,3,,,,32,,,,,21.80,8.89,unknown,0.34,0.01,0.00,0.00,0.00,0.00,0.25,0.01,0.22,0.00,0.00,0.00,0.01,0.33,0.07,0.23,0.02,0.00,0.05,0.00,,0.02
chc-lra-ts-0096.smt2,4,,,1,1,,,,1,,4,4,,,4,,2,,,6,,7,,,5,,4,,,6,1,,,,33.56,9.82,unsat,0.06,0.00,0.00,0.00,0.00,0.00,0.01,0.01,,0.00,0.00,0.00,0.00,0.04,0.00,0.02,0.00,0.00,0.00,0.00,,0.01
chc-lra-ts-0097.smt2,4,,,,,,,,,,4,4,,,14,,2,,1,20,,17,,,11,4,4,,,16,1,,,,37.36,12.00,unsat,0.13,0.01,0.00,0.00,0.00,0.00,0.06,0.04,,0.00,0.00,0.00,0.00,0.10,0.01,0.08,0.01,0.00,0.02,0.00,,0.01
chc-lra-ts-0098.smt2,13,2,,22,18,13,,,2,,13,13,,,18,,30,,,103,,53,,,39,41,14,,1,55,5,,,,53.60,22.40,unsat,0.46,0.04,0.01,0.01,0.01,0.01,0.20,0.13,,0.00,0.00,0.00,0.02,0.40,0.04,0.31,0.03,0.01,0.05,0.01,,0.06
chc-lra-ts-0099.smt2,10,,,14,9,5,,,1,,9,9,,,10,,12,,1,38,,27,,,21,10,12,,,27,4,,,,57.96,23.84,unsat,0.36,0.02,0.00,0.01,0.00,0.01,0.17,0.12,,0.00,0.00,0.00,0.02,0.29,0.02,0.24,0.02,0.01,0.03,0.01,,0.08
chc-lra-ts-0100.smt2,,8,,37,,31,,,2,1,40,39,,,729,214,1390,38,85,12562,91,1155,,14,1035,6721,,,8,1150,,171,38,,394.29,388.30,timeout,598.94,3.56,1.30,2.15,0.45,0.61,387.22,324.51,,3.88,0.00,0.00,0.57,409.74,170.01,239.57,2.29,8.49,179.13,1.70,0.00,
chc-lra-ts-0101.smt2,,,,2,2,,,3,1,1,4,4,,,341,,2,2,527,1091,,547,,,542,1082,,,,542,,,2,2,691.92,469.04,sat,72.29,3.30,1.48,2.20,0.27,0.63,61.54,45.41,,0.00,0.00,0.00,0.14,69.45,7.26,62.18,0.85,2.87,44.84,0.05,0.00,0.01
chc-lra-ts-0102.smt2,,,,2,2,,,3,3,1,4,4,,,694,,3,7,1045,2099,,1064,,,1059,2090,8,,,1059,8,,7,6,1368.12,875.58,sat,268.91,6.06,2.07,3.57,0.52,1.53,235.57,185.43,,0.01,0.00,0.00,0.27,257.99,23.30,234.68,2.36,11.96,179.72,0.10,0.00,0.02
chc-lra-ts-0103.smt2,,,,1,1,,,,1,,4,3,,,4,,2,,,6,,7,,,3,,1,,,3,1,,,,323.94,313.14,timeout,598.92,0.00,0.00,0.00,0.00,0.00,0.01,0.01,,0.00,0.00,0.00,0.00,0.03,0.01,0.02,0.00,0.00,0.00,0.00,,0.00
chc-lra-ts-0104.smt2,,,,1,1,,,3,3,1,4,4,,,174,,2,7,286,596,,306,,,303,587,7,,,301,7,,7,6,291.96,175.60,sat,22.11,0.65,0.16,0.30,0.07,0.22,19.23,15.62,,0.00,0.00,0.00,0.07,21.37,1.30,20.06,0.34,0.76,14.83,0.03,0.00,0.01
chc-lra-ts-0105.smt2,4,,,1,1,,,,1,,4,4,,,11,,2,,,6,,19,,,18,,5,,,18,2,,,,46.72,16.74,unsat,0.21,0.01,0.00,0.00,0.00,0.01,0.12,0.10,,0.00,0.00,0.00,0.01,0.18,0.00,0.16,0.01,0.00,0.07,0.00,,0.02
chc-lra-ts-0106.smt2,,,,2,2,,,3,1,,4,4,,,91,,2,,129,284,,146,,,140,275,2,,,141,2,,,,129.16,76.02,sat,3.55,0.30,0.08,0.14,0.03,0.11,2.60,1.61,,0.00,0.00,0.00,0.04,3.31,0.40,2.90,0.14,0.14,1.47,0.01,,0.01
chc-lra-ts-0107.smt2,,,,2,2,,,3,1,,4,4,,,83,,2,,102,206,,113,,,107,197,2,,,108,2,,,,108.96,66.93,sat,2.36,0.23,0.06,0.11,0.02,0.07,1.66,1.01,,0.00,0.00,0.00,0.03,2.18,0.27,1.89,0.10,0.09,0.91,0.00,,0.00
chc-lra-ts-0108.smt2,,,,2,2,,,3,1,,4,4,,,212,,2,,295,603,,316,,,310,594,2,,,311,2,,,,401.88,262.91,sat,23.99,2.05,0.80,1.33,0.15,0.44,18.78,12.89,,0.00,0.00,0.00,0.08,22.56,2.16,20.39,0.45,0.85,12.90,0.02,,0.00
chc-lra-ts-0109.smt2,,,,2,2,,,3,1,1,4,4,,,560,,2,1,1131,2314,,1150,,,1145,2305,3,,,1145,3,,1,1,1343.28,934.02,sat,305.52,12.86,5.80,9.04,0.49,2.65,262.86,193.90,,0.01,0.00,0.00,0.33,294.95,30.67,264.27,3.16,13.75,189.57,0.09,0.00,0.01
chc-lra-ts-0110.smt2,,,,2,2,,,3,1,1,4,4,,,395,,3,3,1031,2135,,1055,,,1050,2126,5,,,1050,5,,3,3,1304.44,913.17,sat,331.49,12.42,5.15,8.63,0.67,2.36,293.64,229.50,,0.01,0.00,0.00,0.33,322.75,20.41,302.32,2.65,11.85,230.02,0.10,0.00,0.02
chc-lra-ts-0111.smt2,,,,2,2,,,3,1,,4,4,,,272,,3,,442,932,,463,,,457,923,2,,,458,2,,,,510.56,334.12,sat,46.36,3.46,1.38,2.25,0.20,0.79,37.11,25.60,,0.00,0.00,0.00,0.13,44.05,4.81,39.23,0.74,2.06,25.55,0.02,,0.00
chc-lra-ts-0112.smt2,,,,15,6,3,,10,3,1,16,16,,,89,1,59,2,96,1021,4,184,,,141,675,6,,6,190,6,1,2,,176.76,117.09,sat,4.83,0.39,0.09,0.18,0.04,0.13,3.52,2.50,,0.05,0.00,0.00,0.04,4.62,1.41,3.14,0.15,0.22,1.65,0.03,0.00,0.00
chc-lra-ts-0113.smt2,,2,,54,14,40,,14,5,2,22,22,,6,206,,489,17,236,4265,,477,,,417,2794,14,12,24,533,14,18,36,12,588.16,360.52,sat,54.25,2.00,0.49,1.00,0.17,0.69,47.34,36.43,,0.48,0.00,0.00,0.14,53.47,19.15,34.23,0.70,1.72,23.02,0.29,0.00,0.06
chc-lra-ts-0114.smt2,3,,,,,,,,,,3,3,,,7,,2,,1,8,1,10,,,6,2,3,,,9,1,,,,34.28,10.96,unsat,0.06,0.00,0.00,0.00,0.00,0.00,0.01,0.01,,0.00,0.00,0.00,0.00,0.03,0.00,0.02,0.00,0.00,0.00,0.00,,0.00
chc-lra-ts-0115.smt2,,,,2,2,,,3,3,1,4,4,,,778,,3,2,1652,3359,,1675,,,1671,3350,3,,,1670,3,,2,1,1812.24,1193.72,sat,558.45,36.29,16.60,26.81,1.01,6.57,461.90,326.33,,0.01,0.00,0.00,0.59,538.50,55.92,482.57,6.29,30.07,321.16,0.33,0.00,0.01
chc-lra-ts-0116.smt2,,,,1,1,,,,1,,4,3,,,4,,2,,,6,,7,,,3,,1,,,3,1,,,,351.97,349.73,timeout,598.41,0.00,0.00,0.00,0.00,0.00,0.02,0.01,,0.00,0.00,0.00,0.00,0.03,0.01,0.02,0.00,0.00,0.00,0.00,,0.00
chc-lra-ts-0117.smt2,,,,2,2,,,3,1,,4,4,,,395,,3,,679,1422,,700,,,694,1413,2,,,695,2,,,,832.88,557.35,sat,123.53,6.81,2.69,4.41,0.45,1.52,104.74,79.29,,0.00,0.00,0.00,0.25,119.56,10.83,108.72,1.66,5.15,76.40,0.04,,0.02
chc-lra-ts-0118.smt2,,,,6,4,4,,3,1,,7,7,,,35,,18,,49,147,1,87,,,47,78,4,,,77,4,,,,63.32,36.72,sat,0.94,0.22,0.07,0.13,0.01,0.07,0.48,0.31,,0.00,0.00,0.00,0.02,0.89,0.09,0.77,0.05,0.05,0.26,0.01,,0.00
chc-lra-ts-0119.smt2,,,,,,,,4,,,9,9,,,29,,40,,26,223,1,47,,,32,132,,,,40,,,,,45.32,23.94,sat,0.39,0.04,0.00,0.01,0.00,0.02,0.22,0.13,,0.00,0.00,0.00,0.01,0.35,0.10,0.22,0.03,0.01,0.07,0.00,,
chc-lra-ts-0120.smt2,,6,,92,27,65,,,7,1,24,23,,1,860,,291,10,13,11495,,1045,,,912,8906,27,,25,1107,27,12,14,,469.67,455.66,timeout,599.53,8.20,2.10,4.52,0.64,2.49,555.39,433.28,,2.34,0.00,0.00,0.31,587.48,247.92,339.42,2.47,14.82,267.35,0.70,0.00,0.06
chc-lra-ts-0121.smt2,,,,1,1,,,,1,,4,3,,,4,,2,,,6,,7,,,3,,1,,,3,1,,,,375.04,371.00,timeout,598.95,0.00,0.00,0.00,0.00,0.00,0.02,0.01,,0.00,0.00,0.00,0.00,0.03,0.01,0.02,0.00,0.00,0.00,0.00,,0.00
chc-lra-ts-0122.smt2,,,,1,1,,,,1,,4,3,,,4,,2,,,6,,7,,,3,,,,,3,,,,,357.80,349.06,timeout,598.96,0.00,0.00,0.00,0.00,0.00,0.02,0.01,,0.00,0.01,0.00,0.00,0.03,0.01,0.02,0.00,0.00,0.00,0.00,,0.00
chc-lra-ts-0123.smt2,,,,2,2,,,3,1,,4,4,,,650,,2,,1065,2205,,1081,,,1075,2196,,,,1076,,,,,1644.48,1112.50,sat,439.59,19.22,9.26,14.07,0.79,3.26,385.58,282.79,,0.01,0.01,0.00,0.46,425.68,41.93,383.74,4.17,14.32,278.97,0.07,,0.04
chc-lra-ts-0124.smt2,,,,1,1,,,,1,,4,3,,,4,,2,,,6,,7,,,3,,1,,,3,1,,,,368.48,364.26,timeout,598.45,0.00,0.00,0.00,0.00,0.00,0.02,0.01,,0.00,0.00,0.00,0.00,0.04,0.01,0.02,0.00,0.00,0.00,0.00,,0.00
chc-lra-ts-0125.smt2,,,,,,,,2,,,3,3,,,6,,2,,8,21,,14,,,9,14,,,,10,,,,,30.52,14.65,sat,0.09,0.01,0.00,0.00,0.00,0.00,0.03,0.02,,0.00,0.00,0.00,0.00,0.06,0.01,0.05,0.01,0.00,0.01,0.00,,
chc-lra-ts-0126.smt2,,,,5,2,3,,3,1,,7,7,,,40,,14,,46,122,,96,,,57,45,2,,,85,2,,,,65.68,36.88,sat,0.96,0.21,0.05,0.11,0.01,0.07,0.50,0.34,,0.00,0.00,0.00,0.02,0.90,0.09,0.79,0.06,0.05,0.28,0.01,,0.00
chc-lra-ts-0127.smt2,,,,,,,,,,,,,,,,,,,,,,,,,,,,,,,,,,,0.09,0.09,error,,,,,,,,,,,,,,,,,,,,,,
chc-lra-ts-0128.smt2,,,,3,3,,,9,1,,13,13,,,41,,64,,34,493,,117,,,35,222,3,,,103,3,,,,72.52,42.65,sat,1.21,0.24,0.07,0.13,0.02,0.07,0.68,0.46,,0.01,0.00,0.00,0.02,1.15,0.30,0.81,0.06,0.04,0.27,0.00,,0.00
chc-lra-ts-0129.smt2,,,,1,1,,,,1,,4,3,,,4,,2,,,6,,7,,,3,,1,,,3,1,,,,337.61,323.16,timeout,599.36,0.00,0.00,0.00,0.00,0.00,0.02,0.01,,0.00,0.01,0.01,0.00,0.04,0.01,0.02,0.00,0.00,0.00,0.00,,0.00
chc-lra-ts-0130.smt2,,,,1,1,,,,1,,4,3,,,4,,2,,,6,,7,,,3,,1,,,3,1,,,,348.46,346.12,timeout,598.79,0.00,0.00,0.00,0.00,0.00,0.02,0.01,,0.00,0.01,0.01,0.00,0.04,0.01,0.02,0.00,0.00,0.00,0.00,,0.00
chc-lra-ts-0131.smt2,,,,33,11,6,,,9,1,25,24,,,54,,183,13,11,770,,125,,,96,305,11,,9,136,11,6,13,,309.41,297.24,timeout,599.01,0.18,0.03,0.07,0.01,0.09,0.84,0.55,,0.02,0.00,0.00,0.03,1.45,0.47,0.86,0.10,0.05,0.19,0.04,0.00,0.01
chc-lra-ts-0132.smt2,,,,1,1,,,,1,,4,3,,,4,,2,,,6,,7,,,3,,,,,3,,,,,361.54,359.56,timeout,598.99,0.00,0.00,0.00,0.00,0.00,0.02,0.01,,0.00,0.01,0.00,0.00,0.03,0.01,0.02,0.00,0.00,0.00,0.00,,0.00
chc-lra-ts-0133.smt2,,,,73,14,63,,16,2,,22,22,,,92,6,295,,89,1794,5,318,,,191,887,17,,18,347,14,,,,205.84,133.07,sat,10.45,1.11,0.28,0.58,0.08,0.37,7.86,5.84,,0.09,0.00,0.00,0.08,10.29,2.85,7.36,0.29,0.40,3.47,0.11,,0.04
chc-lra-ts-0134.smt2,,,,1,1,,,,1,,4,3,,,4,,2,,,6,,7,,,3,,,,,3,,,,,358.60,356.20,timeout,598.32,0.00,0.00,0.00,0.00,0.00,0.02,0.01,,0.00,0.01,0.00,0.00,0.04,0.01,0.02,0.00,0.00,0.00,0.00,,0.00
chc-lra-ts-0135.smt2,,,,1,1,,,,1,,4,3,,,4,,2,,,6,,7,,,3,,,,,3,,,,,362.71,359.09,timeout,598.75,0.00,0.00,0.00,0.00,0.00,0.02,0.01,,0.00,0.00,0.00,0.00,0.04,0.01,0.02,0.00,0.00,0.00,0.00,,0.00
chc-lra-ts-0136.smt2,,,,10,8,2,,11,1,,14,14,,,52,,91,,43,552,3,122,,,44,303,10,,,110,8,,,,82.76,47.65,sat,1.48,0.25,0.06,0.12,0.02,0.09,0.88,0.59,,0.01,0.00,0.00,0.02,1.41,0.32,1.03,0.06,0.06,0.38,0.01,,0.01
chc-lra-ts-0137.smt2,,,,7,5,2,,4,2,,8,8,,,62,,43,,83,261,3,149,,,83,130,5,,,139,5,,,,102.36,61.99,sat,2.23,0.49,0.14,0.27,0.03,0.15,1.22,0.83,,0.01,0.00,0.00,0.03,2.11,0.20,1.89,0.11,0.14,0.69,0.02,,0.01
chc-lra-ts-0138.smt2,9,,,3,,6,,,8,1,9,9,,,23,,10,,8,103,3,42,,,30,68,11,,,40,2,5,6,1,58.32,25.33,unsat,0.47,0.04,0.01,0.02,0.00,0.02,0.26,0.19,,0.00,0.00,0.00,0.01,0.43,0.06,0.34,0.03,0.01,0.12,0.01,0.00,0.03
chc-lra-ts-0139.smt2,,3,,16,16,,,8,12,1,15,15,,2,29,,37,2,35,203,6,107,,,56,112,26,,,90,24,27,21,8,78.40,42.48,sat,1.36,0.17,0.02,0.07,0.01,0.07,0.82,0.59,,0.00,0.00,0.00,0.03,1.29,0.14,1.09,0.08,0.04,0.43,0.03,0.00,0.03
chc-lra-ts-0140.smt2,9,,,4,1,4,,,8,1,9,9,,,20,,11,,,59,,38,,,27,20,9,,,36,2,3,6,,53.20,22.33,unsat,0.37,0.03,0.00,0.01,0.00,0.01,0.19,0.14,,0.00,0.00,0.00,0.01,0.33,0.04,0.25,0.03,0.01,0.08,0.01,0.00,0.02
chc-lra-ts-0141.smt2,,7,,13,11,4,,6,8,2,15,15,,31,27,,75,11,42,298,6,130,,,73,143,19,6,,104,14,41,54,9,82.80,46.31,sat,1.75,0.23,0.03,0.10,0.02,0.09,1.07,0.78,,0.01,0.00,0.00,0.04,1.68,0.19,1.43,0.10,0.06,0.57,0.06,0.00,0.03
chc-lra-ts-0142.smt2,,3,,21,13,25,,7,10,2,14,14,,12,30,,38,4,49,326,6,119,,,83,211,20,6,,97,16,27,36,7,91.64,50.39,sat,1.91,0.22,0.03,0.09,0.02,0.09,1.22,0.88,,0.01,0.00,0.00,0.04,1.83,0.24,1.53,0.10,0.06,0.65,0.07,0.00,0.03
chc-lra-ts-0143.smt2,9,,,4,,7,,,7,1,9,9,,,18,,10,,,55,,36,,,25,17,9,,,34,1,4,4,,52.64,22.01,unsat,0.35,0.03,0.00,0.01,0.00,0.01,0.18,0.13,,0.00,0.00,0.00,0.01,0.31,0.05,0.23,0.03,0.01,0.06,0.01,0.00,0.02
chc-lra-ts-0144.smt2,9,,,1,,2,,,8,1,9,9,,,24,,14,,9,105,6,45,,,31,68,9,,,42,1,9,7,,58.28,25.21,unsat,0.47,0.04,0.00,0.02,0.00,0.02,0.26,0.18,,0.00,0.00,0.00,0.01,0.42,0.06,0.33,0.03,0.01,0.11,0.01,0.00,0.02
chc-lra-ts-0145.smt2,,5,,15,6,17,,10,14,1,18,18,,9,36,,64,,33,276,10,114,,,98,150,17,,4,114,12,34,32,6,83.44,46.23,sat,1.70,0.21,0.03,0.09,0.02,0.07,1.04,0.74,,0.01,0.00,0.00,0.04,1.63,0.17,1.38,0.12,0.06,0.56,0.04,0.00,0.03
chc-lra-ts-0146.smt2,,,,2,2,,,3,1,,4,4,,,162,,3,,262,607,,282,,,276,598,,,,277,,,,,1779.56,1104.01,sat,111.65,22.11,10.36,18.40,0.51,1.94,69.06,41.33,,0.00,0.01,0.01,0.37,93.55,6.26,87.28,0.95,0.89,44.11,0.02,,0.01
chc-lra-ts-0147.smt2,,4,,145,12,87,,24,3,1,32,32,,6,136,14,773,7,215,5601,9,534,,,485,3545,25,,69,755,17,22,8,5,510.00,321.06,sat,38.27,3.43,1.04,1.98,0.20,1.03,30.70,21.62,,0.34,0.00,0.00,0.19,37.80,12.71,24.93,0.83,1.20,12.06,0.30,0.00,0.10
chc-lra-ts-0148.smt2,7,,7,2,,2,,,3,1,7,7,,,313,,39,,51,1019,14,340,,14,331,449,8,,,332,3,,2,2,533.60,327.79,unsat,41.18,3.28,1.29,2.32,0.09,0.66,35.23,26.87,,0.18,0.00,0.00,0.15,40.94,8.94,31.97,0.62,1.00,21.06,0.11,0.00,0.14
chc-lra-ts-0149.smt2,,,50,1,,1,,5,,1,8,8,,,193,,57,1,260,1476,19,419,,15,399,714,51,,,407,51,7,3,1,771.44,482.92,sat,70.57,6.41,2.56,4.72,0.15,1.18,59.68,43.73,,0.40,0.00,0.00,0.19,69.66,14.24,55.39,0.79,1.46,34.10,0.13,0.00,0.11
chc-lra-ts-0150.smt2,,,,54,24,35,,15,2,1,20,20,,,71,9,203,1,80,1392,3,254,,,153,764,27,,7,261,24,2,1,,194.80,114.46,sat,6.26,0.92,0.27,0.50,0.07,0.28,4.22,3.07,,0.05,0.00,0.00,0.06,6.08,1.42,4.58,0.21,0.26,1.93,0.08,0.00,0.05
chc-lra-ts-0151.smt2,11,,,1,,1,,,,,11,11,,,25,,34,,,79,,56,,,24,9,11,,,55,1,,,,53.76,23.00,unsat,0.40,0.04,0.00,0.01,0.00,0.02,0.20,0.15,,0.00,0.00,0.00,0.01,0.35,0.03,0.29,0.03,0.01,0.11,0.00,,0.02
chc-lra-ts-0152.smt2,,4,,160,10,164,,,2,,32,31,,4,1028,,1590,,11,15943,43,1731,,,1609,9299,10,,49,1842,10,,,,375.76,366.94,timeout,598.98,5.64,0.86,2.80,0.48,1.93,503.70,414.25,,3.09,0.00,0.00,0.55,532.06,197.38,334.56,3.15,12.05,246.29,1.13,,0.09
chc-lra-ts-0153.smt2,,,,92,9,122,,,1,,28,27,,,1056,,884,,7,8802,36,1431,,,1322,5275,9,,19,1445,9,,,,344.01,334.43,timeout,598.59,4.45,0.63,2.17,0.40,1.54,339.01,290.29,,1.47,0.00,0.00,0.41,361.93,86.71,275.12,2.19,11.41,213.52,0.93,,0.07
chc-lra-ts-0154.smt2,,,,1,1,,,,1,,4,3,,,4,,2,,,6,,7,,,3,,1,,,3,1,,,,378.29,376.38,timeout,598.79,0.00,0.00,0.00,0.00,0.00,0.02,0.01,,0.00,0.01,0.01,0.00,0.04,0.01,0.02,0.00,0.00,0.00,0.00,,0.00
chc-lra-ts-0155.smt2,,,,1,1,,,,1,,4,3,,,4,,2,,,6,,7,,,3,,,,,3,,,,,368.67,366.74,timeout,599.24,0.00,0.00,0.00,0.00,0.00,0.03,0.01,,0.00,0.01,0.00,0.00,0.04,0.01,0.03,0.00,0.00,0.00,0.00,,0.00
chc-lra-ts-0156.smt2,,,,1,1,,,,1,,4,3,,,4,,2,,,6,,7,,,3,,1,,,3,1,,,,372.41,369.98,timeout,598.88,0.00,0.00,0.00,0.00,0.00,0.02,0.01,,0.00,0.01,0.01,0.00,0.04,0.01,0.02,0.00,0.00,0.00,0.00,,0.00
chc-lra-ts-0157.smt2,,1,,94,64,18,,24,2,,30,30,,1,105,9,378,,124,3272,4,369,,,182,2069,68,,7,374,64,,,,329.04,225.21,sat,14.65,1.60,0.36,0.81,0.11,0.58,11.11,7.71,,0.12,0.00,0.00,0.10,14.39,4.84,9.43,0.33,0.49,4.28,0.13,,0.12
chc-lra-ts-0158.smt2,,1,,94,64,18,,24,2,,30,30,,1,105,9,378,,124,3272,4,369,,,182,2069,68,,7,374,64,,,,329.04,225.21,sat,14.20,1.59,0.36,0.81,0.11,0.57,10.68,7.41,,0.12,0.00,0.00,0.10,13.94,4.68,9.14,0.33,0.49,4.08,0.13,,0.12
chc-lra-ts-0159.smt2,,,,1,1,,,3,1,1,4,4,,,538,,2,2,903,1916,,951,,,947,1907,3,,,946,3,,2,2,3513.28,2396.86,sat,522.39,44.71,21.08,36.19,1.02,5.14,402.61,268.57,,0.01,0.02,0.01,0.61,463.84,59.94,403.88,3.39,10.79,262.39,0.12,0.00,0.01
chc-lra-ts-0160.smt2,,,,135,11,91,,,2,,33,32,,,1071,,1808,,80,16959,37,1784,,,1666,10348,11,,51,1905,11,,,,392.40,378.51,timeout,599.06,6.35,0.80,3.30,0.42,2.19,480.96,392.88,,3.21,0.00,0.00,0.55,512.38,168.39,343.88,3.26,13.85,255.29,1.27,,0.10
chc-lra-ts-0161.smt2,,,,49,,13,,17,1,,24,24,,,164,,534,,131,3504,10,512,,,246,1619,,,40,618,,,,,325.44,222.97,sat,23.61,0.93,0.15,0.40,0.10,0.34,19.88,15.43,,0.23,0.00,0.00,0.15,23.39,7.54,15.77,0.55,0.97,9.18,0.09,,
chc-lra-ts-0162.smt2,,,,9,6,5,,4,2,,8,8,,,50,,28,,70,244,,136,,,93,112,6,,,131,6,,,,105.60,63.42,sat,2.26,0.55,0.14,0.32,0.03,0.16,1.25,0.86,,0.01,0.00,0.00,0.03,2.15,0.23,1.90,0.11,0.11,0.67,0.02,,0.01
chc-lra-ts-0163.smt2,,,,1,1,,,,1,,4,3,,,4,,2,,,6,,7,,,3,,1,,,3,1,,,,354.66,351.58,timeout,599.01,0.00,0.00,0.00,0.00,0.00,0.02,0.01,,0.00,0.01,0.01,0.00,0.04,0.01,0.03,0.00,0.00,0.00,0.00,,0.00
chc-lra-ts-0164.smt2,,6,,36,16,5,,,12,1,33,32,,2,68,,348,20,17,1250,2,160,,,110,473,16,,12,174,16,10,20,,308.78,303.04,timeout,599.08,0.20,0.02,0.07,0.02,0.10,1.46,0.97,,0.05,0.00,0.00,0.04,2.28,0.89,1.24,0.15,0.08,0.30,0.07,0.00,0.01
chc-lra-ts-0165.smt2,,,,1,1,,,,1,,4,3,,,4,,3,,,7,,8,,,4,,1,,,4,1,,,,353.15,351.42,timeout,599.18,0.00,0.00,0.00,0.00,0.00,0.03,0.01,,0.00,0.01,0.01,0.00,0.05,0.01,0.04,0.00,0.00,0.00,0.00,,0.00
chc-lra-ts-0166.smt2,,,,29,19,15,,5,3,1,9,9,,,60,,40,1,93,324,1,199,,,141,156,19,,,185,19,,1,,131.24,76.62,sat,3.79,0.76,0.18,0.42,0.05,0.23,2.28,1.59,,0.01,0.00,0.00,0.07,3.66,0.36,3.27,0.19,0.20,1.26,0.05,0.00,0.02
chc-lra-ts-0167.smt2,,,,40,,25,,21,2,,36,36,,,182,,1697,,310,11229,22,888,,,407,6007,,,28,952,,,,,747.68,524.35,sat,109.32,2.11,0.35,1.05,0.17,0.72,99.53,78.41,,1.00,0.00,0.00,0.23,108.59,47.91,60.55,1.03,3.23,41.62,0.20,,
chc-lra-ts-0168.smt2,,,,1,1,,,,1,,4,3,,,4,,2,,,6,,7,,,3,,,,,3,,,,,4753.10,2477.03,timeout,599.97,0.00,0.00,0.00,0.00,0.00,0.07,0.06,,0.00,0.02,0.02,0.00,0.09,0.05,0.02,0.00,0.00,0.00,0.00,,0.00
chc-lra-ts-0169.smt2,,,,1,1,,,,1,,4,3,,,4,,3,,,7,,8,,,4,,,,,4,,,,,587.72,503.30,timeout,598.76,0.00,0.00,0.00,0.00,0.00,0.07,0.05,,0.00,0.01,0.01,0.00,0.09,0.01,0.07,0.00,0.00,0.01,0.00,,0.00
chc-lra-ts-0170.smt2,,,,2,2,,,3,1,,4,4,,,537,,3,,788,1677,,805,,,799,1667,,,,800,,,,,3126.24,2110.88,sat,454.85,54.26,27.51,44.23,1.11,6.13,343.56,255.96,,0.01,0.01,0.01,0.69,411.46,22.40,389.05,3.43,8.33,253.52,0.06,,0.03
chc-lra-ts-0171.smt2,,,,1,1,,,,1,,4,3,,,4,,2,,,6,,7,,,3,,1,,,3,1,,,,368.76,360.85,timeout,598.41,0.00,0.00,0.00,0.00,0.00,0.03,0.01,,0.00,0.01,0.01,0.00,0.04,0.01,0.03,0.00,0.00,0.00,0.00,,0.00
chc-lra-ts-0172.smt2,,,,14,,11,,12,1,,17,17,,,90,,239,,94,1130,5,267,,,205,553,,,10,286,,,,,164.56,112.17,sat,4.94,0.34,0.05,0.14,0.03,0.14,3.62,2.76,,0.04,0.00,0.00,0.06,4.82,0.88,3.88,0.23,0.31,2.17,0.04,,
chc-lra-ts-0173.smt2,,,,1,1,,,,1,,4,3,,,4,,2,,,6,,7,,,3,,1,,,3,1,,,,4640.53,2446.39,timeout,599.91,0.00,0.00,0.00,0.00,0.00,0.05,0.03,,0.00,0.02,0.02,0.00,0.06,0.03,0.02,0.00,0.00,0.00,0.00,,0.00
chc-lra-ts-0174.smt2,,,,11,6,7,,5,1,,9,9,,,75,,56,,114,415,2,219,,,134,225,6,,,205,6,,,,140.84,84.17,sat,4.15,1.04,0.34,0.63,0.05,0.29,2.33,1.63,,0.01,0.00,0.00,0.05,4.00,0.40,3.57,0.20,0.24,1.31,0.03,,0.01
chc-lra-ts-0175.smt2,,,,,,,,4,,,6,6,,,10,,5,,7,33,,20,,,9,16,,,,14,,,,,32.92,15.52,sat,0.11,0.01,0.00,0.00,0.00,0.00,0.04,0.02,,0.00,0.00,0.00,0.00,0.08,0.01,0.06,0.01,0.00,0.02,0.00,,
chc-lra-ts-0176.smt2,,,,1,1,,,,1,,4,3,,,4,,2,,,6,,7,,,3,,1,,,3,1,,,,1134.60,905.70,timeout,598.61,0.00,0.00,0.00,0.00,0.00,0.04,0.03,,0.00,0.02,0.01,0.00,0.06,0.03,0.02,0.00,0.00,0.00,0.00,,0.00
chc-lra-ts-0177.smt2,,,,1,1,,,,1,,4,3,,,4,,2,,,6,,7,,,3,,,,,3,,,,,3698.86,3698.86,timeout,599.92,0.00,0.00,0.00,0.00,0.00,0.05,0.03,,0.00,0.02,0.02,0.00,0.06,0.03,0.02,0.00,0.00,0.00,0.00,,0.00
chc-lra-ts-0178.smt2,,,,2,2,,,3,1,,4,4,,,234,,3,,365,849,,394,,,388,840,2,,,389,2,,,,5626.88,2682.17,sat,283.58,63.55,26.27,52.16,1.35,6.44,136.47,63.39,,0.00,0.02,0.02,0.51,203.49,13.21,190.27,1.26,1.49,74.87,0.02,,0.03
chc-lra-ts-0179.smt2,,,,1,1,,,,1,,4,3,,,4,,2,,,6,,7,,,3,,,,,3,,,,,653.80,591.06,timeout,598.71,0.00,0.00,0.00,0.00,0.00,0.03,0.02,,0.00,0.01,0.01,0.00,0.05,0.02,0.02,0.00,0.00,0.00,0.00,,0.00
chc-lra-ts-0180.smt2,29,,,58,14,31,,,2,1,29,29,,,301,,526,3,72,2948,22,536,,,356,1594,44,,22,614,16,14,3,1,391.24,246.92,unsat,29.02,1.46,0.18,0.56,0.12,0.69,24.55,19.04,,0.18,0.00,0.00,0.15,28.80,5.84,22.81,0.61,1.11,13.67,0.13,0.00,0.43
chc-lra-ts-0181.smt2,,,,1,1,,,,1,,4,3,,,4,,2,,,6,,7,,,3,,,,,3,,,,,711.56,554.69,timeout,599.45,0.00,0.00,0.00,0.00,0.00,0.05,0.03,,0.00,0.02,0.02,0.00,0.07,0.03,0.03,0.00,0.00,0.00,0.00,,0.00
chc-lra-ts-0182.smt2,,,,2,2,,,3,1,,4,4,,,99,,2,,144,416,,170,,,164,407,1,,,165,1,,,,7558.00,4424.79,sat,580.52,95.14,41.63,80.43,1.68,8.06,207.09,21.02,,0.01,0.03,0.03,1.02,304.21,26.01,278.19,1.31,0.23,56.76,0.01,,0.02
chc-lra-ts-0183.smt2,,,,1,1,,,,1,,4,3,,,4,,2,,,6,,7,,,3,,1,,,3,1,,,,3859.75,2400.95,timeout,599.96,0.00,0.00,0.00,0.00,0.00,0.08,0.06,,0.00,0.04,0.03,0.00,0.10,0.06,0.03,0.00,0.00,0.00,0.00,,0.00
chc-lra-ts-0184.smt2,,,,1,1,,,,1,,4,3,,,4,,2,,,6,,7,,,3,,1,,,3,1,,,,3511.48,1945.22,timeout,599.95,0.00,0.00,0.00,0.00,0.00,0.12,0.10,,0.00,0.03,0.03,0.00,0.14,0.10,0.03,0.00,0.00,0.00,0.00,,0.00
chc-lra-ts-0185.smt2,,,,1,1,,,,1,,4,3,,,4,,2,,,6,,7,,,3,,1,,,3,1,,,,877.25,869.34,timeout,599.13,0.00,0.00,0.00,0.00,0.00,0.09,0.07,,0.00,0.02,0.02,0.00,0.11,0.07,0.03,0.00,0.00,0.00,0.00,,0.00
chc-lra-ts-0186.smt2,,,,1,1,,,,1,,4,3,,,4,,3,,,7,,8,,,4,,,,,4,,,,,5751.20,5751.20,timeout,599.85,0.00,0.00,0.00,0.00,0.00,0.16,0.14,,0.00,0.03,0.03,0.00,0.18,0.01,0.16,0.00,0.00,0.00,0.00,,0.00
chc-lra-ts-0187.smt2,,,,1,1,,,,1,,4,3,,,4,,2,,,6,,7,,,3,,,,,3,,,,,1690.65,1683.79,timeout,599.82,0.00,0.00,0.00,0.00,0.00,0.07,0.05,,0.00,0.04,0.03,0.00,0.09,0.05,0.03,0.00,0.00,0.00,0.00,,0.00
chc-lra-ts-0188.smt2,,,,1,1,,,,1,,4,3,,,4,,2,,,6,,7,,,3,,1,,,3,1,,,,8296.78,3432.26,timeout,599.91,0.00,0.00,0.00,0.00,0.00,0.07,0.05,,0.00,0.04,0.03,0.00,0.09,0.05,0.03,0.00,0.00,0.00,0.00,,0.00
chc-lra-ts-0189.smt2,,,,1,1,,,,1,,4,3,,,4,,2,,,6,,7,,,3,,,,,3,,,,,2115.60,1645.02,timeout,599.91,0.00,0.00,0.00,0.00,0.00,0.08,0.06,,0.00,0.04,0.04,0.00,0.10,0.06,0.03,0.00,0.00,0.00,0.00,,0.00
chc-lra-ts-0190.smt2,,,,1,1,,,,1,,4,3,,,4,,2,,,6,,7,,,3,,,,,3,,,,,2434.58,1667.57,timeout,599.81,0.00,0.00,0.00,0.00,0.00,0.09,0.08,,0.00,0.04,0.03,0.00,0.11,0.07,0.03,0.00,0.00,0.00,0.00,,0.00
chc-lra-ts-0191.smt2,,,,1,1,,,,1,,4,3,,,4,,2,,,6,,7,,,3,,,,,3,,,,,3495.95,1989.41,timeout,599.91,0.00,0.00,0.00,0.00,0.00,0.10,0.09,,0.00,0.04,0.03,0.00,0.12,0.08,0.03,0.00,0.00,0.00,0.00,,0.00
chc-lra-ts-0192.smt2,,,,,,,,1,,,2,2,,,44,,,,22,58,,52,,,49,28,,,,49,,,,,81.68,40.69,sat,1.12,0.05,0.00,0.01,0.00,0.03,0.75,0.62,,0.00,0.01,0.00,0.08,1.04,0.21,0.82,0.19,0.02,0.20,0.00,,
chc-lra-ts-0193.smt2,,,,,,,,1,,,2,2,,,41,,,,17,61,,50,,,47,28,,,,47,,,,,80.96,39.88,sat,1.08,0.03,0.00,0.01,0.00,0.01,0.76,0.62,,0.00,0.01,0.00,0.05,1.00,0.25,0.75,0.17,0.01,0.16,0.00,,
chc-lra-ts-0194.smt2,,,,,,,,1,,,2,2,,,41,,,,17,61,,50,,,47,28,,,,47,,,,,80.96,39.88,sat,1.09,0.03,0.00,0.01,0.00,0.01,0.77,0.63,,0.00,0.01,0.00,0.05,1.01,0.26,0.75,0.16,0.01,0.16,0.00,,
chc-lra-ts-0195.smt2,,,,1,1,,,,1,,4,3,,,4,,2,,,6,,7,,,3,,,,,3,,,,,3263.35,2391.86,timeout,599.72,0.00,0.00,0.00,0.00,0.00,0.10,0.08,,0.00,0.04,0.03,0.00,0.12,0.08,0.03,0.00,0.00,0.00,0.00,,0.00
chc-lra-ts-0196.smt2,,,,1,1,,,,1,,4,3,,,4,,2,,,6,,7,,,3,,,,,3,,,,,2919.15,2619.98,timeout,599.81,0.00,0.00,0.00,0.00,0.00,0.09,0.08,,0.00,0.04,0.03,0.00,0.11,0.07,0.03,0.00,0.00,0.00,0.00,,0.00
chc-lra-ts-0197.smt2,,,,1,,,,1,1,,2,2,,,63,,,,33,105,,95,,,74,44,,,,92,,,,,1178.48,775.06,sat,41.59,10.31,2.20,8.46,0.27,0.85,16.75,1.38,,0.00,0.01,0.00,0.09,27.44,5.10,22.34,0.25,0.06,0.10,0.01,,
chc-lra-ts-0198.smt2,17,,,4,,6,,,,,17,17,,,160,,124,,,889,1,256,,,162,459,17,,,255,1,,,,195.76,118.09,unsat,5.37,0.41,0.05,0.15,0.03,0.20,4.08,3.26,,0.02,0.00,0.00,0.07,5.25,0.86,4.34,0.24,0.22,2.49,0.01,,0.12
chc-lra-ts-0199.smt2,,,,1,1,,,,1,,4,3,,,4,,2,,,6,,7,,,3,,1,,,3,1,,,,5521.74,5521.74,timeout,600.00,0.00,0.00,0.00,0.00,0.00,0.10,0.09,,0.00,0.04,0.04,0.00,0.13,0.08,0.04,0.00,0.00,0.00,0.00,,0.00
chc-lra-ts-0200.smt2,3,,,,,,,,,,3,3,,,7,,1,,,6,,9,,,6,,3,,,8,1,,,,39.92,14.22,unsat,0.08,0.00,0.00,0.00,0.00,0.00,0.02,0.01,,0.00,0.00,0.00,0.00,0.04,0.00,0.03,0.00,0.00,0.01,0.00,,0.00
chc-lra-ts-0201.smt2,,,,1,1,,,,1,,4,3,,,4,,2,,,6,,7,,,3,,,,,3,,,,,1873.75,1873.75,timeout,599.85,0.00,0.00,0.00,0.00,0.00,0.08,0.06,,0.00,0.03,0.03,0.00,0.09,0.05,0.03,0.00,0.00,0.00,0.00,,0.00
chc-lra-ts-0202.smt2,,,,1,1,,,,1,,4,3,,,4,,2,,,6,,7,,,3,,,,,3,,,,,2331.98,2331.98,timeout,599.80,0.00,0.00,0.00,0.00,0.00,0.05,0.04,,0.00,0.04,0.03,0.00,0.07,0.03,0.03,0.00,0.00,0.00,0.00,,0.00
chc-lra-ts-0203.smt2,,,,1,1,,,,1,,4,3,,,4,,2,,,6,,7,,,3,,,,,3,,,,,1988.50,1987.66,timeout,599.83,0.00,0.00,0.00,0.00,0.00,0.10,0.08,,0.00,0.04,0.04,0.00,0.12,0.07,0.03,0.00,0.00,0.00,0.00,,0.00
chc-lra-ts-0204.smt2,,,,1,1,,,,1,,4,3,,,4,,2,,,6,,7,,,3,,1,,,3,1,,,,2339.41,2339.41,timeout,599.65,0.00,0.00,0.00,0.00,0.00,0.15,0.12,,0.00,0.04,0.04,0.00,0.17,0.12,0.04,0.00,0.00,0.00,0.00,,0.00
chc-lra-ts-0205.smt2,,,,1,1,,,,1,,4,3,,,4,,2,,,6,,7,,,3,,,,,3,,,,,3819.16,2398.07,timeout,599.90,0.00,0.00,0.00,0.00,0.00,0.11,0.09,,0.00,0.04,0.04,0.00,0.13,0.08,0.04,0.00,0.00,0.00,0.00,,0.00
chc-lra-ts-0206.smt2,,,,1,1,,,,1,,4,3,,,4,,2,,,6,,7,,,3,,1,,,3,1,,,,6055.02,2756.93,timeout,599.98,0.00,0.00,0.00,0.00,0.00,0.12,0.10,,0.00,0.04,0.03,0.00,0.14,0.10,0.04,0.00,0.00,0.00,0.00,,0.00
chc-lra-ts-0207.smt2,,,,1,1,,,,1,,4,3,,,4,,2,,,6,,7,,,3,,1,,,3,1,,,,2861.67,2832.30,timeout,599.89,0.00,0.00,0.00,0.00,0.00,0.11,0.09,,0.00,0.04,0.03,0.00,0.13,0.09,0.04,0.00,0.00,0.00,0.00,,0.00
chc-lra-ts-0208.smt2,,2,,60,38,48,,8,6,1,12,12,,,93,,92,4,167,939,2,356,,,302,729,38,,,340,38,4,4,,379.40,220.75,sat,14.41,2.92,0.96,1.83,0.13,0.81,9.44,6.43,,0.03,0.00,0.00,0.13,13.96,1.64,12.28,0.51,0.54,5.18,0.13,0.00,0.06
chc-lra-ts-0209.smt2,,,,1,1,,,,1,,4,3,,,4,,2,,,6,,7,,,3,,,,,3,,,,,1712.00,1711.91,timeout,599.98,0.00,0.00,0.00,0.00,0.00,0.20,0.18,,0.00,0.04,0.04,0.00,0.22,0.17,0.04,0.00,0.00,0.00,0.00,,0.00
chc-lra-ts-0210.smt2,,,,1,1,,,,1,,4,3,,,4,,2,,,6,,7,,,3,,,,,3,,,,,2991.39,2852.76,timeout,599.86,0.00,0.00,0.00,0.00,0.00,0.11,0.09,,0.00,0.04,0.04,0.00,0.13,0.09,0.04,0.00,0.00,0.00,0.00,,0.00
chc-lra-ts-0211.smt2,,,,27,,21,,21,2,1,32,32,,,233,,1742,,276,10172,40,897,,,489,5109,,,15,924,,8,2,,820.60,552.11,sat,113.83,2.58,0.31,1.05,0.19,1.14,103.53,86.80,,0.98,0.00,0.00,0.27,113.17,42.02,71.02,1.26,3.22,52.88,0.16,0.00,
chc-lra-ts-0212.smt2,,,,1,1,,,,1,,4,3,,,4,,2,,,6,,7,,,3,,,,,3,,,,,2865.61,2865.61,timeout,599.84,0.00,0.00,0.00,0.00,0.00,0.16,0.14,,0.00,0.03,0.03,0.00,0.18,0.14,0.03,0.00,0.00,0.00,0.00,,0.00
chc-lra-ts-0213.smt2,,,,1,1,,,,1,,4,3,,,4,,2,,,6,,7,,,3,,,,,3,,,,,2914.92,2792.96,timeout,599.89,0.00,0.00,0.00,0.00,0.00,0.13,0.11,,0.00,0.04,0.04,0.00,0.15,0.11,0.04,0.00,0.00,0.00,0.00,,0.00
chc-lra-ts-0214.smt2,26,1,,41,13,13,,,2,1,26,26,,6,822,,1572,5,1,7140,18,1214,,,706,3063,51,,17,1263,23,19,9,9,945.00,574.05,unsat,108.79,5.22,0.59,2.28,0.38,2.24,92.75,76.26,,0.78,0.00,0.00,0.32,108.42,21.71,86.61,1.70,6.28,56.32,0.30,0.00,0.64
chc-lra-ts-0215.smt2,3,,,,,,,,,,3,3,,,6,,1,,,9,,8,,,6,1,3,,,7,1,,,,52.00,21.17,unsat,0.09,0.00,0.00,0.00,0.00,0.00,0.02,0.01,,0.00,0.00,0.00,0.00,0.04,0.01,0.03,0.00,0.00,0.00,0.00,,0.00
chc-lra-ts-0216.smt2,,1,,25,13,11,,,2,1,30,29,,9,1424,,3298,2,7,14649,44,2000,,,1004,5670,21,,3,1976,18,22,5,5,411.55,409.46,timeout,598.72,10.26,1.20,4.83,0.64,4.18,507.32,446.08,,4.60,0.00,0.00,0.56,548.73,167.91,380.69,3.63,19.38,290.46,0.45,0.00,0.13
chc-lra-ts-0217.smt2,,,,1,1,,,,1,,4,3,,,4,,3,,,7,,8,,,4,,1,,,4,1,,,,4362.31,2781.79,timeout,599.66,0.01,0.00,0.00,0.00,0.00,0.17,0.14,,0.00,0.04,0.04,0.00,0.20,0.05,0.14,0.01,0.00,0.00,0.00,,0.00
chc-lra-ts-0218.smt2,,,,1,1,,,,1,,4,3,,,4,,2,,,6,,7,,,3,,,,,3,,,,,2515.74,2270.28,timeout,599.65,0.00,0.00,0.00,0.00,0.00,0.07,0.05,,0.00,0.04,0.03,0.00,0.09,0.05,0.03,0.00,0.00,0.00,0.00,,0.00
chc-lra-ts-0219.smt2,,,,1,1,,,,1,,4,3,,,4,,2,,,6,,7,,,3,,,,,3,,,,,2908.86,2806.87,timeout,599.46,0.00,0.00,0.00,0.00,0.00,0.10,0.08,,0.00,0.04,0.04,0.00,0.12,0.07,0.04,0.00,0.00,0.00,0.00,,0.00
chc-lra-ts-0220.smt2,,,,103,58,74,,10,6,1,14,14,,,130,,83,4,307,1844,11,522,,,497,1354,58,,2,515,58,,4,,482.44,304.39,sat,25.51,3.97,1.19,2.43,0.19,1.11,17.83,12.68,,0.06,0.00,0.00,0.20,24.86,3.72,21.09,0.83,1.35,9.48,0.31,0.00,0.09
chc-lra-ts-0221.smt2,23,,,,,,,,,,23,23,,,463,,425,,1,3808,4,738,,,551,2058,23,,,741,1,,,,559.00,337.52,unsat,35.59,1.63,0.18,0.66,0.12,0.73,30.20,24.79,,0.19,0.00,0.00,0.18,35.34,7.32,27.96,0.85,1.80,18.73,0.01,,0.25
chc-lra-ts-0222.smt2,,,,100,,90,,,2,1,25,24,,1,1546,,2950,2,9,12082,19,2148,,,1273,3940,,,25,2171,,49,6,,479.86,479.35,timeout,597.16,8.58,0.91,4.35,0.61,3.14,359.00,319.82,,3.41,0.00,0.00,0.51,400.06,96.81,303.17,3.62,21.93,223.03,1.25,0.00,
chc-lra-ts-0223.smt2,,,,55,,101,,19,2,1,26,26,,,373,,926,,904,14903,41,1470,,2,1498,8979,,,21,1522,,63,7,,1783.12,1142.08,sat,343.25,10.01,1.33,5.17,0.59,3.52,305.41,256.91,,3.83,0.00,0.00,0.75,339.14,119.15,219.89,4.30,12.44,157.04,0.96,0.00,
chc-lra-ts-0224.smt2,33,46,,84,,106,,,2,1,33,33,,,482,,1140,,39,10778,19,719,,,882,6368,33,,44,904,1,20,1,,909.60,591.16,unsat,83.67,2.78,0.33,1.23,0.18,1.16,73.61,55.25,,1.24,0.00,0.00,0.43,83.13,42.23,40.77,2.05,1.96,22.94,0.37,0.00,0.59
chc-lra-ts-0225.smt2,,,,118,,74,,,2,1,26,25,,1,1604,,4211,1,21,13412,17,2188,,,1327,3854,,,54,2326,,43,4,,481.14,479.00,timeout,598.22,9.02,0.96,4.50,0.67,3.33,419.62,375.30,,4.76,0.00,0.00,0.58,464.96,114.11,350.76,3.89,23.68,259.39,1.47,0.00,
chc-lra-ts-0226.smt2,,1,,186,,121,,,3,1,28,27,,9,1648,,3918,3,38,15334,34,2366,,,1461,5077,,,96,2657,,53,15,,521.35,507.12,timeout,596.49,10.38,0.99,4.97,0.74,4.11,511.42,456.60,,5.59,0.00,0.00,0.68,564.93,152.36,412.48,4.80,27.61,302.39,2.29,0.00,
chc-lra-ts-0227.smt2,,3,,211,,170,,,2,1,30,29,,1,1387,,4351,2,6,21385,35,2084,,,1389,8502,,,89,2340,,6,2,,496.80,488.34,timeout,597.03,8.15,0.85,4.10,0.55,3.05,481.01,417.62,,6.85,0.00,0.00,0.60,524.29,213.55,310.63,4.26,19.51,218.67,1.67,0.00,
chc-lra-ts-0228.smt2,,1,,113,,113,,,2,1,27,26,,2,1538,,3737,2,5,15882,62,2158,,,1289,5590,,,34,2222,,28,5,,480.26,479.47,timeout,598.54,9.00,0.97,4.44,0.66,3.38,379.26,333.14,,4.89,0.00,0.00,0.58,423.85,130.23,293.54,3.87,22.67,208.33,1.59,0.00,
chc-lra-ts-0229.smt2,,11,,210,141,106,,11,9,1,15,15,,,142,,104,7,345,2077,3,750,,,711,1493,141,,,712,141,,7,,591.96,355.18,sat,44.63,8.35,2.28,5.14,0.30,2.51,30.96,21.37,,0.10,0.00,0.00,0.33,43.91,5.06,38.79,1.34,1.82,17.36,0.46,0.00,0.23
chc-lra-ts-0230.smt2,,,,5,,7,,,,,31,30,,,1286,,2952,,248,14705,44,1828,,,1290,7339,,,3,1821,,,,,419.14,413.21,timeout,597.10,6.66,0.76,3.29,0.48,2.42,452.58,396.73,,3.73,0.00,0.00,0.57,485.15,118.47,366.58,3.76,15.87,292.18,0.06,,
chc-lra-ts-0231.smt2,,,,1,1,,,3,1,,9,9,,,39,,44,,43,385,3,99,,,46,189,2,,,90,1,,,,113.16,66.40,sat,1.71,0.33,0.04,0.14,0.02,0.15,1.06,0.85,,0.01,0.00,0.00,0.02,1.62,0.34,1.25,0.10,0.04,0.56,0.00,,0.01
chc-lra-ts-0232.smt2,6,,,1,1,,,,1,,6,6,,,61,,9,,5,105,3,88,,,50,33,8,,,88,2,,,,116.92,62.66,unsat,1.24,0.27,0.03,0.11,0.02,0.12,0.70,0.56,,0.00,0.00,0.00,0.02,1.16,0.09,1.06,0.10,0.03,0.43,0.00,,0.02
chc-lra-ts-0233.smt2,29,,,10,,13,,,1,,29,29,,,1419,,1660,,2,12986,36,2000,,,1665,6578,29,,2,2022,1,,,,1940.44,1170.83,unsat,492.67,7.65,0.89,3.86,0.55,2.71,455.73,397.62,,2.55,0.00,0.00,0.70,491.93,109.11,382.74,4.53,18.34,297.17,0.33,,1.78
chc-lra-ts-0234.smt2,,,,29,,18,,,2,1,29,28,,,1288,,2093,,3,15304,34,1885,,,1640,8382,,,21,1935,,41,8,,465.07,462.37,timeout,597.17,8.67,0.94,3.95,0.60,3.59,465.67,410.33,,2.71,0.00,0.00,0.64,500.96,134.85,366.01,4.43,16.13,289.54,0.70,0.00,
chc-lra-ts-0235.smt2,,,,,,,,,,,31,30,,,1441,,1959,,1,14930,9,1890,,,1619,7722,,,,1875,,,,,471.80,469.44,timeout,597.72,8.44,0.87,3.93,0.51,3.48,541.23,476.90,,3.09,0.00,0.00,0.69,577.03,158.56,418.38,4.92,16.56,334.21,0.04,,
chc-lra-ts-0236.smt2,3,,,,,,,,,,3,3,,,11,,2,,1,9,,13,,,7,,3,,,12,1,,,,115.32,63.63,unsat,0.25,0.03,0.00,0.01,0.00,0.01,0.09,0.05,,0.00,0.01,0.00,0.00,0.15,0.01,0.13,0.01,0.00,0.03,0.00,,0.01
chc-lra-ts-0237.smt2,,,,10,,5,,,1,,28,27,,,1502,,1420,,204,11519,40,2200,,,1825,5642,,,6,2203,,,,,440.34,438.06,timeout,597.77,12.05,1.17,5.47,0.74,5.13,447.58,395.03,,2.99,0.01,0.00,0.92,492.97,117.99,374.89,6.24,21.17,278.83,0.34,,
chc-lra-ts-0238.smt2,,,,,,,,3,,,10,10,,,59,,83,,82,787,8,146,,,62,560,,,,136,,,,,193.52,117.43,sat,3.33,0.56,0.06,0.22,0.03,0.28,2.13,1.61,,0.01,0.01,0.00,0.03,3.15,0.57,2.55,0.23,0.09,1.23,0.00,,
chc-lra-ts-0239.smt2,7,,,,,,,,,,7,7,,,58,,26,,15,189,3,84,,,47,95,7,,,83,1,,,,136.36,75.20,unsat,1.66,0.36,0.03,0.14,0.02,0.17,0.96,0.75,,0.00,0.01,0.00,0.02,1.55,0.18,1.35,0.13,0.03,0.57,0.00,,0.03
chc-lra-ts-0240.smt2,,,,7,,12,,,1,,29,28,,,1231,,957,,,9798,5,1937,,,1655,5007,,,,1920,,,,,425.50,423.35,timeout,596.18,9.63,0.89,4.08,0.56,4.46,253.27,219.88,,1.52,0.01,0.00,0.75,285.98,67.21,218.69,5.22,14.35,153.27,0.08,,
chc-lra-ts-0241.smt2,,,,9,,2,,,,1,29,28,,,1353,,2091,,3,15743,20,1993,,,1713,8899,,,10,2013,,19,4,,479.12,476.65,timeout,598.01,11.88,1.10,5.35,0.75,5.10,493.71,437.57,,2.69,0.01,0.00,0.91,535.26,131.43,403.73,6.35,17.46,311.29,0.23,0.00,
chc-lra-ts-0242.smt2,3,,,,,,,,,,3,3,,,10,,1,,1,9,1,13,,,9,2,3,,,12,1,,,,226.20,132.22,unsat,0.57,0.04,0.00,0.01,0.00,0.02,0.19,0.07,,0.00,0.01,0.01,0.01,0.28,0.02,0.25,0.03,0.00,0.09,0.00,,0.01
chc-lra-ts-0243.smt2,3,,,,,,,,,,3,3,,,7,,1,,,9,,9,,,7,,3,,,8,1,,,,252.08,143.06,unsat,0.52,0.01,0.00,0.00,0.00,0.01,0.16,0.10,,0.00,0.01,0.01,0.00,0.21,0.04,0.17,0.02,0.00,0.04,0.00,,0.01
