index,SPACER_cex_depth,SPACER_expand_pob_undef,SPACER_inductive_level,SPACER_max_depth,SPACER_max_query_lvl,SPACER_num_active_lemmas,SPACER_num_ctp_blocked,SPACER_num_invariants,SPACER_num_is_invariant,SPACER_num_lemma_jumped,SPACER_num_lemmas,SPACER_num_pobs,SPACER_num_propagations,SPACER_num_queries,SPACER_num_reach_queries,SPACER_num_reuse_reach_facts,max_memory,memory,result,time,time_pool_solver_smt_total,time_pool_solver_smt_total_sat,time_pool_solver_smt_total_undef,time_spacer_ctp,time_spacer_init_rules,time_spacer_init_rules_pt_init,time_spacer_mbp,time_spacer_solve,time_spacer_solve_propagate,time_spacer_solve_reach,time_spacer_solve_reach_children,time_spacer_solve_reach_gen_bool_ind,time_spacer_solve_reach_is_reach
chc-lra-0002.smt2,,,8,15,15,95,320,109,1356,17,296,207,527,286,,,195.08,131.41,sat,9.78,8.93,7.26,,0.13,0.00,0.00,0.08,9.62,2.42,7.15,0.24,5.44,
chc-lra-0003.smt2,,,,9,8,1141,113,38,2624,6,1272,1131,581,1263,,,432.87,428.36,timeout,598.88,318.75,283.55,,1.52,0.00,0.00,0.90,326.63,83.67,242.93,4.46,189.10,
chc-lra-0004.smt2,,,,15,14,827,797,38,3628,18,1033,921,846,1022,,,331.78,310.14,timeout,599.31,325.82,300.07,,1.17,0.00,0.00,0.48,330.85,60.61,270.19,1.84,237.56,
chc-lra-0005.smt2,,,,17,16,934,943,81,6179,32,1277,1101,2275,1263,,,312.19,308.16,timeout,599.21,550.50,498.99,,2.51,0.00,0.00,0.64,558.42,130.80,427.57,2.74,369.52,
chc-lra-0006.smt2,,,,13,12,846,564,41,2982,18,970,847,629,958,,,327.32,311.46,timeout,599.45,257.99,235.17,,1.22,0.00,0.00,0.46,262.67,53.53,209.10,1.75,179.98,
chc-lra-0007.smt2,,,,19,18,884,929,18,6817,15,1422,1212,2446,1412,,,313.32,307.65,timeout,598.76,583.21,524.53,,2.68,0.00,0.00,0.70,591.73,146.48,445.19,2.97,381.66,
chc-lra-0009.smt2,,,3,4,4,233,2,285,606,,297,290,592,292,,,343.96,222.32,sat,13.85,12.09,8.85,,0.00,0.00,0.00,0.07,12.72,1.38,11.33,0.31,8.77,
chc-lra-0010.smt2,,,3,4,4,95,4,133,291,,150,143,279,145,,,134.60,85.37,sat,3.34,2.80,1.90,,0.00,0.00,0.00,0.03,3.05,0.40,2.64,0.12,1.87,
chc-lra-0011.smt2,,,8,11,11,119,95,80,728,,203,128,388,191,,,220.24,149.61,sat,10.22,9.47,7.64,,0.04,0.00,0.00,0.04,9.96,1.61,8.32,0.15,6.98,
chc-lra-0012.smt2,,,,14,13,1387,557,69,4364,39,1589,1397,1106,1578,,,360.17,340.49,timeout,599.10,391.74,340.30,,2.26,0.00,0.00,1.42,400.84,94.65,306.15,4.34,240.03,
chc-lra-0013.smt2,,,3,4,4,418,4,593,1226,,613,606,1214,608,,,666.00,466.84,sat,65.52,60.42,43.51,,0.00,0.00,0.00,0.16,62.26,8.04,54.21,0.95,43.31,
chc-lra-0014.smt2,,,3,4,4,552,6,761,1543,,780,773,1531,775,,,813.64,565.38,sat,126.51,118.75,93.35,,0.00,0.00,0.00,0.20,121.37,12.37,108.98,1.37,90.60,
chc-lra-0015.smt2,,,3,4,4,188,4,307,658,2,324,316,640,319,,,283.04,175.59,sat,22.94,21.29,17.30,,0.01,0.00,0.00,0.08,22.08,1.62,20.45,0.39,16.24,
chc-lra-0016.smt2,,,3,4,4,732,3,1215,2473,1,1237,1230,2461,1232,,,1416.56,990.18,sat,377.97,360.00,281.04,,0.01,0.00,0.00,0.36,365.53,37.50,328.02,3.10,273.87,
chc-lra-0017.smt2,,,3,4,4,184,2,277,627,,293,286,615,288,,,376.56,238.01,sat,16.95,15.05,10.48,,0.00,0.00,0.00,0.08,15.74,1.54,14.19,0.37,10.33,
chc-lra-0018.smt2,,,3,4,4,292,2,561,1175,,576,569,1163,571,,,702.84,481.16,sat,70.35,65.66,46.66,,0.00,0.00,0.00,0.17,67.62,9.42,58.20,1.16,45.03,
chc-lra-0019.smt2,,,3,4,4,218,2,401,856,,417,410,844,412,,,463.00,306.58,sat,33.02,30.13,21.38,,0.00,0.00,0.00,0.11,31.30,2.93,28.36,0.63,21.77,
chc-lra-0020.smt2,,,,4,3,9,5,5,32,,15,10,23,11,,,338.45,337.91,timeout,598.96,0.09,0.05,,0.00,0.00,0.00,0.00,0.11,0.02,0.08,0.01,0.04,
chc-lra-0021.smt2,,,3,4,4,557,1,1106,2284,,1121,1114,2272,1116,,,1404.60,967.44,sat,311.49,294.89,222.61,,0.01,0.00,0.00,0.62,300.76,35.55,265.20,3.81,212.25,
chc-lra-0022.smt2,7,,,7,7,504,45,26,1850,15,556,545,756,555,7,1,607.20,373.46,unsat,64.89,62.40,52.17,,0.38,0.00,0.00,0.24,64.60,18.87,45.71,1.11,34.92,0.17
chc-lra-0023.smt2,,,5,8,8,209,31,684,3382,35,832,807,1847,823,,,960.20,639.12,sat,156.57,149.44,119.68,,1.12,0.00,0.00,0.39,153.89,39.75,114.11,1.89,89.91,
chc-lra-0024.smt2,,,,9,8,959,256,115,3006,8,1057,965,1180,1048,,,345.12,344.71,timeout,598.87,431.75,379.67,,0.90,0.00,0.00,0.30,436.61,77.68,358.91,1.74,315.24,
chc-lra-0025.smt2,,,,4,3,34,1,26,128,,40,35,115,36,,,362.86,362.44,timeout,599.30,0.95,0.65,,0.00,0.00,0.00,0.01,1.04,0.15,0.89,0.05,0.58,
chc-lra-0026.smt2,7,,,7,7,256,45,35,847,5,341,261,423,341,7,1,330.84,191.97,unsat,17.29,16.20,12.64,,0.10,0.00,0.00,0.14,17.12,3.98,13.12,0.50,9.37,0.11
chc-lra-0027.smt2,,,4,8,8,134,51,235,1195,6,469,342,571,461,,,428.28,270.26,sat,27.06,25.09,19.43,,0.19,0.00,0.00,0.18,26.40,6.85,19.53,0.70,13.62,
chc-lra-0028.smt2,,,3,5,5,117,3,73,313,5,202,111,167,196,,,126.60,73.91,sat,4.11,3.63,2.97,,0.01,0.00,0.00,0.07,3.98,0.63,3.34,0.21,2.01,
chc-lra-0029.smt2,,,10,15,15,95,55,100,962,5,178,112,646,162,,,180.40,113.13,sat,3.30,2.72,1.88,,0.03,0.00,0.00,0.03,3.06,1.13,1.88,0.12,1.27,
chc-lra-0030.smt2,,,,4,3,5,4,1,14,,11,6,5,7,,,353.99,353.31,timeout,599.11,0.04,0.02,,0.00,0.01,0.00,0.00,0.06,0.01,0.04,0.01,0.01,
chc-lra-0031.smt2,,,3,4,4,439,,906,2035,,925,918,2011,920,,,1100.20,697.78,sat,220.55,207.68,164.56,,0.02,0.01,0.00,0.40,212.74,17.20,195.52,3.38,146.61,
chc-lra-0032.smt2,,,,4,3,21,4,13,72,,27,22,59,23,,,357.86,357.37,timeout,598.56,0.40,0.25,,0.00,0.00,0.00,0.01,0.46,0.07,0.37,0.03,0.22,
chc-lra-0033.smt2,,,3,4,4,448,,844,1799,,860,853,1781,855,,,1037.48,653.52,sat,173.21,162.49,123.00,,0.01,0.00,0.00,0.35,166.61,14.75,151.85,2.66,113.75,
chc-lra-0034.smt2,,,,4,3,21,,14,72,,27,22,60,23,,,346.84,346.13,timeout,598.67,0.61,0.43,,0.00,0.01,0.00,0.01,0.68,0.12,0.55,0.04,0.34,
chc-lra-0035.smt2,,,16,20,20,126,354,126,1969,9,414,193,931,399,,,193.72,135.24,sat,8.85,7.87,5.96,,0.10,0.00,0.00,0.09,8.67,2.24,6.37,0.30,4.45,
chc-lra-0036.smt2,,,,4,3,28,4,24,118,,34,29,109,30,,,389.67,389.04,timeout,599.12,0.90,0.67,,0.00,0.01,0.01,0.02,1.00,0.13,0.87,0.05,0.58,
chc-lra-0037.smt2,,,,15,14,840,653,22,5330,,975,895,2097,960,,,344.10,319.85,timeout,598.90,377.52,345.84,,2.10,0.00,0.00,0.32,383.45,107.81,275.60,1.76,237.95,
chc-lra-0038.smt2,,,14,22,22,254,254,282,5347,3,489,329,3665,467,,,659.16,466.00,sat,66.28,62.92,46.64,,0.65,0.00,0.00,0.12,65.23,35.64,29.52,0.60,23.36,
chc-lra-0039.smt2,,,3,4,4,156,,223,642,,240,234,622,235,,,1607.80,1111.73,sat,73.76,52.32,28.61,,0.01,0.01,0.01,0.30,53.41,6.29,47.10,0.72,30.98,
chc-lra-0040.smt2,,,1,2,2,47,,14,71,,65,58,21,62,,,218.16,128.38,sat,3.60,1.98,1.58,,0.00,0.01,0.00,0.07,2.25,0.82,1.43,0.24,0.18,
chc-lra-0041.smt2,,,1,2,2,46,,14,85,,79,72,21,76,,,229.48,135.42,sat,4.22,2.71,2.20,,0.00,0.01,0.00,0.10,3.07,1.02,2.05,0.31,0.26,
chc-lra-0042.smt2,,,1,2,2,53,,14,85,,79,72,21,76,,,230.48,136.40,sat,4.32,2.82,2.28,,0.00,0.01,0.00,0.09,3.17,1.17,1.99,0.30,0.23,
chc-lra-0043.smt2,,,1,3,3,233,2,221,159,,283,274,64,279,,,409.12,266.15,sat,23.84,20.85,18.06,,0.03,0.01,0.00,0.35,22.34,1.48,20.85,1.22,14.32,
chc-lra-0044.smt2,,,1,3,3,212,,206,180,,271,262,74,267,,,403.00,256.64,sat,22.36,20.05,17.27,,0.03,0.01,0.00,0.33,21.49,1.99,19.50,1.17,13.22,
chc-lra-0045.smt2,,,,4,3,199,,183,769,,206,202,748,202,,,354.18,348.35,timeout,599.14,23.20,18.16,,0.00,0.01,0.01,0.13,24.16,2.49,21.67,0.56,17.23,
chc-lra-0046.smt2,,,1,2,2,53,,14,95,,89,82,21,86,,,220.36,125.92,sat,4.16,2.98,2.42,,0.00,0.01,0.00,0.11,3.39,1.13,2.25,0.35,0.24,
chc-lra-0047.smt2,,,1,2,2,15,,14,28,,22,15,21,19,,,137.68,76.42,sat,1.14,0.43,0.20,,0.00,0.01,0.00,0.01,0.49,0.09,0.40,0.04,0.00,
chc-lra-0048.smt2,,,1,2,2,48,,14,80,,74,67,21,71,,,219.40,124.01,sat,3.47,2.46,2.00,,0.00,0.01,0.00,0.09,2.78,1.06,1.71,0.28,0.22,
chc-lra-0049.smt2,,,1,3,3,243,,235,207,,310,301,74,306,,,419.72,266.69,sat,26.40,23.65,20.20,,0.05,0.01,0.00,0.33,25.28,1.97,23.30,1.26,15.88,
chc-lra-0050.smt2,,,1,3,3,240,,227,188,,300,291,59,296,,,430.72,278.21,sat,26.53,23.18,20.22,,0.05,0.01,0.00,0.37,24.78,2.25,22.52,1.27,15.45,
chc-lra-0051.smt2,,,3,4,4,627,2,1423,3054,,1440,1433,3036,1435,,,1830.92,1173.21,sat,561.24,535.72,437.04,,0.02,0.01,0.00,0.67,545.52,37.26,508.26,6.86,394.69,
chc-lra-0052.smt2,,,1,2,2,69,,35,123,,111,89,48,108,,,1752.60,1045.29,sat,44.63,21.37,2.20,,0.00,0.01,0.00,0.10,21.77,3.72,18.05,0.34,0.19,
chc-lra-0053.smt2,,,1,3,3,299,,278,145,,379,336,45,375,,,1960.40,1232.70,sat,89.37,59.22,36.09,,0.01,0.01,0.01,0.55,61.28,2.12,59.15,1.77,27.23,
chc-lra-0054.smt2,,,1,3,3,247,,230,147,,328,285,50,324,,,1685.92,1016.43,sat,65.43,40.43,24.24,,0.00,0.01,0.00,0.41,42.06,1.31,40.74,1.38,17.43,
chc-lra-0055.smt2,,,8,11,11,602,47,712,719,,1074,863,195,1062,,,3177.96,2088.45,sat,359.47,327.50,220.76,,0.54,0.01,0.00,1.67,335.71,26.04,309.63,6.26,198.53,
chc-lra-0056.smt2,,,1,3,3,234,,221,123,,304,261,41,300,,,1885.84,1185.70,sat,76.15,50.28,27.53,,0.00,0.01,0.00,0.44,51.92,1.29,50.62,1.37,20.04,
chc-lra-0057.smt2,,,1,3,3,253,,240,154,,342,299,53,338,,,1698.08,1028.19,sat,69.12,44.76,26.98,,0.00,0.01,0.00,0.46,46.53,1.47,45.06,1.49,19.02,
chc-lra-0058.smt2,,,1,3,3,350,,344,146,,443,400,48,439,,,1857.12,1159.05,sat,100.73,65.17,42.24,,0.01,0.01,0.00,0.61,67.68,1.51,66.16,2.08,33.92,
chc-lra-0059.smt2,,,20,37,37,248,1500,236,8802,19,902,270,4349,867,,,646.72,463.57,sat,108.75,104.77,82.58,,0.80,0.00,0.00,0.23,108.14,43.04,64.98,0.92,52.03,
chc-lra-0060.smt2,,,14,21,21,69,296,92,1701,3,246,106,958,229,,,179.56,120.97,sat,5.43,4.73,3.56,,0.06,0.00,0.00,0.06,5.30,1.73,3.50,0.20,2.49,
chc-lra-0061.smt2,,,,32,31,815,1670,8,9313,39,1387,1006,4621,1362,,,315.82,312.90,timeout,598.64,284.19,237.17,,1.42,0.00,0.00,0.40,290.09,76.09,213.91,1.92,175.42,
chc-lra-0062.smt2,,,,34,33,1065,1540,5,13694,58,1776,1319,8205,1757,,,323.87,323.50,timeout,599.00,491.69,410.81,,2.24,0.00,0.00,0.53,500.27,148.20,351.97,3.01,284.01,
chc-lra-0063.smt2,,,,4,3,5,4,1,14,,11,6,5,7,,,393.29,369.61,timeout,599.62,0.07,0.04,,0.00,0.01,0.01,0.00,0.09,0.01,0.07,0.01,0.01,
chc-lra-0064.smt2,,,,22,21,1002,40,12,11357,,1074,996,10108,1053,,,396.54,396.05,timeout,599.31,521.22,336.90,,0.08,0.00,0.00,0.29,527.16,255.91,271.20,2.11,236.08,
chc-lra-0065.smt2,,,3,4,4,148,6,193,518,,237,228,506,232,,,5884.76,4488.85,sat,387.53,212.20,41.88,,0.00,0.02,0.02,0.41,213.23,141.06,72.16,0.73,35.41,
chc-lra-0066.smt2,,,,4,3,13,4,9,53,,19,13,44,15,,,1888.27,1882.70,timeout,599.87,1.12,1.05,,0.00,0.02,0.02,0.04,1.20,0.13,1.07,0.06,0.14,
chc-lra-0067.smt2,,,,28,27,1018,881,234,8573,12,1629,1377,5007,1609,,,296.04,291.94,timeout,598.41,359.02,311.78,,1.53,0.00,0.00,0.45,365.52,77.85,287.59,2.32,238.44,
chc-lra-0068.smt2,,,,4,3,43,2,34,163,,49,44,149,45,,,415.70,414.85,timeout,599.44,2.44,1.93,,0.00,0.01,0.01,0.03,2.59,0.27,2.31,0.09,1.46,
chc-lra-0069.smt2,,,24,35,35,111,974,179,6216,6,540,227,3956,517,,,478.64,313.33,sat,26.73,24.65,15.79,,0.34,0.00,0.00,0.12,26.31,12.98,13.23,0.52,8.67,
chc-lra-0070.smt2,,,1,2,2,34,,33,75,,49,27,46,46,,,278.96,171.30,sat,5.04,2.10,0.55,,0.00,0.01,0.00,0.01,2.17,0.12,2.05,0.04,0.36,
chc-lra-0071.smt2,,,1,2,2,47,,40,87,,79,47,49,76,,,818.92,563.53,sat,33.72,10.72,1.55,,0.01,0.01,0.00,0.07,10.92,1.76,9.16,0.15,0.65,
chc-lra-0072.smt2,,,,2,2,39,,39,41,,71,39,10,68,,,770.08,533.44,sat,31.05,8.30,1.08,,,0.01,0.00,0.02,8.41,0.36,8.05,0.07,0.54,
chc-lra-0073.smt2,,,,4,3,405,2,396,1619,,411,406,1605,407,,,410.47,410.11,timeout,598.73,87.54,69.68,,0.00,0.01,0.01,0.21,89.82,8.01,81.80,1.44,64.65,
chc-lra-0074.smt2,,,,4,3,81,2,77,393,,87,81,384,83,,,2323.69,2321.66,timeout,599.91,6.58,6.12,,0.00,0.02,0.02,0.37,7.13,0.28,6.84,0.48,2.02,
chc-lra-0075.smt2,,,22,30,30,90,361,116,3433,7,362,140,2190,340,,,310.00,218.78,sat,11.52,10.31,6.49,,0.16,0.00,0.00,0.08,11.28,5.86,5.33,0.31,3.25,
chc-lra-0076.smt2,,,22,30,30,90,361,116,3433,7,362,140,2190,340,,,310.00,218.78,sat,11.27,10.06,6.35,,0.15,0.00,0.00,0.08,11.03,5.67,5.26,0.31,3.21,
chc-lra-0077.smt2,29,,,29,29,273,664,70,2720,6,545,239,1350,546,29,1,319.56,214.25,unsat,13.95,12.57,9.46,,0.11,0.00,0.00,0.14,13.78,2.49,11.20,0.50,7.31,0.38
chc-lra-0078.smt2,17,,,17,17,158,119,,995,1,236,162,553,238,17,1,154.00,88.51,unsat,4.05,3.42,2.59,,0.02,0.00,0.00,0.07,3.93,0.92,2.96,0.23,1.80,0.11
chc-lra-0079.smt2,,,1,2,2,87,,30,167,,151,133,45,148,,,333.28,196.54,sat,11.00,7.96,5.75,,0.00,0.01,0.01,0.15,8.57,2.60,5.97,0.52,0.92,
chc-lra-0080.smt2,,,,4,3,6,3,2,19,,12,7,10,8,,,344.67,344.08,timeout,599.45,0.10,0.07,,0.00,0.01,0.01,0.00,0.13,0.02,0.10,0.01,0.03,
chc-lra-0081.smt2,,,,4,3,54,3,50,259,,60,54,250,56,,,2591.88,2403.37,timeout,599.89,2.05,1.82,,0.00,0.03,0.03,0.15,2.32,0.11,2.20,0.22,0.92,
chc-lra-0082.smt2,,,,4,3,174,1,154,675,,180,175,650,176,,,453.07,424.40,timeout,599.37,19.87,16.86,,0.00,0.02,0.02,0.11,20.60,1.90,18.70,0.46,13.28,
chc-lra-0083.smt2,,,1,2,2,83,,28,156,,136,134,46,133,,,283.76,160.31,sat,8.49,7.16,5.72,,0.00,0.01,0.01,0.13,7.72,2.89,4.82,0.48,1.18,
chc-lra-0084.smt2,,,,4,3,74,1,70,357,,80,74,348,76,,,2111.33,2108.79,timeout,599.66,8.92,8.42,,0.00,0.03,0.03,0.32,9.43,0.51,8.91,0.44,2.91,
chc-lra-0085.smt2,,,7,17,17,89,293,111,1545,18,295,187,741,278,,,227.64,145.32,sat,14.51,13.36,10.65,,0.09,0.00,0.00,0.12,14.28,3.67,10.57,0.44,8.11,
chc-lra-0086.smt2,,,8,20,20,104,288,116,2130,40,340,193,1039,320,,,263.20,170.01,sat,20.49,19.08,15.47,,0.16,0.00,0.00,0.15,20.24,6.34,13.84,0.52,10.75,
chc-lra-0087.smt2,,,1,2,2,127,,72,254,,217,179,107,214,,,1246.28,775.30,sat,165.58,32.05,12.52,,0.01,0.01,0.01,0.21,32.96,6.53,26.42,0.74,5.62,
chc-lra-0088.smt2,,,,4,3,32,3,28,147,,38,32,138,34,,,1771.41,1771.41,timeout,599.75,2.87,2.68,,0.00,0.04,0.03,0.12,3.08,0.23,2.85,0.18,0.66,
chc-lra-0089.smt2,,,,4,3,4,5,,9,,10,4,,6,,,1797.09,1797.00,timeout,599.95,0.35,0.32,,0.00,0.03,0.03,0.01,0.37,0.01,0.35,0.01,0.03,
chc-lra-0090.smt2,,,,4,3,130,2,126,638,,137,131,629,133,,,1884.07,1884.07,timeout,599.72,38.53,37.19,,0.00,0.04,0.03,0.88,39.79,0.69,39.09,1.14,15.29,
chc-lra-0091.smt2,,,,4,3,4,5,,9,,10,4,,6,,,1507.19,1507.19,timeout,599.96,0.67,0.63,,0.00,0.04,0.04,0.01,0.70,0.07,0.62,0.01,0.04,
chc-lra-0092.smt2,,,,4,3,95,,91,461,,102,98,452,98,,,1985.91,1985.91,timeout,599.95,30.30,29.37,,0.00,0.04,0.03,0.61,31.20,0.95,30.24,0.81,12.09,
chc-lra-0093.smt2,,,28,35,35,359,2536,407,13489,49,1242,578,6715,1220,,,1021.16,679.07,sat,356.13,348.18,288.61,,2.07,0.00,0.00,0.39,354.88,122.41,232.36,2.04,195.68,
chc-lra-0094.smt2,,,,4,3,5,4,1,14,,11,5,5,7,,,1305.48,1176.68,timeout,599.57,0.34,0.31,,0.00,0.03,0.03,0.01,0.36,0.02,0.34,0.01,0.03,
chc-lra-0095.smt2,,,,33,32,69,84,15,1078,1,170,38,514,138,,,290.04,274.49,timeout,599.21,1.38,0.92,,0.04,0.00,0.00,0.03,1.74,0.87,0.77,0.12,0.32,
chc-lra-0096.smt2,,,,4,3,8,2,4,25,,15,11,16,11,,,2000.99,2000.99,timeout,599.91,1.97,1.90,,0.00,0.04,0.04,0.02,2.02,0.21,1.81,0.03,0.10,
chc-lra-0097.smt2,23,,,23,23,359,316,1,2886,2,548,398,1421,550,23,1,406.52,253.99,unsat,26.99,25.13,20.46,,0.17,0.00,0.00,0.19,26.76,6.88,19.82,0.78,14.40,0.36
chc-lra-0098.smt2,26,,,26,26,776,1320,4,6952,19,1217,730,3142,1221,26,1,860.76,532.00,unsat,124.63,119.76,99.98,,0.96,0.00,0.00,0.36,124.27,34.74,89.45,1.89,67.41,0.77
chc-lra-0099.smt2,,,,29,28,1166,3876,2,16975,37,1763,853,7520,1744,,,370.14,367.59,timeout,599.33,479.04,410.12,,5.21,0.00,0.00,0.51,490.66,210.78,279.80,3.23,226.39,
chc-lra-0100.smt2,,,19,26,26,370,710,815,13932,39,1465,1366,8865,1443,,,1686.64,1121.08,sat,546.63,530.80,438.29,,3.81,0.00,0.00,0.90,542.76,190.32,352.36,5.03,288.35,
chc-lra-0101.smt2,33,,,33,33,649,523,52,11481,18,1049,960,6564,1061,33,1,974.16,641.65,unsat,221.41,213.20,174.36,,2.29,0.00,0.00,0.66,220.69,107.24,113.34,3.18,83.27,1.42
chc-lra-0102.smt2,,,,24,23,1244,2432,4,9610,20,1950,956,3006,1932,,,360.37,343.18,timeout,598.43,378.25,330.54,,2.79,0.00,0.00,0.61,387.30,100.13,287.10,3.54,230.92,
chc-lra-0103.smt2,,,,4,3,46,3,42,219,,52,46,210,48,,,799.29,799.29,timeout,599.50,3.19,2.92,,0.00,0.07,0.06,0.20,3.54,0.26,3.27,0.31,1.36,
chc-lra-0104.smt2,,,,4,3,146,1,142,716,,152,146,707,148,,,671.73,670.54,timeout,599.65,138.04,135.68,,0.00,0.06,0.06,1.40,140.01,2.93,137.07,1.84,60.84,
chc-lra-0105.smt2,,,,24,23,1249,2724,2,11428,18,1843,927,4060,1821,,,352.81,344.38,timeout,598.95,514.70,447.12,,3.67,0.00,0.00,0.58,524.68,157.78,366.83,3.40,298.70,
chc-lra-0106.smt2,,,,24,23,1369,2813,28,11204,25,2045,1038,3631,2024,,,365.54,349.23,timeout,598.87,531.19,459.04,,3.91,0.00,0.00,0.85,542.47,143.86,398.54,4.20,319.16,
chc-lra-0107.smt2,,,,24,23,1269,2304,7,10604,23,1942,1159,3767,1921,,,345.75,330.75,timeout,598.49,519.30,446.24,,3.44,0.00,0.00,0.65,529.64,148.52,381.04,3.86,306.07,
chc-lra-0108.smt2,,,,29,28,1021,1795,266,11527,23,1498,1047,6396,1479,,,322.71,322.26,timeout,599.21,556.74,472.26,,2.69,0.00,0.00,0.59,565.92,143.05,422.79,3.46,356.77,
chc-lra-0109.smt2,,,,23,22,1226,2027,16,10758,24,1780,1069,4426,1762,,,345.51,332.81,timeout,598.65,455.33,391.15,,3.01,0.00,0.00,0.63,464.83,134.93,329.83,3.59,265.29,
chc-lra-0110.smt2,,,,6,5,541,25,35,1216,,596,502,422,590,,,383.38,383.19,timeout,598.84,70.01,61.72,,0.28,0.00,0.00,0.19,72.12,16.92,55.19,1.17,45.32,
chc-lra-0111.smt2,,,,27,26,1049,1370,,12075,1,1511,1148,6728,1491,,,362.64,361.51,timeout,598.80,421.83,364.21,,2.41,0.00,0.00,0.66,430.52,144.03,286.41,3.50,237.08,
chc-lra-0112.smt2,,,8,12,12,107,55,182,739,11,443,271,482,442,,,243.96,156.99,sat,14.05,12.57,9.04,,0.05,0.00,0.00,0.18,13.72,1.80,11.89,0.72,7.40,
chc-lra-0113.smt2,,,,27,26,893,1716,5,10242,21,1410,1112,5139,1390,,,335.82,319.45,timeout,598.69,364.97,318.92,,1.96,0.00,0.00,0.62,372.69,111.26,261.35,3.39,216.84,
chc-lra-0114.smt2,,,10,14,14,145,86,286,1360,5,670,417,899,672,,,411.32,272.99,sat,35.06,32.06,23.79,,0.13,0.00,0.00,0.37,34.38,4.94,29.40,1.50,18.69,
chc-lra-0115.smt2,,,,28,27,1074,829,1,11696,19,1625,1298,7118,1607,,,346.18,345.82,timeout,599.24,483.55,407.74,,2.11,0.01,0.00,0.79,493.47,149.75,343.65,4.65,279.58,
chc-lra-0116.smt2,,,11,15,15,152,75,321,1535,,821,526,1027,825,,,448.16,297.78,sat,51.80,47.99,35.13,,0.16,0.00,0.00,0.44,50.99,7.46,43.50,1.98,27.76,
chc-lra-0117.smt2,,,,30,29,712,913,108,5922,20,1076,838,3119,1052,,,330.78,307.25,timeout,599.15,257.24,226.52,,0.84,0.01,0.00,0.56,262.89,50.07,212.73,2.95,180.52,
chc-lra-0118.smt2,,,,29,28,764,858,2,4970,5,1306,1054,2083,1285,,,335.86,311.32,timeout,598.89,195.21,168.23,,0.69,0.01,0.00,0.67,201.57,41.97,159.52,3.84,125.88,
chc-lra-0119.smt2,,,4,10,10,60,92,74,593,5,147,65,369,136,,,154.52,90.14,sat,3.84,3.17,2.52,,0.02,0.01,0.00,0.06,3.65,0.68,2.94,0.31,1.90,
chc-lra-0120.smt2,7,,,7,7,60,31,13,163,2,92,51,72,91,7,1,135.40,73.98,unsat,1.96,1.50,1.19,,0.00,0.01,0.00,0.04,1.81,0.19,1.60,0.19,0.95,0.06
chc-lra-0121.smt2,,,,29,28,970,1499,5,11259,38,1476,1233,6602,1451,,,341.80,341.39,timeout,598.81,521.33,458.70,,1.74,0.01,0.00,0.87,531.53,134.20,397.25,5.07,340.90,
chc-lra-0122.smt2,,,,27,26,1019,1761,1,8256,9,1568,1333,3295,1548,,,380.52,348.75,timeout,598.68,462.91,401.98,,2.07,0.01,0.00,1.19,474.33,108.38,365.86,6.64,299.73,
chc-lra-0123.smt2,,,,30,29,954,313,4,7769,9,1169,1078,5461,1153,,,355.21,354.72,timeout,599.33,382.67,341.09,,0.66,0.01,0.01,0.78,390.66,81.58,309.00,4.97,266.60,
chc-lra-0124.smt2,,,,25,24,844,995,,4143,2,1367,1102,1135,1352,,,368.54,336.88,timeout,598.49,317.63,283.66,,1.03,0.01,0.01,1.15,327.24,62.53,264.64,6.48,215.58,
chc-lra-0125.smt2,,,,31,30,718,667,114,6812,6,1065,850,4094,1040,,,341.82,334.86,timeout,598.74,193.67,168.58,,0.98,0.01,0.01,0.78,201.49,56.34,145.07,5.07,114.41,
chc-lra-0126.smt2,,,,30,29,975,2272,2,7626,17,1693,1467,2646,1671,,,382.12,350.30,timeout,598.71,534.65,474.41,,1.90,0.01,0.01,1.42,548.89,102.94,445.87,9.39,369.43,
chc-lra-0127.smt2,,,,35,34,1033,822,,12789,2,1517,1383,8625,1501,,,403.32,402.93,timeout,599.08,489.67,413.48,,1.74,0.01,0.01,1.61,503.93,149.66,354.18,9.44,278.63,
chc-lra-0128.smt2,,,,26,25,1002,861,2,4955,9,1415,1235,1862,1418,,,392.91,379.58,timeout,598.63,373.21,334.82,,1.10,0.02,0.01,1.39,385.69,71.13,314.49,9.00,257.44,
chc-lra-0129.smt2,,,,32,31,485,602,,1917,1,658,549,636,654,,,344.39,323.49,timeout,598.48,57.24,49.09,,0.16,0.02,0.01,0.64,62.30,14.64,47.57,4.17,33.78,
chc-lra-0130.smt2,,,,34,33,736,3265,5,8142,31,1507,1273,2357,1497,,,392.66,358.67,timeout,599.16,431.31,387.85,,1.82,0.02,0.01,1.63,446.51,87.23,359.18,10.77,297.54,
chc-lra-0131.smt2,,,,38,37,953,644,193,7917,14,1302,1086,5361,1274,,,392.87,392.22,timeout,598.97,309.07,268.42,,0.77,0.02,0.01,1.36,322.02,60.78,261.14,9.89,208.88,
chc-lra-0132.smt2,,,,27,26,1022,939,,4156,15,1498,1291,1175,1474,,,435.12,408.83,timeout,599.07,414.33,373.27,,1.03,0.02,0.01,1.64,430.07,76.05,353.94,12.33,286.67,
chc-lra-0133.smt2,,,,41,40,844,1232,1,8349,5,1381,1211,4608,1356,,,431.04,429.49,timeout,598.48,328.97,284.50,,1.14,0.02,0.01,1.81,344.95,83.21,261.63,12.31,202.06,
chc-lra-0134.smt2,,,,29,28,796,718,,7045,7,1155,993,3814,1130,,,407.14,401.17,timeout,598.80,349.29,311.07,,1.20,0.03,0.02,1.37,363.47,103.33,260.06,10.92,209.20,
chc-lra-ts-0000.smt2,,,,1,1,3,,3,2,,4,3,2,2,,,16.36,5.99,sat,0.01,0.00,0.00,,,0.00,0.00,0.00,0.00,0.00,0.00,0.00,0.00,
chc-lra-ts-0001.smt2,,,,1,1,3,,3,2,2,4,3,2,2,,,16.36,5.96,sat,0.01,0.00,0.00,,,0.00,0.00,0.00,0.00,0.00,0.00,0.00,0.00,
chc-lra-ts-0002.smt2,,,,1,1,3,,3,2,2,4,3,2,2,,,16.40,5.99,sat,0.01,0.00,0.00,,,0.00,0.00,0.00,0.00,0.00,0.00,0.00,0.00,
chc-lra-ts-0003.smt2,,,10,12,12,23,71,13,153,,91,13,66,78,,,25.56,12.83,sat,0.17,0.07,0.02,,0.00,0.00,0.00,0.01,0.15,0.02,0.09,0.02,0.01,
chc-lra-ts-0004.smt2,,,,1,1,2,,2,1,,3,2,1,1,,,16.20,5.90,sat,0.01,0.00,0.00,,,0.00,0.00,0.00,0.00,0.00,0.00,0.00,0.00,
chc-lra-ts-0005.smt2,,,,162,161,162,13040,,13202,,13203,162,,13041,,,190.45,190.22,timeout,595.45,551.84,117.24,,0.91,0.00,0.00,7.95,584.83,4.63,579.73,21.29,2.32,
chc-lra-ts-0006.smt2,,,,180,179,180,16109,,16289,,16290,180,,16110,,,198.40,198.12,timeout,594.98,564.94,221.31,,1.25,0.00,0.00,2.51,593.78,6.20,587.08,14.47,0.14,
chc-lra-ts-0007.smt2,,,128,130,130,259,8427,131,17283,,8646,131,8512,8515,,,718.00,551.07,sat,301.51,284.20,36.79,,0.33,0.00,0.00,3.54,300.87,160.42,140.06,9.40,3.26,
chc-lra-ts-0008.smt2,,,,2,2,3,,3,3,,6,3,1,3,,,16.56,6.10,sat,0.02,0.00,0.00,,,0.00,0.00,0.00,0.01,0.00,0.00,0.00,0.00,
chc-lra-ts-0009.smt2,,,1,2,2,3,,2,3,1,5,2,1,2,,,16.56,6.10,sat,0.02,0.00,0.00,,,0.00,0.00,0.00,0.01,0.00,0.00,0.00,0.00,
chc-lra-ts-0010.smt2,,,,115,114,229,12995,,13224,,13225,229,,13110,,,180.41,180.29,timeout,596.13,573.28,219.98,,0.76,0.00,0.00,1.94,595.09,2.24,592.53,10.51,185.51,
chc-lra-ts-0011.smt2,,,,115,114,229,12995,,13224,,13225,229,,13110,,,181.75,181.59,timeout,595.28,559.60,213.09,,0.76,0.00,0.00,1.90,581.05,2.21,578.53,10.24,179.64,
chc-lra-ts-0012.smt2,,,2,4,4,12,8,8,35,,19,8,18,14,,,19.48,8.12,sat,0.05,0.02,0.01,,0.00,0.00,0.00,0.00,0.04,0.01,0.02,0.00,0.00,
chc-lra-ts-0013.smt2,,,,91,90,1612,4095,,31387,,5708,1612,12840,5617,,,640.58,631.50,timeout,598.02,538.26,402.17,,27.65,0.00,0.00,0.79,581.90,422.80,158.83,8.26,0.05,
chc-lra-ts-0014.smt2,,,,1,1,3,,3,2,,4,3,2,2,,,16.72,6.19,sat,0.02,0.00,0.00,,,0.00,0.00,0.00,0.01,0.00,0.00,0.00,0.00,
chc-lra-ts-0015.smt2,,,1,2,2,3,,2,2,,5,2,,2,,,16.64,6.11,sat,0.02,0.00,0.00,,,0.00,0.00,0.00,0.01,0.00,0.00,0.00,0.00,
chc-lra-ts-0016.smt2,,,11,13,13,26,67,14,172,,95,14,79,81,,,28.64,14.74,sat,0.24,0.13,0.06,,0.00,0.00,0.00,0.01,0.23,0.04,0.15,0.02,0.05,
chc-lra-ts-0017.smt2,,,,151,150,152,11470,,11622,,11476,151,,11325,,,161.55,161.44,timeout,596.14,569.13,314.81,,1.08,0.00,0.00,4.32,594.93,2.05,592.44,14.08,215.23,
chc-lra-ts-0018.smt2,,,128,130,130,259,8418,131,17283,,8646,131,8512,8515,,,715.36,549.02,sat,305.51,286.99,39.15,,0.35,0.00,0.00,3.76,304.89,157.60,146.91,10.30,3.57,
chc-lra-ts-0019.smt2,,,,99,98,198,9698,,9896,,9800,197,,9701,,,159.37,159.17,timeout,596.44,571.09,338.40,,1.03,0.00,0.00,1.51,589.47,2.19,586.99,8.70,304.72,
chc-lra-ts-0020.smt2,,,51,52,52,204,1323,103,4280,,1481,103,2754,1428,,,291.04,208.67,sat,12.59,10.93,3.37,,0.09,0.00,0.00,0.17,12.38,5.49,6.75,0.49,2.42,
chc-lra-ts-0021.smt2,,,11,14,14,16,99,25,145,11,118,14,11,103,,,27.44,13.81,sat,0.23,0.11,0.05,,0.00,0.00,0.00,0.01,0.22,0.02,0.16,0.03,0.03,
chc-lra-ts-0022.smt2,,,,117,116,233,13455,,13688,,13689,233,,13572,,,184.60,184.37,timeout,595.39,565.56,215.18,,0.78,0.00,0.00,1.98,586.95,2.25,584.37,10.22,182.13,
chc-lra-ts-0023.smt2,,,,2,2,4,,4,6,,7,4,4,4,,,17.56,6.54,sat,0.02,0.01,0.00,,,0.00,0.00,0.00,0.01,0.00,0.01,0.00,0.00,
chc-lra-ts-0024.smt2,,,3,4,4,8,4,5,26,,12,5,13,8,,,18.68,7.49,sat,0.04,0.01,0.01,,0.00,0.00,0.00,0.00,0.03,0.01,0.01,0.00,0.00,
chc-lra-ts-0025.smt2,,,,141,140,141,9729,,9874,,9870,140,3,9730,,,183.27,182.97,timeout,595.02,569.82,233.15,,0.79,0.00,0.00,2.10,587.93,3.84,583.67,8.38,308.68,
chc-lra-ts-0026.smt2,,,3,4,4,8,5,5,26,,12,5,13,8,,,19.08,7.80,sat,0.04,0.02,0.01,,0.00,0.00,0.00,0.00,0.03,0.01,0.02,0.00,0.01,
chc-lra-ts-0027.smt2,,,,170,169,170,14364,,14534,,14535,170,,14365,,,293.69,273.38,timeout,596.42,560.87,139.95,,1.32,0.00,0.00,2.26,586.33,4.21,581.64,12.76,0.11,
chc-lra-ts-0028.smt2,,,,33,32,529,5487,,6016,,6017,544,,5984,,,234.98,234.85,timeout,598.37,581.90,432.83,,1.13,0.00,0.00,1.00,597.37,4.51,592.77,11.25,0.05,
chc-lra-ts-0029.smt2,,,100,102,102,404,5176,204,16056,,5457,204,10504,5354,,,1198.84,771.10,sat,197.73,187.26,22.77,,0.46,0.00,0.00,1.82,196.55,139.76,56.51,4.62,8.91,
chc-lra-ts-0030.smt2,,,,100,99,821,12707,,36587,1396,5050,100,11338,4950,,,311.42,308.70,timeout,597.11,550.71,346.91,,9.17,0.00,0.00,3.70,577.18,287.20,289.67,10.07,138.18,
chc-lra-ts-0031.smt2,,10,,1,1,1,,,,,1,2,,10,,,14.96,5.90,unknown,0.02,0.01,0.00,0.00,,0.00,0.00,0.00,0.01,,0.01,0.00,,0.00
chc-lra-ts-0032.smt2,,,,70,69,277,9452,,9729,,9730,277,,9660,,,170.33,170.11,timeout,596.39,559.23,331.33,,1.16,0.00,0.00,3.77,582.44,2.75,579.49,13.80,298.05,
chc-lra-ts-0033.smt2,,10,,1,1,1,,,,,1,2,,10,,,14.96,5.90,unknown,0.02,0.01,0.00,0.00,,0.00,0.00,0.00,0.01,,0.01,0.00,,0.00
chc-lra-ts-0034.smt2,,,4,8,8,9,32,11,59,,42,8,13,33,,,21.08,9.16,sat,0.09,0.03,0.02,,0.00,0.00,0.00,0.00,0.07,0.01,0.04,0.01,0.01,
chc-lra-ts-0035.smt2,2,,,2,2,6,,,3,,8,6,,7,2,1,27.00,6.69,unsat,0.03,0.01,0.00,,,0.00,0.00,0.00,0.02,0.00,0.01,0.00,0.00,0.00
chc-lra-ts-0036.smt2,,,,172,171,172,14705,,14877,,14878,172,,14706,,,312.28,285.10,timeout,594.57,546.29,221.95,,1.78,0.00,0.00,3.07,582.68,13.50,568.70,22.22,0.14,
chc-lra-ts-0037.smt2,,,,1,1,2,,2,1,,3,2,1,1,,,16.80,6.33,sat,0.01,0.00,0.00,,,0.00,0.00,0.00,0.00,0.00,0.00,0.00,0.00,
chc-lra-ts-0038.smt2,,,,100,99,302,9602,5,19377,2,7459,202,4720,7359,,,181.58,181.34,timeout,596.47,570.19,352.31,,1.84,0.00,0.00,3.04,588.96,57.34,531.30,8.70,298.06,
chc-lra-ts-0039.smt2,,,,1,1,3,,3,2,2,4,3,2,2,,,17.68,6.65,sat,0.02,0.00,0.00,,,0.00,0.00,0.00,0.01,0.00,0.01,0.00,0.00,
chc-lra-ts-0040.smt2,,,,2,2,3,,3,3,,6,3,1,3,,,17.44,6.48,sat,0.02,0.00,0.00,,,0.00,0.00,0.00,0.01,0.00,0.00,0.00,0.00,
chc-lra-ts-0041.smt2,,,,184,183,184,16835,,17019,,17020,312,,16836,,,300.13,261.94,timeout,594.94,542.17,143.25,,0.91,0.00,0.00,9.73,582.32,2.22,579.58,24.27,0.14,
chc-lra-ts-0042.smt2,,,1,2,2,3,,2,2,,5,2,,2,,,18.00,6.92,sat,0.02,0.01,0.00,,,0.00,0.00,0.00,0.01,0.00,0.01,0.00,0.00,
chc-lra-ts-0043.smt2,12,,,12,12,23,65,,77,,89,25,,88,12,1,36.08,13.23,unsat,0.19,0.08,0.04,,0.00,0.00,0.00,0.02,0.17,0.01,0.13,0.03,0.01,0.02
chc-lra-ts-0044.smt2,,,,1,1,2,,2,1,,3,2,1,1,,,16.64,6.19,sat,0.01,0.00,0.00,,,0.00,0.00,0.00,0.00,0.00,0.00,0.00,0.00,
chc-lra-ts-0045.smt2,,,2,3,3,5,2,3,6,,9,3,,5,,,17.92,6.79,sat,0.03,0.01,0.00,,0.00,0.00,0.00,0.00,0.02,0.00,0.01,0.00,0.00,
chc-lra-ts-0046.smt2,3,,,3,3,4,2,1,5,,7,5,,6,3,1,26.96,6.71,unsat,0.04,0.01,0.00,,0.00,0.00,0.00,0.00,0.02,0.00,0.01,0.00,0.00,0.00
chc-lra-ts-0047.smt2,,,,30,29,1288,7866,,11382,32,5778,979,888,5748,,,269.36,269.13,timeout,597.47,527.47,376.71,,3.33,0.00,0.00,1.07,544.19,35.47,508.63,7.48,338.66,
chc-lra-ts-0048.smt2,,,,100,99,324,14301,,17347,,9807,509,1345,9707,,,165.68,165.24,timeout,596.45,559.45,379.66,,2.28,0.00,0.00,8.19,587.89,17.51,570.08,17.02,298.20,
chc-lra-ts-0049.smt2,,,,95,94,281,12875,,13391,,8839,188,91,8744,,,173.95,173.84,timeout,596.61,563.37,368.00,,1.51,0.00,0.00,8.64,594.84,4.77,589.80,20.81,330.53,
chc-lra-ts-0050.smt2,,,,98,97,279,4476,,21978,,4756,97,8611,4658,,,194.48,194.19,timeout,596.81,566.09,375.13,,3.77,0.00,0.00,3.00,585.62,172.64,412.68,9.00,241.40,
chc-lra-ts-0051.smt2,3,,,3,3,7,2,,9,,10,7,1,9,3,1,27.76,7.43,unsat,0.04,0.01,0.01,,0.00,0.00,0.00,0.00,0.02,0.00,0.02,0.00,0.00,0.00
chc-lra-ts-0052.smt2,,,,82,81,388,6334,,24740,,6723,163,9009,6641,,,273.96,243.73,timeout,597.34,561.80,298.11,,3.90,0.00,0.00,2.59,582.36,157.72,424.40,9.23,211.29,
chc-lra-ts-0053.smt2,,5160,,102,102,102,100,,5252,,5253,103,,5262,,,267.84,208.26,unknown,34.76,29.13,0.08,13.16,0.00,0.00,0.00,1.03,34.66,7.05,27.28,2.91,0.02,0.06
chc-lra-ts-0054.smt2,,,3,9,9,25,36,45,244,3,107,63,100,97,,,39.08,21.26,sat,0.39,0.25,0.15,,0.01,0.00,0.00,0.01,0.35,0.10,0.23,0.04,0.06,
chc-lra-ts-0055.smt2,,,,95,94,284,13296,,13580,,13488,2398,,13393,,,177.95,177.77,timeout,596.57,548.58,332.92,,1.70,0.00,0.00,3.53,575.89,3.27,572.36,15.76,232.35,
chc-lra-ts-0056.smt2,,,3,8,8,21,27,21,139,1,65,29,49,56,,,29.16,14.78,sat,0.20,0.11,0.06,,0.00,0.00,0.00,0.01,0.18,0.05,0.11,0.02,0.03,
chc-lra-ts-0057.smt2,3,,,3,3,10,1,1,10,,13,9,4,12,3,1,29.32,8.09,unsat,0.05,0.02,0.01,,0.00,0.00,0.00,0.00,0.03,0.00,0.02,0.00,0.00,0.00
chc-lra-ts-0058.smt2,,,,39,38,817,9997,,11585,,10142,815,371,10103,,,213.08,212.83,timeout,596.82,550.44,372.73,,2.09,0.00,0.00,1.99,572.80,10.77,561.91,12.52,308.28,
chc-lra-ts-0059.smt2,3,,,3,3,3,2,,5,,6,3,,5,3,1,27.20,6.90,unsat,0.04,0.01,0.00,,0.00,0.00,0.00,0.00,0.02,0.00,0.01,0.00,0.00,0.00
chc-lra-ts-0060.smt2,4,,,4,4,6,5,,11,,11,7,,10,4,1,28.92,7.89,unsat,0.07,0.02,0.01,,0.00,0.00,0.00,0.00,0.05,0.00,0.03,0.00,0.00,0.00
chc-lra-ts-0061.smt2,,,,127,126,305,18593,,19572,148,8004,126,223,7877,,,154.31,154.11,timeout,596.40,555.27,378.04,,2.84,0.00,0.00,4.83,580.70,6.66,573.65,13.26,378.50,
chc-lra-ts-0062.smt2,,,,92,91,537,9437,,28254,2069,4189,91,8436,4097,,,200.36,200.04,timeout,597.32,567.57,430.32,,6.93,0.00,0.00,2.25,588.33,209.90,378.13,7.81,233.47,
chc-lra-ts-0063.smt2,,,4,5,5,9,7,5,16,,18,5,1,12,,,19.80,8.18,sat,0.06,0.02,0.01,,0.00,0.00,0.00,0.00,0.04,0.00,0.03,0.00,0.01,
chc-lra-ts-0064.smt2,,,,131,130,136,8998,,9137,,8518,130,,8387,,,189.61,189.47,timeout,596.18,549.58,356.72,,1.16,0.00,0.00,9.47,583.77,2.26,581.12,23.38,316.28,
chc-lra-ts-0065.smt2,7,,,7,7,7,20,,27,,28,7,,27,7,1,32.80,10.02,unsat,0.09,0.03,0.02,,0.00,0.00,0.00,0.00,0.06,0.00,0.04,0.01,0.00,0.01
chc-lra-ts-0066.smt2,,,2,8,8,13,28,10,50,,40,9,1,31,,,24.72,11.09,sat,0.15,0.08,0.06,,0.00,0.00,0.00,0.01,0.14,0.01,0.10,0.01,0.05,
chc-lra-ts-0067.smt2,,,,126,125,129,7624,,7762,,7635,123,4,7510,,,161.58,161.25,timeout,596.51,551.50,365.57,,0.93,0.00,0.00,14.90,593.99,3.15,590.47,32.49,322.52,
chc-lra-ts-0068.smt2,,,,154,153,155,11930,,12086,,11935,154,,11781,,,155.64,155.41,timeout,594.87,552.50,306.64,,0.81,0.00,0.00,6.31,582.11,1.85,579.80,17.36,216.93,
chc-lra-ts-0069.smt2,,,,146,145,152,10712,3,10866,,10450,147,,10304,,,145.84,145.50,timeout,595.82,562.98,363.37,,1.07,0.00,0.00,6.29,593.33,2.03,590.85,18.62,307.72,
chc-lra-ts-0070.smt2,,25,,7,7,7,10,,23,,24,9,,33,,,17.52,7.62,unknown,0.13,0.08,0.01,0.06,0.00,0.00,0.00,0.01,0.12,0.01,0.09,0.01,0.01,0.02
chc-lra-ts-0071.smt2,,,,73,72,345,4993,,18303,25,4943,148,6490,4870,,,172.42,172.17,timeout,596.90,558.95,348.55,,3.35,0.00,0.00,1.89,575.19,136.03,438.93,6.56,263.86,
chc-lra-ts-0072.smt2,7,,,7,7,11,21,2,33,,33,17,,32,7,1,31.80,9.66,unsat,0.10,0.03,0.02,,0.00,0.00,0.00,0.01,0.08,0.01,0.05,0.01,0.00,0.01
chc-lra-ts-0073.smt2,17,,,17,17,46,180,,319,,223,33,46,222,17,1,60.96,27.23,unsat,0.75,0.45,0.26,,0.01,0.00,0.00,0.05,0.71,0.07,0.59,0.11,0.14,0.05
chc-lra-ts-0074.smt2,,,,128,127,161,8091,,12492,,8131,127,2120,8003,,,150.26,150.05,timeout,596.71,548.13,328.23,,1.38,0.00,0.00,7.79,579.47,37.70,541.38,20.20,299.80,
chc-lra-ts-0075.smt2,,,1,1,1,1,,1,,,2,1,,,,,16.16,6.11,sat,0.01,0.00,,,,0.00,0.00,,0.00,0.00,0.00,,,
chc-lra-ts-0076.smt2,,,,85,84,278,7685,,15960,924,7067,406,3895,6982,,,165.57,165.25,timeout,595.90,554.66,377.22,,2.41,0.00,0.00,4.63,578.13,71.21,506.65,13.87,286.67,
chc-lra-ts-0077.smt2,,,,83,82,585,19592,,23998,30,6416,159,1797,6333,,,184.63,184.41,timeout,596.23,552.91,335.21,,5.52,0.00,0.00,4.10,577.90,37.11,540.53,12.20,322.65,
chc-lra-ts-0078.smt2,3,,,3,3,6,2,,5,,9,8,,8,3,1,29.36,8.14,unsat,0.05,0.01,0.01,,0.00,0.00,0.00,0.00,0.03,0.00,0.02,0.00,0.00,0.00
chc-lra-ts-0079.smt2,,,,132,131,259,15819,,16109,,8271,128,4,8140,,,152.02,151.80,timeout,597.04,562.17,379.98,,2.30,0.00,0.00,7.12,592.53,4.26,587.88,17.89,386.02,
chc-lra-ts-0080.smt2,13,,,13,13,13,77,,90,,91,13,,90,13,1,36.96,12.94,unsat,0.19,0.07,0.04,,0.00,0.00,0.00,0.02,0.17,0.01,0.12,0.03,0.00,0.02
chc-lra-ts-0081.smt2,,,,27,26,1216,3410,264,9924,190,3011,738,3242,2984,,,382.89,346.18,timeout,598.04,488.63,396.30,,4.13,0.00,0.00,1.10,503.61,97.15,406.38,7.03,293.77,
chc-lra-ts-0082.smt2,,,,68,67,367,6607,,15347,5,6953,552,4177,6885,,,172.04,171.61,timeout,596.56,575.52,395.05,,2.66,0.00,0.00,2.48,594.12,83.17,510.74,9.24,298.85,
chc-lra-ts-0083.smt2,3,,,3,3,5,2,,5,,8,5,,7,3,1,29.00,7.89,unsat,0.05,0.01,0.01,,0.00,0.00,0.00,0.00,0.03,0.00,0.02,0.00,0.00,0.00
chc-lra-ts-0084.smt2,3,,,3,3,3,2,,5,,6,3,,5,3,1,28.88,7.60,unsat,0.04,0.01,0.00,,0.00,0.00,0.00,0.00,0.02,0.00,0.01,0.00,0.00,0.00
chc-lra-ts-0085.smt2,4,,,4,4,4,5,,9,,10,4,,9,4,1,29.00,7.85,unsat,0.05,0.01,0.01,,0.00,0.00,0.00,0.00,0.03,0.00,0.02,0.00,0.00,0.00
chc-lra-ts-0086.smt2,3,,,3,3,3,2,,5,,6,4,,5,3,1,29.04,7.77,unsat,0.04,0.01,0.00,,0.00,0.00,0.00,0.00,0.02,0.00,0.01,0.00,0.00,0.00
chc-lra-ts-0087.smt2,7,,,7,7,7,18,,25,,26,7,,25,7,1,31.52,9.61,unsat,0.09,0.03,0.02,,0.00,0.00,0.00,0.01,0.07,0.00,0.05,0.01,0.00,0.01
chc-lra-ts-0088.smt2,7,,,7,7,24,24,1,50,,46,24,5,45,7,1,39.80,14.58,unsat,0.20,0.11,0.07,,0.00,0.00,0.00,0.01,0.17,0.01,0.14,0.02,0.05,0.01
chc-lra-ts-0089.smt2,7,,,7,7,7,13,,21,,22,7,,21,7,1,30.52,8.66,unsat,0.08,0.02,0.01,,0.00,0.00,0.00,0.01,0.06,0.00,0.04,0.01,0.00,0.01
chc-lra-ts-0090.smt2,13,,,13,13,13,39,,80,,58,13,18,59,13,1,37.12,13.35,unsat,0.20,0.08,0.05,,0.00,0.00,0.00,0.02,0.16,0.01,0.12,0.02,0.02,0.02
chc-lra-ts-0091.smt2,7,,,7,7,7,13,,21,,22,8,,21,7,1,32.00,9.80,unsat,0.09,0.03,0.02,,0.00,0.00,0.00,0.01,0.07,0.00,0.04,0.01,0.00,0.01
chc-lra-ts-0092.smt2,13,,,13,13,35,69,11,112,,140,80,,139,13,1,42.24,15.75,unsat,0.36,0.17,0.09,,0.00,0.00,0.00,0.03,0.33,0.03,0.27,0.07,0.02,0.02
chc-lra-ts-0093.smt2,,,,69,68,226,5816,,8819,145,4896,318,1364,4827,,,207.67,207.33,timeout,596.51,542.29,385.22,,1.84,0.00,0.00,2.99,558.49,44.87,513.41,8.81,317.47,
chc-lra-ts-0094.smt2,,,,72,71,211,6519,,7606,,5111,206,419,5039,,,202.56,202.08,timeout,597.03,561.93,401.56,,1.28,0.00,0.00,3.11,577.89,21.89,555.78,9.21,341.17,
chc-lra-ts-0095.smt2,,29,,7,7,7,11,,25,,26,12,,26,,,19.72,8.68,unknown,0.19,0.13,0.01,0.11,0.00,0.00,0.00,0.01,0.18,0.03,0.12,0.01,0.02,
chc-lra-ts-0096.smt2,4,,,4,4,4,5,,9,,10,6,,9,4,1,32.24,9.52,unsat,0.06,0.02,0.01,,0.00,0.00,0.00,0.00,0.03,0.00,0.02,0.00,0.00,0.01
chc-lra-ts-0097.smt2,4,,,4,4,11,4,1,14,,18,13,4,17,4,1,35.08,11.13,unsat,0.10,0.05,0.03,,0.00,0.00,0.00,0.01,0.07,0.01,0.06,0.01,0.01,0.01
chc-lra-ts-0098.smt2,13,,,13,13,17,63,,78,,83,17,,82,13,1,50.00,21.02,unsat,0.37,0.19,0.14,,0.00,0.00,0.00,0.03,0.32,0.01,0.27,0.05,0.06,0.06
chc-lra-ts-0099.smt2,10,,,10,10,13,25,3,42,,43,13,,42,10,1,59.24,24.76,unsat,0.36,0.19,0.16,,0.00,0.00,0.00,0.02,0.29,0.01,0.24,0.03,0.04,0.10
chc-lra-ts-0100.smt2,,,,21,20,825,1341,13,7895,,1453,1264,3095,1432,,,330.76,312.87,timeout,599.43,519.50,461.20,,2.46,0.00,0.00,0.71,527.99,130.90,397.03,2.96,334.14,
chc-lra-ts-0101.smt2,,,3,4,4,537,3,828,1692,,849,842,1680,844,,,899.36,608.73,sat,137.30,128.02,99.23,,0.00,0.00,0.00,0.21,131.08,13.99,117.08,1.59,96.08,
chc-lra-ts-0102.smt2,,,3,4,4,735,5,1061,2129,,1083,1076,2117,1078,,,1263.76,896.56,sat,269.56,253.33,199.27,,0.01,0.00,0.00,0.29,257.84,26.92,230.92,2.45,193.69,
chc-lra-ts-0103.smt2,,,,4,3,9,5,4,29,,15,10,19,11,,,303.42,302.53,timeout,598.99,0.05,0.03,,0.00,0.00,0.00,0.00,0.07,0.01,0.05,0.01,0.01,
chc-lra-ts-0104.smt2,,,3,4,4,161,4,228,499,,251,244,479,246,,,224.92,140.18,sat,12.43,11.37,9.25,,0.01,0.00,0.00,0.06,11.90,0.97,10.93,0.26,8.64,
chc-lra-ts-0105.smt2,4,,,4,4,31,5,,9,,44,41,,43,4,1,60.68,26.54,unsat,0.52,0.41,0.33,,0.00,0.00,0.00,0.02,0.48,0.00,0.47,0.04,0.28,0.02
chc-lra-ts-0106.smt2,,,2,3,3,66,,95,192,,101,96,185,97,,,105.44,60.27,sat,1.53,1.21,0.71,,0.00,0.00,0.00,0.02,1.37,0.20,1.16,0.09,0.66,
chc-lra-ts-0107.smt2,,,2,3,3,77,2,98,193,,104,99,186,100,,,104.56,61.84,sat,1.63,1.29,0.77,,0.00,0.00,0.00,0.02,1.46,0.22,1.23,0.09,0.72,
chc-lra-ts-0108.smt2,,,3,4,4,204,,316,714,,331,325,700,326,,,365.12,240.57,sat,18.61,16.47,12.17,,0.00,0.00,0.00,0.10,17.28,1.63,15.65,0.44,11.30,
chc-lra-ts-0109.smt2,,,3,4,4,533,2,719,1503,,733,727,1491,728,,,905.20,595.78,sat,114.81,106.79,82.43,,0.00,0.00,0.00,0.22,109.54,10.11,99.42,1.53,80.40,
chc-lra-ts-0110.smt2,,,,4,3,12,4,7,42,,18,13,32,14,,,300.33,299.81,timeout,598.85,0.10,0.06,,0.00,0.00,0.00,0.00,0.13,0.03,0.10,0.01,0.05,
chc-lra-ts-0111.smt2,,,3,4,4,276,4,518,1077,,536,529,1059,531,,,698.20,433.64,sat,54.97,50.64,36.54,,0.01,0.00,0.00,0.15,52.48,6.39,46.08,1.03,35.71,
chc-lra-ts-0112.smt2,,,10,15,15,91,52,103,987,2,176,111,668,160,,,171.16,113.37,sat,3.62,3.03,2.10,,0.04,0.00,0.00,0.03,3.39,1.34,2.01,0.12,1.35,
chc-lra-ts-0113.smt2,,,14,22,22,263,406,304,5209,4,677,344,3498,655,,,667.96,475.83,sat,93.50,89.39,70.93,,0.59,0.00,0.00,0.18,92.21,31.66,60.49,0.94,48.59,
chc-lra-ts-0114.smt2,3,,,3,3,7,2,1,8,1,10,6,2,9,3,1,33.04,10.67,unsat,0.05,0.01,0.01,,0.00,0.00,0.00,0.00,0.03,0.00,0.02,0.00,0.00,0.00
chc-lra-ts-0115.smt2,,,,4,3,12,,8,45,,18,14,36,14,,,341.01,340.68,timeout,598.93,0.19,0.12,,0.00,0.00,0.00,0.00,0.23,0.04,0.18,0.01,0.10,
chc-lra-ts-0116.smt2,,,3,4,4,506,3,1077,2272,,1103,1098,2258,1099,,,1424.72,971.71,sat,218.35,203.77,135.45,,0.01,0.00,0.00,0.60,209.46,30.44,179.01,3.81,131.20,
chc-lra-ts-0117.smt2,,,3,4,4,407,1,632,1419,,652,645,1395,647,,,762.76,502.94,sat,82.52,76.16,61.67,,0.02,0.00,0.00,0.22,78.66,5.30,73.35,1.54,56.74,
chc-lra-ts-0118.smt2,,,3,7,7,43,22,47,144,,92,45,60,84,,,59.76,33.40,sat,0.59,0.41,0.27,,0.00,0.00,0.00,0.02,0.53,0.08,0.42,0.06,0.21,
chc-lra-ts-0119.smt2,,,3,6,6,26,9,26,74,,41,29,43,35,,,39.36,20.03,sat,0.22,0.13,0.08,,0.00,0.00,0.00,0.01,0.18,0.03,0.14,0.02,0.06,
chc-lra-ts-0120.smt2,,,,23,22,974,465,13,7978,,1062,967,5921,1040,,,354.37,353.92,timeout,598.91,426.35,325.32,,0.92,0.00,0.00,0.28,431.97,172.01,259.89,2.01,224.57,
chc-lra-ts-0121.smt2,,,3,4,4,447,,710,1557,,731,726,1539,726,,,880.32,566.19,sat,94.71,87.13,57.86,,0.01,0.00,0.00,0.27,89.87,11.51,78.34,1.79,54.23,
chc-lra-ts-0122.smt2,,,,4,3,17,3,10,60,,23,18,48,19,,,360.08,359.39,timeout,599.16,0.16,0.11,,0.00,0.01,0.00,0.01,0.21,0.03,0.17,0.02,0.07,
chc-lra-ts-0123.smt2,,,,4,3,46,2,39,179,,53,49,167,49,,,325.36,324.66,timeout,598.92,1.72,1.24,,0.00,0.01,0.00,0.02,1.87,0.26,1.61,0.09,1.11,
chc-lra-ts-0124.smt2,,,,4,3,22,4,15,78,,28,23,66,24,,,364.30,356.87,timeout,599.42,0.54,0.32,,0.00,0.00,0.00,0.01,0.60,0.09,0.50,0.04,0.32,
chc-lra-ts-0125.smt2,,,,148,147,160,11258,7,12033,,11071,1135,321,10923,,,159.84,159.60,timeout,594.91,544.33,286.49,,0.89,0.00,0.00,11.48,583.95,4.11,579.39,27.42,255.07,
chc-lra-ts-0126.smt2,,,3,7,7,39,15,43,128,,91,54,49,87,,,61.36,35.28,sat,0.73,0.53,0.35,,0.00,0.00,0.00,0.02,0.66,0.10,0.54,0.07,0.27,
chc-lra-ts-0127.smt2,,,,,,,,,,,,,,,,,0.09,0.09,error,,,,,,,,,,,,,,
chc-lra-ts-0128.smt2,,,11,14,14,38,81,36,614,,122,40,309,108,,,73.36,43.52,sat,1.01,0.75,0.48,,0.01,0.00,0.00,0.02,0.94,0.38,0.52,0.06,0.26,
chc-lra-ts-0129.smt2,,,,4,3,49,4,42,203,,55,50,191,51,,,374.34,361.85,timeout,599.12,1.61,1.18,,0.00,0.01,0.01,0.04,1.78,0.21,1.57,0.11,0.99,
chc-lra-ts-0130.smt2,,,,4,3,247,3,238,991,,253,248,977,249,,,346.32,341.50,timeout,599.22,38.64,31.20,,0.00,0.01,0.01,0.12,39.98,3.40,36.56,0.80,29.66,
chc-lra-ts-0131.smt2,,,,25,24,54,57,12,657,2,119,31,316,95,,,289.18,260.79,timeout,599.00,0.74,0.48,,0.02,0.00,0.00,0.02,0.98,0.44,0.46,0.07,0.19,
chc-lra-ts-0132.smt2,,,,4,3,40,4,30,150,,46,41,135,42,,,368.97,368.58,timeout,598.69,1.01,0.70,,0.00,0.01,0.00,0.02,1.13,0.17,0.95,0.08,0.58,
chc-lra-ts-0133.smt2,,,15,26,26,62,364,96,2395,4,311,103,1419,289,,,203.40,137.69,sat,5.80,4.99,3.21,,0.08,0.00,0.00,0.06,5.64,2.35,3.21,0.22,1.91,
chc-lra-ts-0134.smt2,,,,4,3,61,2,54,243,,67,62,231,63,,,368.21,367.91,timeout,599.02,3.06,2.22,,0.00,0.01,0.00,0.03,3.27,0.38,2.89,0.12,2.02,
chc-lra-ts-0135.smt2,,,,4,3,62,,50,230,,68,63,213,64,,,381.50,371.03,timeout,599.07,2.89,1.99,,0.00,0.01,0.00,0.03,3.10,0.47,2.62,0.11,1.92,
chc-lra-ts-0136.smt2,,,11,15,15,52,122,49,709,2,142,46,396,128,,,95.56,60.75,sat,1.28,0.96,0.60,,0.02,0.00,0.00,0.02,1.19,0.39,0.75,0.08,0.40,
chc-lra-ts-0137.smt2,,,4,8,8,55,33,72,256,3,133,75,136,129,,,80.76,46.82,sat,1.20,0.91,0.61,,0.01,0.00,0.00,0.03,1.11,0.19,0.89,0.10,0.47,
chc-lra-ts-0138.smt2,9,,,9,9,15,27,,59,,45,18,10,44,9,1,51.00,21.98,unsat,0.32,0.19,0.14,,0.00,0.00,0.00,0.01,0.28,0.04,0.21,0.03,0.09,0.02
chc-lra-ts-0139.smt2,,,7,16,16,40,60,34,184,16,119,39,88,103,,,76.80,44.57,sat,1.37,1.09,0.77,,0.00,0.00,0.00,0.03,1.30,0.11,1.15,0.10,0.75,
chc-lra-ts-0140.smt2,9,,,9,9,16,23,2,63,4,45,17,14,44,9,1,51.04,21.92,unsat,0.32,0.19,0.14,,0.00,0.00,0.00,0.02,0.28,0.04,0.21,0.03,0.09,0.02
chc-lra-ts-0141.smt2,,,7,16,16,40,56,36,199,13,122,52,101,107,,,80.92,46.81,sat,1.52,1.22,0.87,,0.00,0.00,0.00,0.03,1.45,0.12,1.28,0.10,0.87,
chc-lra-ts-0142.smt2,,,7,16,16,36,53,37,201,20,111,46,107,97,,,75.40,43.47,sat,1.25,0.97,0.68,,0.00,0.00,0.00,0.03,1.17,0.11,1.01,0.09,0.66,
chc-lra-ts-0143.smt2,9,,,9,9,20,26,2,56,2,51,21,9,50,9,1,53.24,23.33,unsat,0.37,0.24,0.17,,0.00,0.00,0.00,0.02,0.33,0.04,0.27,0.04,0.12,0.02
chc-lra-ts-0144.smt2,9,,,9,9,23,22,9,107,,51,22,64,50,9,1,59.48,26.70,unsat,0.46,0.32,0.21,,0.00,0.00,0.00,0.02,0.42,0.06,0.33,0.04,0.16,0.02
chc-lra-ts-0145.smt2,,,6,11,11,38,42,33,200,25,93,44,127,81,,,71.00,40.85,sat,1.07,0.81,0.57,,0.00,0.00,0.00,0.03,0.98,0.13,0.82,0.08,0.53,
chc-lra-ts-0146.smt2,,,3,4,4,198,,332,791,,346,340,777,341,,,1924.92,1320.55,sat,118.95,100.10,61.62,,0.01,0.01,0.01,0.35,101.97,12.71,89.25,1.14,64.30,
chc-lra-ts-0147.smt2,,,22,35,35,105,1001,164,5808,11,545,222,3540,518,,,416.88,286.99,sat,22.23,20.28,12.76,,0.31,0.00,0.00,0.12,21.85,10.87,10.87,0.50,7.03,
chc-lra-ts-0148.smt2,7,,,7,7,351,26,53,1622,17,389,378,768,388,7,1,468.28,303.21,unsat,36.18,34.42,28.14,,0.29,0.00,0.00,0.16,35.95,11.55,24.38,0.70,18.29,0.13
chc-lra-ts-0149.smt2,,,4,8,8,180,71,563,2498,22,772,750,1120,763,,,878.56,572.23,sat,118.55,113.20,91.81,,0.66,0.00,0.00,0.35,116.73,28.16,88.54,1.64,68.50,
chc-lra-ts-0150.smt2,,,15,24,24,65,241,77,1747,4,276,73,1015,256,,,179.12,118.12,sat,4.18,3.49,2.32,,0.06,0.00,0.00,0.05,4.04,1.55,2.42,0.20,1.39,
chc-lra-ts-0151.smt2,11,,,11,11,36,25,2,110,,65,36,43,65,11,1,54.92,24.74,unsat,0.42,0.26,0.18,,0.00,0.00,0.00,0.02,0.37,0.05,0.30,0.04,0.14,0.03
chc-lra-ts-0152.smt2,,,,32,31,1048,2123,4,10706,95,1677,1289,5228,1650,,,332.16,331.76,timeout,599.39,460.88,385.77,,1.89,0.00,0.00,0.50,468.55,114.84,353.62,2.79,290.38,
chc-lra-ts-0153.smt2,,,,31,30,1116,1056,15,9086,87,1663,1363,5143,1640,,,320.71,320.34,timeout,598.50,488.66,424.57,,1.62,0.00,0.00,0.49,496.02,115.08,380.85,2.63,321.74,
chc-lra-ts-0154.smt2,,,,4,3,40,4,30,152,,46,41,137,42,,,379.53,378.76,timeout,599.15,1.04,0.73,,0.00,0.01,0.01,0.02,1.16,0.17,0.99,0.08,0.60,
chc-lra-ts-0155.smt2,,,,4,3,30,3,20,104,,37,32,89,33,,,421.65,399.76,timeout,598.88,1.38,1.02,,0.00,0.01,0.00,0.02,1.50,0.19,1.30,0.07,0.85,
chc-lra-ts-0156.smt2,,,,4,3,172,2,154,655,,178,173,632,174,,,382.21,381.37,timeout,598.96,19.86,15.55,,0.00,0.01,0.01,0.08,20.67,2.17,18.50,0.45,14.63,
chc-lra-ts-0157.smt2,,,22,32,32,97,518,142,4640,9,453,153,2828,427,,,371.64,251.41,sat,18.31,16.64,11.40,,0.27,0.00,0.00,0.11,18.02,9.14,8.77,0.43,5.53,
chc-lra-ts-0158.smt2,,,22,32,32,97,518,142,4640,9,453,153,2828,427,,,371.64,251.41,sat,18.20,16.55,11.33,,0.26,0.00,0.00,0.10,17.91,9.16,8.65,0.42,5.44,
chc-lra-ts-0159.smt2,,,3,4,4,279,5,522,1163,,551,544,1151,546,,,2903.96,2108.47,sat,246.95,187.83,124.59,,0.01,0.02,0.02,0.35,190.38,20.28,170.09,1.47,122.04,
chc-lra-ts-0160.smt2,,,,29,28,1101,1316,165,8392,11,1701,1409,4279,1675,,,321.17,320.80,timeout,599.06,419.32,366.42,,1.91,0.00,0.00,0.49,426.77,92.54,334.15,2.64,278.70,
chc-lra-ts-0161.smt2,,,16,21,21,117,273,119,2150,10,382,178,1109,369,,,198.00,136.17,sat,7.86,6.92,5.10,,0.09,0.00,0.00,0.08,7.69,2.44,5.19,0.29,3.49,
chc-lra-ts-0162.smt2,,,4,8,8,54,24,65,216,1,139,85,95,136,,,78.60,45.10,sat,1.31,0.99,0.68,,0.01,0.00,0.00,0.04,1.22,0.19,1.01,0.12,0.52,
chc-lra-ts-0163.smt2,,,,4,3,1187,2,1179,4758,,1193,1188,4745,1189,,,424.95,424.26,timeout,598.67,556.94,464.91,,0.01,0.01,0.01,0.72,566.99,51.66,515.32,6.70,426.56,
chc-lra-ts-0164.smt2,,,,33,32,71,82,16,1113,1,164,40,535,132,,,287.08,269.61,timeout,598.85,1.49,1.01,,0.04,0.00,0.00,0.04,1.87,0.98,0.79,0.13,0.34,
chc-lra-ts-0165.smt2,,,,4,3,36,2,29,141,,42,38,129,38,,,448.87,428.67,timeout,599.00,1.57,1.13,,0.00,0.01,0.01,0.02,1.71,0.22,1.48,0.09,1.00,
chc-lra-ts-0166.smt2,,,5,9,9,65,36,86,307,1,193,114,146,191,,,107.24,66.21,sat,2.11,1.67,1.13,,0.01,0.00,0.00,0.05,1.99,0.30,1.67,0.19,0.91,
chc-lra-ts-0167.smt2,,,21,40,40,240,1861,256,9286,24,870,297,4908,837,,,650.28,474.38,sat,69.97,66.66,50.48,,0.61,0.00,0.00,0.20,69.34,26.93,42.29,0.80,33.26,
chc-lra-ts-0168.smt2,,,,4,3,67,2,63,323,,73,67,314,69,,,1762.56,1750.65,timeout,599.84,5.35,5.03,,0.00,0.02,0.02,0.34,5.84,0.24,5.60,0.44,1.48,
chc-lra-ts-0169.smt2,,,,4,3,41,4,34,169,,47,42,157,43,,,512.10,511.19,timeout,599.22,2.38,2.11,,0.00,0.01,0.01,0.06,2.55,0.20,2.34,0.12,1.13,
chc-lra-ts-0170.smt2,,,,4,3,126,3,114,514,,134,129,497,130,,,526.97,526.97,timeout,599.31,15.52,11.51,,0.00,0.01,0.01,0.16,16.14,1.30,14.84,0.42,10.82,
chc-lra-ts-0171.smt2,,,,3,2,6,,3,17,,9,6,12,6,,,336.26,319.74,timeout,599.08,0.06,0.04,,0.00,0.01,0.01,0.00,0.08,0.02,0.06,0.01,0.01,
chc-lra-ts-0172.smt2,,,13,18,18,84,150,84,1428,,234,139,891,220,,,172.84,118.48,sat,4.21,3.63,2.62,,0.04,0.00,0.00,0.05,4.09,1.38,2.66,0.18,1.84,
chc-lra-ts-0173.smt2,,,,4,3,83,2,79,403,,89,83,394,85,,,2095.59,2086.36,timeout,599.86,6.82,6.36,,0.00,0.02,0.02,0.50,7.50,0.23,7.26,0.61,2.06,
chc-lra-ts-0174.smt2,,,5,9,9,73,40,89,358,2,207,125,188,205,,,121.04,74.28,sat,2.67,2.17,1.50,,0.01,0.00,0.00,0.06,2.54,0.39,2.12,0.21,1.18,
chc-lra-ts-0175.smt2,,,4,6,6,10,5,7,33,,20,9,16,14,,,31.68,15.23,sat,0.10,0.05,0.03,,0.00,0.00,0.00,0.00,0.08,0.01,0.05,0.01,0.02,
chc-lra-ts-0176.smt2,,,,4,3,9,5,5,34,,15,10,25,11,,,832.64,831.23,timeout,599.18,0.33,0.29,,0.00,0.02,0.02,0.01,0.37,0.04,0.32,0.02,0.08,
chc-lra-ts-0177.smt2,,,,4,3,22,3,18,99,,28,22,90,24,,,3465.39,3454.32,timeout,599.83,0.53,0.46,,0.00,0.02,0.02,0.07,0.65,0.04,0.60,0.10,0.17,
chc-lra-ts-0178.smt2,,,3,4,4,237,3,400,976,,414,407,964,409,,,5648.88,4019.89,sat,398.11,285.47,123.79,,0.01,0.02,0.01,0.56,287.97,74.58,213.38,1.58,153.97,
chc-lra-ts-0179.smt2,,,,4,3,46,,36,186,,52,48,171,48,,,497.12,496.13,timeout,598.94,3.47,3.18,,0.00,0.02,0.01,0.07,3.66,0.30,3.36,0.14,1.87,
chc-lra-ts-0180.smt2,29,,,29,29,306,586,84,2767,15,601,274,1453,607,29,1,353.12,232.82,unsat,20.30,18.74,14.16,,0.13,0.00,0.00,0.15,20.11,3.53,16.48,0.58,11.34,0.36
chc-lra-ts-0181.smt2,,,,4,3,37,2,33,165,,43,38,156,39,,,466.99,465.28,timeout,599.18,9.47,3.34,,0.00,0.02,0.02,0.10,9.69,0.47,9.21,0.16,7.39,
chc-lra-ts-0182.smt2,,,,4,3,44,1,40,207,,50,44,198,46,,,1671.29,1666.27,timeout,599.93,2.74,2.52,,0.00,0.03,0.03,0.21,3.04,0.29,2.75,0.27,0.74,
chc-lra-ts-0183.smt2,,,,4,3,4,5,,9,,10,4,,6,,,2563.96,2563.96,timeout,599.93,0.37,0.34,,0.00,0.04,0.03,0.01,0.39,0.05,0.34,0.01,0.02,
chc-lra-ts-0184.smt2,,,,4,3,59,1,55,282,,65,59,273,61,,,2893.60,2607.56,timeout,599.90,5.59,5.26,,0.00,0.04,0.04,0.35,6.08,0.56,5.51,0.44,1.50,
chc-lra-ts-0185.smt2,,,,4,3,33,,29,153,,39,35,144,35,,,761.59,714.99,timeout,599.01,1.68,1.53,,0.00,0.02,0.02,0.07,1.82,0.22,1.60,0.12,0.60,
chc-lra-ts-0186.smt2,,,,4,3,4,5,,9,,10,4,,6,,,2609.78,2356.33,timeout,599.93,0.41,0.38,,0.00,0.04,0.03,0.01,0.44,0.05,0.38,0.01,0.03,
chc-lra-ts-0187.smt2,,,,4,3,17,,13,73,,23,19,64,19,,,1774.44,1774.38,timeout,599.89,0.92,0.85,,0.00,0.04,0.04,0.03,0.99,0.18,0.80,0.05,0.22,
chc-lra-ts-0188.smt2,,,,4,3,6,3,2,19,,12,6,10,8,,,2035.45,2035.45,timeout,599.81,0.57,0.52,,0.00,0.04,0.04,0.01,0.61,0.02,0.58,0.02,0.07,
chc-lra-ts-0189.smt2,,,,4,3,59,3,55,281,,65,59,272,61,,,1766.72,1762.12,timeout,599.88,3.96,3.67,,0.00,0.03,0.03,0.21,4.29,0.18,4.11,0.28,1.13,
chc-lra-ts-0190.smt2,,,,4,3,6,3,2,19,,12,6,10,8,,,2551.80,2254.65,timeout,599.86,0.64,0.60,,0.00,0.04,0.04,0.01,0.66,0.03,0.63,0.02,0.08,
chc-lra-ts-0191.smt2,,,,4,3,80,1,76,387,,86,80,378,82,,,2074.96,2074.23,timeout,600.00,9.03,8.52,,0.00,0.04,0.04,0.52,9.73,0.57,9.16,0.64,2.96,
chc-lra-ts-0192.smt2,,,1,2,2,55,,22,78,,72,69,28,69,,,87.20,43.19,sat,1.84,1.43,1.22,,0.00,0.01,0.00,0.10,1.75,0.46,1.28,0.27,0.31,
chc-lra-ts-0193.smt2,,,1,2,2,50,,17,77,,66,63,28,63,,,91.44,44.87,sat,2.06,1.63,1.39,,0.00,0.01,0.00,0.13,1.98,0.49,1.48,0.31,0.27,
chc-lra-ts-0194.smt2,,,1,2,2,50,,17,77,,66,63,28,63,,,91.44,44.87,sat,2.02,1.59,1.35,,0.00,0.01,0.00,0.13,1.94,0.48,1.46,0.31,0.27,
chc-lra-ts-0195.smt2,,,,4,3,15,4,11,64,,21,15,55,17,,,2732.09,2729.77,timeout,599.86,0.70,0.64,,0.00,0.04,0.04,0.03,0.76,0.08,0.68,0.05,0.16,
chc-lra-ts-0196.smt2,,,,4,3,130,1,125,634,,136,130,624,132,,,1888.86,1888.86,timeout,599.83,28.40,27.28,,0.00,0.04,0.04,1.17,29.90,0.61,29.28,1.39,9.41,
chc-lra-ts-0197.smt2,,,1,2,2,64,,36,119,,106,84,50,103,,,1267.92,802.78,sat,31.49,18.14,1.71,,0.00,0.01,0.00,0.13,18.54,4.43,14.11,0.33,0.20,
chc-lra-ts-0198.smt2,17,,,17,17,121,102,,753,,189,127,398,193,17,1,139.88,78.62,unsat,2.70,2.21,1.64,,0.01,0.00,0.00,0.05,2.60,0.59,1.96,0.17,1.15,0.09
chc-lra-ts-0199.smt2,,,,4,3,80,3,76,386,,86,80,377,82,,,2667.96,2378.46,timeout,599.75,8.20,7.69,,0.00,0.04,0.04,0.32,8.71,0.20,8.50,0.44,2.80,
chc-lra-ts-0200.smt2,3,,,3,3,7,1,3,6,,9,7,,8,3,1,38.84,13.72,unsat,0.07,0.02,0.01,,0.00,0.00,0.00,0.00,0.04,0.00,0.03,0.00,0.00,0.00
chc-lra-ts-0201.smt2,,,,4,3,38,3,34,179,,44,38,170,40,,,1714.09,1714.09,timeout,599.89,2.26,2.07,,0.00,0.04,0.04,0.18,2.53,0.20,2.32,0.24,0.82,
chc-lra-ts-0202.smt2,,,,4,3,175,1,169,855,,181,175,844,177,,,1798.09,1797.80,timeout,599.91,53.42,51.54,,0.00,0.04,0.03,2.03,55.93,0.84,55.09,2.36,20.76,
chc-lra-ts-0203.smt2,,,,4,3,107,3,103,522,,113,107,513,109,,,2206.29,2057.36,timeout,599.89,15.33,14.55,,0.00,0.04,0.04,0.92,16.52,0.29,16.22,1.10,6.04,
chc-lra-ts-0204.smt2,,,,4,3,5,3,1,13,,11,7,4,7,,,1590.46,1588.22,timeout,599.75,0.96,0.92,,0.00,0.04,0.04,0.01,0.99,0.14,0.85,0.01,0.07,
chc-lra-ts-0205.smt2,,,,4,3,17,,13,73,,23,19,64,19,,,2633.52,2491.69,timeout,599.79,2.00,1.90,,0.00,0.05,0.05,0.03,2.09,0.18,1.90,0.06,0.47,
chc-lra-ts-0206.smt2,,,,4,3,8,4,4,29,,14,8,20,10,,,1742.76,1742.76,timeout,599.67,0.72,0.67,,0.00,0.05,0.04,0.02,0.76,0.03,0.72,0.03,0.11,
chc-lra-ts-0207.smt2,,,,4,3,110,2,106,537,,116,110,528,112,,,2139.36,2139.36,timeout,599.77,24.20,23.29,,0.00,0.04,0.04,1.04,25.55,0.53,25.01,1.24,8.28,
chc-lra-ts-0208.smt2,,,8,12,12,108,66,182,828,2,451,274,539,450,,,252.36,161.06,sat,14.00,12.46,8.93,,0.05,0.00,0.00,0.18,13.65,1.97,11.64,0.74,7.14,
chc-lra-ts-0209.smt2,,,,4,3,16,3,12,69,,22,16,60,18,,,1475.57,1475.57,timeout,599.91,1.16,1.07,,0.00,0.05,0.04,0.04,1.25,0.10,1.14,0.07,0.32,
chc-lra-ts-0210.smt2,,,,4,3,134,1,130,657,,140,134,648,136,,,2023.95,2023.95,timeout,599.82,44.81,43.47,,0.00,0.04,0.04,1.56,46.75,1.25,45.49,1.82,17.08,
chc-lra-ts-0211.smt2,,,23,36,36,264,2954,367,15744,32,1159,494,7923,1132,,,1009.32,669.23,sat,285.45,277.92,227.05,,2.26,0.00,0.00,0.36,284.39,120.87,163.41,1.87,134.85,
chc-lra-ts-0212.smt2,,,,4,3,86,,82,416,,92,86,407,88,,,2075.37,2075.37,timeout,599.71,19.47,18.76,,0.00,0.05,0.04,0.49,20.20,0.74,19.45,0.65,6.32,
chc-lra-ts-0213.smt2,,,,4,3,127,2,123,621,,133,127,612,129,,,1932.09,1932.09,timeout,599.72,30.94,29.71,,0.00,0.05,0.05,0.81,32.11,1.16,30.95,1.07,12.15,
chc-lra-ts-0214.smt2,26,,,26,26,891,1688,3,8469,6,1328,766,3758,1329,26,1,981.60,597.93,unsat,184.07,178.16,151.18,,1.48,0.00,0.00,0.38,183.64,53.18,130.38,2.17,101.33,1.03
chc-lra-ts-0215.smt2,3,,,3,3,5,1,,7,,8,6,,7,3,1,50.56,20.67,unsat,0.08,0.02,0.01,,0.00,0.00,0.00,0.00,0.04,0.01,0.03,0.00,0.00,0.00
chc-lra-ts-0216.smt2,,,,30,29,1421,3410,3,14227,36,2069,1013,5417,2047,,,378.28,377.87,timeout,598.95,578.42,498.38,,4.42,0.00,0.00,0.62,590.22,181.47,408.66,4.01,333.13,
chc-lra-ts-0217.smt2,,,,4,3,147,1,142,717,,153,147,707,149,,,2053.85,2053.66,timeout,599.89,53.92,52.26,,0.00,0.06,0.05,1.09,55.47,1.47,53.99,1.42,20.79,
chc-lra-ts-0218.smt2,,,,4,3,12,4,8,49,,18,12,40,14,,,1830.75,1830.75,timeout,599.46,0.91,0.85,,0.00,0.04,0.04,0.03,0.98,0.06,0.92,0.05,0.21,
chc-lra-ts-0219.smt2,,,,4,3,131,1,125,633,,137,131,622,133,,,2087.49,2087.49,timeout,599.53,50.51,49.22,,0.00,0.04,0.04,0.98,51.86,1.58,50.28,1.25,19.08,
chc-lra-ts-0220.smt2,,,10,14,14,165,106,328,1550,6,669,417,1065,670,,,418.36,276.45,sat,18.93,16.58,11.86,,0.10,0.00,0.00,0.29,18.27,2.57,15.66,1.16,9.80,
chc-lra-ts-0221.smt2,23,,,23,23,504,380,,3652,1,694,558,1889,698,23,1,481.40,306.43,unsat,28.37,26.56,21.55,,0.18,0.00,0.00,0.17,28.15,6.87,21.23,0.81,15.97,0.23
chc-lra-ts-0222.smt2,,,,26,25,1738,2867,2,17477,26,2617,1366,8099,2594,,,439.20,438.79,timeout,598.64,584.02,507.45,,5.19,0.00,0.00,0.67,597.33,192.09,405.17,4.97,331.46,
chc-lra-ts-0223.smt2,,,19,26,26,320,1005,927,15805,26,1479,1424,11173,1466,,,1983.80,1270.39,sat,315.44,301.90,254.26,,2.84,0.00,0.00,0.74,311.10,118.46,192.57,4.14,158.20,
chc-lra-ts-0224.smt2,33,,,33,33,573,424,41,8879,17,974,800,4780,978,33,1,858.84,557.15,unsat,85.55,80.85,65.08,,0.96,0.00,0.00,0.44,85.03,34.96,49.98,2.16,35.31,0.75
chc-lra-ts-0225.smt2,,,,27,26,1600,4098,30,16072,17,2340,1098,5726,2321,,,450.84,449.64,timeout,598.75,423.07,372.93,,4.85,0.00,0.00,0.59,434.44,129.39,304.98,3.85,250.96,
chc-lra-ts-0226.smt2,,,,29,28,1722,5018,81,17408,36,2674,1213,5681,2651,,,462.83,462.38,timeout,598.95,545.08,481.21,,6.43,0.00,0.00,0.68,559.19,155.19,403.92,4.78,332.24,
chc-lra-ts-0227.smt2,,,,25,24,1677,3286,9,14803,38,2437,1247,5784,2420,,,441.66,441.16,timeout,598.85,473.31,416.67,,4.65,0.00,0.00,0.61,485.03,138.92,346.05,4.51,283.93,
chc-lra-ts-0228.smt2,,,,29,28,1509,3843,3,20004,92,2450,1119,7804,2424,,,442.62,442.30,timeout,598.97,477.88,411.98,,6.35,0.00,0.00,0.63,491.24,194.34,296.82,4.25,235.23,
chc-lra-ts-0229.smt2,,,11,15,15,154,73,327,1508,8,866,528,999,850,,,446.40,296.78,sat,27.61,24.67,17.43,,0.12,0.00,0.00,0.33,26.90,3.48,23.37,1.59,14.60,
chc-lra-ts-0230.smt2,,,,29,28,1401,3027,331,17694,30,2127,1519,9451,2106,,,422.75,422.23,timeout,599.20,523.03,447.21,,5.11,0.00,0.00,0.69,535.67,158.38,377.21,4.61,315.83,
chc-lra-ts-0231.smt2,,,3,8,8,37,26,38,252,2,81,36,127,72,,,110.60,61.36,sat,1.06,0.80,0.61,,0.01,0.00,0.00,0.02,0.96,0.23,0.71,0.09,0.45,
chc-lra-ts-0232.smt2,6,,,6,6,50,13,4,101,3,70,38,31,69,6,1,96.48,49.38,unsat,0.74,0.54,0.43,,0.00,0.00,0.00,0.01,0.67,0.08,0.57,0.08,0.33,0.02
chc-lra-ts-0233.smt2,29,,,29,29,1235,1401,2,11694,36,1749,1347,6193,1761,29,1,1641.44,1053.76,unsat,351.29,342.96,298.20,,1.77,0.00,0.00,0.57,350.64,78.69,271.88,3.73,227.14,1.44
chc-lra-ts-0234.smt2,,,,29,28,1268,1571,9,11200,33,1820,1480,5301,1799,,,415.86,415.42,timeout,598.34,371.52,326.99,,1.82,0.00,0.00,0.67,379.70,94.46,285.16,4.16,241.85,
chc-lra-ts-0235.smt2,,,,28,27,1829,898,1,11992,12,2627,2207,6275,2606,,,445.15,444.68,timeout,598.49,539.28,476.33,,2.85,0.00,0.00,0.93,551.82,143.82,407.93,6.82,333.85,
chc-lra-ts-0236.smt2,3,,,3,3,10,2,3,9,,12,8,,11,3,1,114.72,63.84,unsat,0.24,0.10,0.06,,0.00,0.01,0.00,0.00,0.13,0.01,0.11,0.01,0.04,0.01
chc-lra-ts-0237.smt2,,,,30,29,1250,2108,372,14463,40,1896,1619,8289,1872,,,424.63,424.04,timeout,598.13,446.30,390.65,,2.98,0.01,0.00,0.73,456.81,116.42,340.31,5.01,287.85,
chc-lra-ts-0238.smt2,,,4,10,10,54,80,84,682,14,162,68,452,151,,,193.32,114.53,sat,2.86,2.29,1.77,,0.02,0.01,0.00,0.04,2.68,0.52,2.13,0.25,1.37,
chc-lra-ts-0239.smt2,7,,,7,7,63,38,13,164,1,97,45,66,96,7,1,134.80,74.79,unsat,1.47,1.13,0.92,,0.00,0.01,0.00,0.02,1.36,0.14,1.21,0.16,0.74,0.03
chc-lra-ts-0240.smt2,,,,30,29,1276,601,1,10931,4,1836,1692,6383,1815,,,422.36,421.78,timeout,598.56,516.27,461.40,,2.02,0.01,0.00,0.80,526.60,128.92,397.61,5.68,340.45,
chc-lra-ts-0241.smt2,,,,27,26,1538,2161,3,10517,21,2447,1882,3474,2426,,,429.53,429.06,timeout,598.61,495.14,440.08,,3.56,0.01,0.00,1.12,509.34,126.48,382.79,7.89,314.13,
chc-lra-ts-0242.smt2,3,,,3,3,9,1,1,11,,12,8,4,11,3,1,223.68,130.60,unsat,0.49,0.18,0.06,,0.00,0.01,0.01,0.00,0.23,0.03,0.20,0.03,0.09,0.01
chc-lra-ts-0243.smt2,3,,,3,3,11,1,,9,,13,9,,12,3,1,260.40,148.56,unsat,0.58,0.23,0.16,,0.00,0.01,0.01,0.01,0.28,0.03,0.24,0.03,0.11,0.01
