index,SPACER_cex_depth,SPACER_expand_pob_undef,SPACER_inductive_level,SPACER_max_depth,SPACER_max_query_lvl,SPACER_num_active_lemmas,SPACER_num_ctp_blocked,SPACER_num_invariants,SPACER_num_is_invariant,SPACER_num_lemma_jumped,SPACER_num_lemmas,SPACER_num_pobs,SPACER_num_propagations,SPACER_num_queries,SPACER_num_reach_queries,SPACER_num_reuse_reach_facts,max_memory,memory,result,time,time_iuc_solver_get_iuc,time_iuc_solver_get_iuc_hyp_reduce1,time_iuc_solver_get_iuc_hyp_reduce2,time_iuc_solver_get_iuc_learn_core,time_pool_solver_proof,time_pool_solver_smt_total,time_pool_solver_smt_total_sat,time_pool_solver_smt_total_undef,time_spacer_ctp,time_spacer_init_rules,time_spacer_init_rules_pt_init,time_spacer_mbp,time_spacer_solve,time_spacer_solve_propagate,time_spacer_solve_reach,time_spacer_solve_reach_children,time_spacer_solve_reach_gen_bool_ind,time_spacer_solve_reach_is_reach
chc-lra-0002.smt2,,,9,16,16,105,463,86,1204,8,265,182,376,252,,,180.88,122.27,sat,6.23,0.36,0.12,0.20,0.05,0.08,5.24,4.18,,0.08,0.00,0.00,0.06,6.11,1.08,4.96,0.17,3.54,
chc-lra-0003.smt2,,,,11,10,1382,477,28,4168,4,1590,1337,938,1579,,,556.93,555.56,timeout,598.84,8.80,4.13,5.75,1.07,1.43,433.91,388.20,,3.81,0.00,0.00,0.98,454.80,120.15,334.61,6.10,255.45,
chc-lra-0004.smt2,,,,36,35,1003,1581,160,10382,102,1359,1237,4300,1356,,,392.78,390.96,timeout,599.27,4.94,2.02,3.17,0.66,0.71,552.85,496.30,,4.68,0.00,0.00,0.63,567.91,200.62,367.17,2.81,306.13,
chc-lra-0005.smt2,,,,29,28,921,1253,187,7463,91,1271,1022,3119,1259,,,361.00,359.03,timeout,598.96,5.05,1.82,2.95,0.66,1.03,491.32,439.35,,2.67,0.00,0.00,0.58,503.90,123.18,380.62,2.41,324.22,
chc-lra-0006.smt2,,,,26,25,1136,1074,118,6289,346,1302,1206,2887,1291,,,430.72,428.86,timeout,599.10,4.00,1.31,2.40,0.60,0.62,442.92,400.32,,2.52,0.00,0.00,0.67,454.56,99.14,355.34,2.89,299.06,
chc-lra-0007.smt2,,,,33,32,926,1181,79,7852,14,1408,1227,2866,1386,,,382.00,380.13,timeout,599.25,4.13,1.39,2.41,0.62,0.69,424.11,380.37,,2.61,0.00,0.00,0.72,436.14,125.79,310.24,2.84,256.06,
chc-lra-0009.smt2,,,3,4,4,211,2,296,610,1,311,306,601,308,,,315.40,222.97,sat,13.34,0.74,0.26,0.43,0.07,0.18,10.99,8.23,,0.00,0.00,0.00,0.07,12.35,1.17,11.17,0.32,8.20,
chc-lra-0010.smt2,,,3,4,4,109,3,155,344,,171,164,335,166,,,184.08,122.29,sat,4.76,0.45,0.15,0.25,0.06,0.10,3.66,2.40,,0.00,0.00,0.00,0.04,4.40,0.54,3.85,0.14,2.48,
chc-lra-0011.smt2,,,8,11,11,127,141,82,776,,201,116,392,189,,,235.68,158.45,sat,8.76,0.68,0.22,0.41,0.06,0.15,7.41,5.97,,0.04,0.00,0.00,0.04,8.52,1.30,7.19,0.14,5.51,
chc-lra-0012.smt2,,,,12,11,1655,213,20,3260,2,1835,1718,576,1823,,,370.01,368.11,timeout,598.43,4.66,1.36,2.42,0.80,0.94,386.66,337.08,,1.32,0.00,0.00,1.63,400.56,91.96,308.57,5.58,233.91,
chc-lra-0013.smt2,,,3,4,4,338,3,462,961,,480,473,952,475,,,484.44,318.38,sat,35.44,1.55,0.49,0.82,0.17,0.44,30.58,23.99,,0.00,0.00,0.00,0.12,33.31,2.72,30.58,0.63,22.95,
chc-lra-0014.smt2,,,3,4,4,481,2,630,1274,,649,642,1265,644,,,696.76,486.42,sat,71.05,2.46,0.88,1.47,0.30,0.51,62.91,50.11,,0.00,0.00,0.00,0.15,67.18,5.96,61.20,0.98,48.16,
chc-lra-0015.smt2,,,3,4,4,168,3,258,548,,275,268,539,270,,,253.12,156.85,sat,14.75,0.45,0.12,0.22,0.06,0.13,13.16,10.58,,0.00,0.00,0.00,0.07,14.16,1.09,13.06,0.29,9.93,
chc-lra-0016.smt2,,,3,4,4,720,3,1105,2240,,1126,1119,2231,1121,,,1281.32,903.98,sat,252.29,6.28,2.35,3.85,0.57,1.43,231.36,185.29,,0.01,0.00,0.00,0.29,241.87,22.80,219.07,2.52,176.63,
chc-lra-0017.smt2,,,3,4,4,203,2,298,657,,317,310,648,312,,,390.40,255.88,sat,20.46,2.09,0.92,1.41,0.16,0.40,16.29,11.41,,0.00,0.00,0.00,0.08,19.13,1.84,17.28,0.41,11.22,
chc-lra-0018.smt2,,,3,4,4,290,2,499,1038,,516,509,1029,511,,,544.76,356.96,sat,48.27,2.66,1.03,1.67,0.24,0.56,41.56,32.44,,0.00,0.00,0.00,0.15,45.82,3.78,42.02,0.96,30.33,
chc-lra-0019.smt2,,,3,4,4,245,2,398,809,,418,411,800,413,,,452.76,296.89,sat,29.34,2.80,1.06,1.87,0.19,0.56,23.84,16.83,,0.00,0.00,0.00,0.11,27.80,2.48,25.32,0.68,16.74,
chc-lra-0020.smt2,,,,4,3,4,2,,6,,7,2,,3,,,347.75,345.64,timeout,598.48,0.00,0.00,0.00,0.00,0.00,0.01,0.01,,0.00,0.00,0.00,0.00,0.02,0.00,0.01,0.00,0.00,
chc-lra-0021.smt2,,,3,4,4,424,3,806,1677,,826,819,1668,821,,,973.92,645.92,sat,125.78,7.54,3.34,5.18,0.53,1.40,110.25,84.54,,0.00,0.00,0.00,0.28,121.06,8.85,112.20,2.10,82.09,
chc-lra-0022.smt2,7,,,7,7,168,55,28,709,,189,178,319,188,7,1,322.12,194.63,unsat,12.58,1.79,0.79,1.33,0.04,0.32,10.05,7.10,,0.08,0.00,0.00,0.08,12.43,3.46,8.95,0.29,5.23,0.08
chc-lra-0023.smt2,,,5,8,8,227,85,357,1818,18,530,508,888,521,,,783.12,527.71,sat,70.74,8.91,3.58,6.74,0.18,1.55,58.41,45.03,,0.47,0.00,0.00,0.25,69.58,13.08,56.48,1.03,36.39,
chc-lra-0024.smt2,,,,9,8,936,366,78,2674,9,1038,919,778,1029,,,403.61,401.41,timeout,599.21,6.17,1.63,3.96,0.38,1.38,268.51,239.00,,0.87,0.00,0.00,0.27,278.81,48.29,230.50,1.59,195.40,
chc-lra-0025.smt2,,,3,4,4,664,3,975,2014,,996,989,2004,991,,,1516.00,1038.51,sat,242.13,15.15,7.85,11.18,0.75,2.45,212.82,168.31,,0.01,0.00,0.00,0.37,232.91,17.24,215.66,3.22,158.93,
chc-lra-0026.smt2,7,,,7,7,172,35,28,570,2,250,171,267,250,7,1,305.60,172.94,unsat,10.38,0.74,0.20,0.39,0.05,0.23,8.94,6.27,,0.05,0.00,0.00,0.09,10.24,2.35,7.87,0.31,4.76,0.11
chc-lra-0027.smt2,,,6,8,8,200,84,216,1180,15,471,346,677,463,,,600.56,370.49,sat,43.03,4.76,2.09,3.48,0.16,0.88,35.89,25.56,,0.17,0.00,0.00,0.18,42.06,6.05,35.99,0.71,23.45,
chc-lra-0028.smt2,,,3,5,5,77,18,54,242,2,162,77,85,156,,,125.32,66.07,sat,2.38,0.27,0.05,0.11,0.03,0.11,1.72,1.30,,0.01,0.00,0.00,0.05,2.25,0.47,1.76,0.15,0.68,
chc-lra-0029.smt2,,,10,16,16,84,63,123,1218,,230,114,757,213,,,191.48,127.89,sat,5.29,0.57,0.17,0.31,0.05,0.17,4.06,3.05,,0.07,0.00,0.00,0.04,5.09,1.56,3.49,0.16,2.05,
chc-lra-0030.smt2,,,,4,3,4,2,,6,,7,2,,3,,,402.88,400.66,timeout,598.64,0.00,0.00,0.00,0.00,0.00,0.01,0.01,,0.00,0.01,0.00,0.00,0.03,0.00,0.01,0.00,0.00,
chc-lra-0031.smt2,,,,4,3,4,2,,6,,7,2,,3,,,355.79,351.94,timeout,598.96,0.00,0.00,0.00,0.00,0.00,0.01,0.01,,0.00,0.01,0.00,0.00,0.03,0.00,0.01,0.00,0.00,
chc-lra-0032.smt2,,,,4,3,4,2,,6,,7,2,,3,,,380.07,377.71,timeout,598.68,0.00,0.00,0.00,0.00,0.00,0.01,0.01,,0.00,0.00,0.00,0.00,0.03,0.01,0.01,0.00,0.00,
chc-lra-0033.smt2,,,,4,3,4,2,,6,,7,2,,3,,,444.19,443.67,timeout,598.53,0.00,0.00,0.00,0.00,0.00,0.01,0.00,,0.00,0.00,0.00,0.00,0.03,0.00,0.01,0.00,0.00,
chc-lra-0034.smt2,,,,4,3,4,2,,6,,7,2,,3,,,400.44,397.25,timeout,598.48,0.00,0.00,0.00,0.00,0.00,0.02,0.01,,0.00,0.01,0.00,0.00,0.03,0.01,0.02,0.00,0.00,
chc-lra-0035.smt2,,,21,25,25,175,643,144,3771,7,574,225,1720,553,,,321.32,227.62,sat,18.46,1.16,0.19,0.49,0.10,0.47,15.83,12.50,,0.22,0.00,0.00,0.11,18.21,5.86,12.26,0.40,8.17,
chc-lra-0036.smt2,,,,4,3,4,3,,7,,8,3,,4,,,403.22,401.49,timeout,599.00,0.00,0.00,0.00,0.00,0.00,0.02,0.01,,0.00,0.01,0.01,0.00,0.04,0.01,0.03,0.00,0.00,
chc-lra-0037.smt2,,,,15,14,864,692,43,5794,,963,917,2585,948,,,359.31,357.49,timeout,599.38,4.21,1.53,2.61,0.40,0.86,307.28,282.88,,2.15,0.00,0.00,0.31,317.37,91.03,226.29,1.80,192.17,
chc-lra-0038.smt2,,,14,22,22,163,158,192,3490,,404,223,2318,382,,,428.56,288.74,sat,25.17,1.24,0.31,0.67,0.11,0.37,22.03,17.15,,0.33,0.00,0.00,0.08,24.62,10.54,14.01,0.42,9.64,
chc-lra-0039.smt2,,,3,4,4,166,3,249,586,,272,265,577,267,,,2391.28,1139.61,sat,99.21,21.61,9.12,17.72,0.54,2.06,59.63,35.56,,0.00,0.01,0.01,0.32,82.57,4.35,78.21,0.86,38.08,
chc-lra-0040.smt2,,,1,2,2,41,,14,64,,58,51,21,55,,,216.84,127.54,sat,2.80,0.07,0.02,0.04,0.01,0.02,1.30,1.03,,0.00,0.01,0.00,0.07,1.59,0.52,1.07,0.19,0.08,
chc-lra-0041.smt2,,,1,2,2,45,,14,73,,67,60,21,64,,,235.00,140.29,sat,3.25,0.11,0.02,0.06,0.01,0.02,1.83,1.47,,0.00,0.01,0.00,0.08,2.20,0.91,1.29,0.23,0.10,
chc-lra-0042.smt2,,,1,2,2,38,,14,55,,49,42,21,46,,,174.92,96.46,sat,2.26,0.10,0.02,0.06,0.01,0.02,0.98,0.68,,0.00,0.01,0.00,0.05,1.26,0.36,0.90,0.16,0.06,
chc-lra-0043.smt2,,,1,3,3,109,2,113,144,,159,150,68,155,,,327.64,194.55,sat,9.59,0.30,0.03,0.11,0.02,0.15,7.79,6.43,,0.02,0.01,0.00,0.16,8.82,0.77,8.04,0.60,4.72,
chc-lra-0044.smt2,,,1,3,3,112,12,115,196,,183,174,75,179,,,414.48,247.18,sat,11.24,0.35,0.05,0.14,0.02,0.16,9.14,7.54,,0.03,0.01,0.00,0.22,10.39,1.41,8.96,0.74,4.93,
chc-lra-0045.smt2,,,,4,3,4,2,,6,,7,2,,3,,,369.50,366.57,timeout,598.84,0.00,0.00,0.00,0.00,0.00,0.02,0.01,,0.00,0.01,0.01,0.00,0.03,0.00,0.02,0.00,0.00,
chc-lra-0046.smt2,,,1,2,2,40,,14,62,,56,49,21,53,,,134.64,74.72,sat,1.66,0.07,0.02,0.04,0.00,0.02,1.00,0.79,,0.00,0.01,0.00,0.07,1.29,0.37,0.91,0.19,0.07,
chc-lra-0047.smt2,,,1,2,2,15,,14,28,,22,15,21,19,,,136.60,75.98,sat,1.08,0.08,0.02,0.05,0.01,0.01,0.37,0.18,,0.00,0.01,0.00,0.01,0.51,0.10,0.40,0.04,0.00,
chc-lra-0048.smt2,,,1,2,2,40,,14,63,,57,50,21,54,,,164.72,93.52,sat,2.12,0.10,0.02,0.06,0.01,0.02,1.25,0.95,,0.00,0.01,0.00,0.06,1.55,0.57,0.98,0.18,0.08,
chc-lra-0049.smt2,,,1,3,3,106,,104,140,,150,141,64,146,,,301.40,179.36,sat,8.26,0.26,0.03,0.09,0.01,0.13,6.67,5.64,,0.01,0.01,0.00,0.18,7.62,1.01,6.61,0.58,3.61,
chc-lra-0050.smt2,,,1,3,3,104,,117,140,,158,149,75,154,,,412.20,237.82,sat,10.06,0.36,0.05,0.14,0.02,0.16,8.12,6.68,,0.01,0.01,0.00,0.20,9.24,0.74,8.49,0.63,4.97,
chc-lra-0051.smt2,,,,4,3,4,2,,6,,7,2,,3,,,442.71,439.11,timeout,599.04,0.00,0.00,0.00,0.00,0.00,0.01,0.01,,0.00,0.00,0.00,0.00,0.03,0.00,0.02,0.00,0.00,
chc-lra-0052.smt2,,,6,7,7,138,10,112,363,1,309,182,129,301,,,3207.28,1403.07,sat,134.63,71.30,20.15,57.93,1.93,6.53,40.83,17.26,,0.06,0.01,0.00,0.27,113.37,4.54,108.81,0.90,7.11,
chc-lra-0053.smt2,,,1,3,3,121,,115,152,,185,142,63,181,,,2079.76,1253.04,sat,66.25,13.00,3.56,9.99,0.98,1.22,30.10,10.01,,0.01,0.01,0.00,0.22,43.87,1.27,42.59,0.63,5.84,
chc-lra-0054.smt2,,,1,3,3,124,,124,149,,190,147,64,186,,,1753.96,1035.83,sat,57.59,11.96,3.20,9.07,0.95,1.16,24.29,11.39,,0.01,0.01,0.00,0.19,37.02,1.20,35.81,0.62,6.69,
chc-lra-0055.smt2,,,4,6,6,315,2,376,337,,522,416,131,515,,,2684.16,1608.94,sat,205.54,63.34,18.57,48.23,3.49,7.12,106.06,69.97,,0.15,0.01,0.00,0.70,173.08,4.78,168.28,2.85,59.65,
chc-lra-0056.smt2,,,1,3,3,122,,109,157,,186,143,61,182,,,2018.56,1223.38,sat,66.43,12.25,3.69,9.41,0.91,1.14,30.57,10.42,,0.01,0.01,0.00,0.20,43.58,1.20,42.37,0.62,5.60,
chc-lra-0057.smt2,,,1,3,3,113,,107,150,,174,131,64,170,,,1771.88,1042.29,sat,52.09,10.68,3.09,8.09,0.90,0.99,22.17,8.46,,0.01,0.01,0.00,0.20,33.56,0.75,32.80,0.58,4.54,
chc-lra-0058.smt2,,,1,3,3,113,,105,126,,191,148,41,187,,,1777.16,1063.32,sat,61.70,12.42,3.59,10.08,0.33,1.17,21.98,8.85,,0.00,0.01,0.00,0.21,35.16,1.09,34.06,0.64,4.54,
chc-lra-0059.smt2,,,22,41,41,258,1820,294,11643,25,1005,338,5870,973,,,781.36,549.98,sat,123.46,2.44,0.41,1.20,0.20,0.85,116.67,93.71,,1.03,0.00,0.00,0.23,122.66,56.29,66.24,0.96,51.04,
chc-lra-0060.smt2,,,14,22,22,83,348,93,1946,6,285,126,1033,268,,,190.24,129.58,sat,6.35,0.43,0.06,0.19,0.04,0.17,5.19,4.05,,0.07,0.00,0.00,0.06,6.21,1.89,4.26,0.22,2.73,
chc-lra-0061.smt2,,,,33,32,1127,1833,7,11639,51,1751,1391,6325,1721,,,349.43,347.53,timeout,599.25,4.94,0.62,2.43,0.50,1.61,544.91,480.54,,2.13,0.00,0.00,0.47,557.69,132.85,424.73,2.75,359.51,
chc-lra-0062.smt2,,,,34,33,1071,1516,4,12492,71,1712,1337,7204,1683,,,357.70,355.67,timeout,598.65,5.40,0.66,2.86,0.49,1.67,382.14,330.41,,1.92,0.00,0.00,0.47,394.90,102.80,291.99,2.70,238.93,
chc-lra-0063.smt2,,,,4,3,4,2,,6,,7,2,,3,,,438.13,426.05,timeout,598.93,0.00,0.00,0.00,0.00,0.00,0.02,0.01,,0.00,0.01,0.01,0.00,0.04,0.01,0.02,0.00,0.00,
chc-lra-0064.smt2,,,18,28,28,311,397,408,9759,1,775,469,6588,747,,,1019.12,697.20,sat,200.69,3.60,0.99,2.00,0.33,1.03,189.44,152.04,,2.14,0.00,0.00,0.19,198.23,102.39,95.74,1.31,74.99,
chc-lra-0065.smt2,,,3,4,4,149,2,193,519,,251,244,510,246,,,5946.12,4685.77,sat,514.85,56.15,26.87,48.13,1.16,3.48,154.64,41.61,,0.01,0.02,0.02,0.42,211.89,83.32,128.56,0.76,35.77,
chc-lra-0066.smt2,,,,4,3,4,3,,7,,8,3,,4,,,3637.97,1996.11,timeout,600.00,0.00,0.00,0.00,0.00,0.00,0.06,0.04,,0.00,0.02,0.02,0.00,0.08,0.01,0.07,0.00,0.00,
chc-lra-0067.smt2,,,,34,33,1326,1977,255,17488,43,1980,1525,10392,1956,,,385.34,383.15,timeout,598.92,7.24,0.81,3.43,0.58,2.73,575.87,486.31,,3.83,0.00,0.00,0.58,593.98,171.70,422.17,3.62,338.12,
chc-lra-0068.smt2,,,,4,3,4,3,,7,,8,3,,4,,,929.54,914.73,timeout,599.13,0.00,0.00,0.00,0.00,0.00,0.04,0.02,,0.00,0.01,0.01,0.00,0.06,0.02,0.03,0.00,0.00,
chc-lra-0069.smt2,,,24,32,32,103,589,183,4242,16,470,192,2633,444,,,340.32,235.92,sat,14.69,2.68,1.05,1.76,0.15,0.61,10.58,7.12,,0.18,0.00,0.00,0.09,14.36,4.44,9.82,0.38,4.61,
chc-lra-0070.smt2,,,1,2,2,34,,36,81,,49,27,52,46,,,278.72,172.88,sat,4.80,0.67,0.29,0.47,0.06,0.11,1.95,0.59,,0.00,0.01,0.00,0.01,2.69,0.13,2.56,0.04,0.45,
chc-lra-0071.smt2,,,1,2,2,46,,39,86,,79,47,47,76,,,814.68,567.33,sat,36.24,3.98,1.59,2.88,0.10,0.71,9.43,1.38,,0.01,0.01,0.00,0.03,13.60,1.64,11.95,0.10,0.58,
chc-lra-0072.smt2,,,,2,2,40,,40,42,,72,40,11,69,,,609.72,399.90,sat,23.92,3.43,1.38,2.47,0.09,0.64,6.40,0.93,,,0.01,0.00,0.02,9.96,0.31,9.65,0.07,0.51,
chc-lra-0073.smt2,,,,4,3,4,3,,7,,8,3,,4,,,427.00,425.11,timeout,598.85,0.01,0.00,0.00,0.00,0.00,0.03,0.01,,0.00,0.01,0.01,0.00,0.04,0.01,0.03,0.00,0.00,
chc-lra-0074.smt2,,,,4,3,4,2,,6,,7,2,,3,,,6302.08,3022.26,timeout,599.96,0.00,0.00,0.00,0.00,0.00,0.02,0.01,,0.00,0.02,0.02,0.00,0.04,0.01,0.02,0.00,0.00,
chc-lra-0075.smt2,,,24,28,28,100,315,122,2836,2,351,146,1744,328,,,236.28,156.46,sat,8.35,1.34,0.43,0.81,0.08,0.38,6.03,3.96,,0.10,0.00,0.00,0.06,8.12,2.78,5.25,0.26,2.43,
chc-lra-0076.smt2,,,24,28,28,100,315,122,2836,2,351,146,1744,328,,,236.28,156.46,sat,8.34,1.33,0.42,0.80,0.08,0.37,6.03,3.97,,0.10,0.00,0.00,0.06,8.12,2.78,5.24,0.26,2.43,
chc-lra-0077.smt2,29,,,29,29,309,690,71,3296,7,581,252,1639,585,29,1,381.88,244.53,unsat,16.61,1.18,0.16,0.57,0.10,0.44,14.04,10.80,,0.16,0.00,0.00,0.12,16.43,3.75,12.60,0.48,7.75,0.27
chc-lra-0078.smt2,17,,,17,17,97,62,,397,,151,98,181,154,17,1,116.64,66.57,unsat,2.02,0.20,0.02,0.07,0.02,0.09,1.45,1.10,,0.01,0.00,0.00,0.04,1.93,0.27,1.62,0.13,0.87,0.07
chc-lra-0079.smt2,,,1,2,2,75,,35,161,,135,117,55,132,,,278.12,161.55,sat,6.48,0.43,0.17,0.26,0.04,0.09,4.46,3.01,,0.00,0.01,0.00,0.11,5.36,1.41,3.94,0.41,0.53,
chc-lra-0080.smt2,,,,4,3,4,2,,6,,7,2,,3,,,422.80,403.54,timeout,599.34,0.00,0.00,0.00,0.00,0.00,0.03,0.01,,0.00,0.01,0.01,0.00,0.04,0.01,0.02,0.00,0.00,
chc-lra-0081.smt2,,,,4,3,4,2,,6,,7,2,,3,,,4069.26,2565.83,timeout,599.88,0.00,0.00,0.00,0.00,0.00,0.02,0.01,,0.00,0.03,0.03,0.00,0.04,0.01,0.02,0.00,0.00,
chc-lra-0082.smt2,,,,4,3,4,2,,6,,7,2,,3,,,369.55,361.34,timeout,599.36,0.00,0.00,0.00,0.00,0.00,0.05,0.03,,0.00,0.02,0.01,0.00,0.06,0.03,0.02,0.00,0.00,
chc-lra-0083.smt2,,,2,2,2,66,,26,131,,89,86,62,86,,,252.48,147.10,sat,4.55,0.17,0.05,0.08,0.01,0.06,3.13,2.43,,0.00,0.01,0.01,0.06,3.56,1.07,2.48,0.21,1.03,
chc-lra-0084.smt2,,,,4,3,4,2,,6,,7,2,,3,,,5529.79,2699.38,timeout,599.86,0.00,0.00,0.00,0.00,0.00,0.03,0.01,,0.00,0.03,0.03,0.00,0.04,0.01,0.03,0.00,0.00,
chc-lra-0085.smt2,,,14,23,23,117,476,130,2848,5,330,201,1669,313,,,252.68,161.81,sat,12.67,0.74,0.11,0.37,0.05,0.24,10.69,7.99,,0.14,0.00,0.00,0.12,12.40,3.93,8.40,0.45,5.50,
chc-lra-0086.smt2,,,10,21,21,98,252,97,1745,42,323,167,823,302,,,199.24,128.45,sat,10.33,0.70,0.10,0.34,0.05,0.24,8.63,6.40,,0.10,0.00,0.00,0.12,10.15,3.25,6.84,0.40,4.39,
chc-lra-0087.smt2,,,1,2,2,114,,90,251,,183,145,143,180,,,1244.16,775.27,sat,105.69,4.26,1.52,2.90,0.42,0.65,25.99,8.45,,0.01,0.01,0.00,0.15,30.95,5.20,25.75,0.53,4.55,
chc-lra-0088.smt2,,,,4,3,4,3,,7,,8,3,,4,,,4541.08,2792.40,timeout,599.79,0.00,0.00,0.00,0.00,0.00,0.12,0.10,,0.00,0.03,0.03,0.00,0.14,0.06,0.08,0.01,0.01,
chc-lra-0089.smt2,,,,4,3,4,2,,6,,7,2,,3,,,8718.33,3314.56,timeout,599.85,0.00,0.00,0.00,0.00,0.00,0.03,0.01,,0.00,0.03,0.03,0.00,0.04,0.01,0.03,0.00,0.00,
chc-lra-0090.smt2,,,,4,3,4,2,,6,,7,2,,3,,,2851.02,2780.73,timeout,599.90,0.00,0.00,0.00,0.00,0.00,0.02,0.01,,0.00,0.03,0.03,0.00,0.04,0.01,0.02,0.00,0.00,
chc-lra-0091.smt2,,,,4,3,4,2,,6,,7,2,,3,,,2029.22,2029.22,timeout,599.61,0.00,0.00,0.00,0.00,0.00,0.05,0.03,,0.00,0.03,0.03,0.00,0.06,0.03,0.03,0.00,0.00,
chc-lra-0092.smt2,,,,4,3,4,2,,6,,7,3,,3,,,2384.73,2071.68,timeout,599.84,0.00,0.00,0.00,0.00,0.00,0.14,0.13,,0.00,0.03,0.03,0.00,0.16,0.12,0.03,0.00,0.00,
chc-lra-0093.smt2,,,24,35,35,314,3003,341,15932,26,1173,540,7515,1144,,,1024.04,672.15,sat,212.84,3.21,0.41,1.54,0.23,1.20,202.85,171.43,,2.28,0.00,0.00,0.32,211.92,104.75,107.06,1.63,84.21,
chc-lra-0094.smt2,,,,4,3,4,2,,6,,7,2,,3,,,978.76,807.97,timeout,599.92,0.00,0.00,0.00,0.00,0.00,0.02,0.01,,0.00,0.03,0.02,0.00,0.04,0.01,0.02,0.00,0.00,
chc-lra-0095.smt2,,,,33,32,73,76,16,1066,,172,40,501,140,,,312.50,310.30,timeout,598.90,0.23,0.03,0.08,0.02,0.11,1.25,0.87,,0.04,0.00,0.00,0.02,1.81,0.84,0.87,0.10,0.28,
chc-lra-0096.smt2,,,,4,3,4,2,,6,,7,2,,3,,,4668.20,2453.58,timeout,599.73,0.00,0.00,0.00,0.00,0.00,0.05,0.03,,0.00,0.03,0.03,0.00,0.07,0.03,0.03,0.00,0.00,
chc-lra-0097.smt2,23,,,23,23,464,513,,3633,6,705,533,1836,709,23,1,479.68,304.53,unsat,33.01,1.67,0.21,0.70,0.13,0.72,29.30,24.03,,0.21,0.00,0.00,0.19,32.76,7.58,25.11,0.90,17.55,0.28
chc-lra-0098.smt2,26,,,26,26,721,1260,8,6163,25,1044,636,2673,1062,26,1,764.28,494.51,unsat,68.25,3.54,0.47,1.62,0.24,1.47,61.38,51.07,,0.62,0.00,0.00,0.25,67.93,17.12,50.73,1.32,35.49,0.49
chc-lra-0099.smt2,,,,37,36,1263,5939,11,18575,39,2059,1084,6871,2026,,,407.10,405.13,timeout,598.32,9.09,1.26,4.70,0.63,3.22,546.48,470.04,,4.08,0.00,0.00,0.54,566.06,164.57,401.38,3.23,326.11,
chc-lra-0100.smt2,,,,25,24,1086,451,52,8773,24,1361,1296,4854,1343,,,412.96,412.46,timeout,598.71,8.66,1.17,4.23,0.53,3.28,355.78,311.06,,2.23,0.00,0.00,0.75,373.08,114.99,258.02,4.24,204.59,
chc-lra-0101.smt2,33,,,33,33,576,601,43,12116,34,828,735,7466,838,33,1,973.28,639.52,unsat,135.01,3.55,0.43,1.57,0.23,1.48,125.32,100.26,,1.86,0.00,0.00,0.48,134.35,74.48,59.77,2.17,40.10,1.04
chc-lra-0102.smt2,,,,26,25,1450,3317,10,14294,26,2253,1097,4803,2233,,,409.35,407.31,timeout,598.50,9.02,0.98,4.47,0.67,3.36,513.26,447.98,,4.84,0.00,0.00,0.65,534.16,160.88,373.20,4.04,294.86,
chc-lra-0103.smt2,,,,4,3,4,2,,6,,7,2,,3,,,452.93,450.82,timeout,599.29,0.00,0.00,0.00,0.00,0.00,0.12,0.10,,0.00,0.04,0.04,0.00,0.14,0.10,0.04,0.00,0.00,
chc-lra-0104.smt2,,,,4,3,4,2,,6,,7,2,,3,,,1558.63,1558.63,timeout,599.82,0.00,0.00,0.00,0.00,0.00,0.10,0.07,,0.00,0.05,0.04,0.00,0.12,0.07,0.04,0.00,0.00,
chc-lra-0105.smt2,,,,25,24,1302,2499,4,10830,20,1941,1082,3540,1920,,,352.80,351.06,timeout,598.70,9.20,1.00,4.21,0.56,3.96,498.66,439.59,,3.31,0.00,0.00,0.61,517.40,145.42,371.90,3.48,296.77,
chc-lra-0106.smt2,,,,26,25,1246,3003,107,13065,22,1845,902,5300,1822,,,370.31,370.20,timeout,598.91,8.95,0.84,4.04,0.64,3.81,460.11,396.69,,3.78,0.00,0.00,0.57,479.22,136.71,342.42,3.43,271.56,
chc-lra-0107.smt2,,,,23,22,1212,2117,5,9643,12,1752,966,3176,1730,,,366.79,366.44,timeout,598.65,7.70,0.80,3.59,0.55,3.13,365.85,323.02,,3.00,0.00,0.00,0.54,382.10,112.47,269.56,3.23,212.33,
chc-lra-0108.smt2,,,,32,31,1082,2772,212,11843,30,1584,908,5546,1562,,,365.20,363.31,timeout,598.67,6.37,0.76,3.11,0.45,2.39,470.29,411.68,,2.83,0.00,0.00,0.56,485.35,106.92,378.33,3.25,319.73,
chc-lra-0109.smt2,,,,25,24,1285,3044,5,11962,23,1933,896,3866,1909,,,365.69,363.97,timeout,598.51,8.22,0.80,3.73,0.63,3.41,462.37,405.05,,3.74,0.00,0.00,0.61,480.60,139.38,341.14,3.63,269.69,
chc-lra-0110.smt2,,,,7,6,1288,175,45,3087,2,1387,1168,982,1380,,,414.28,411.93,timeout,599.00,11.81,2.89,7.15,0.51,3.28,466.42,416.70,,1.64,0.00,0.00,0.49,486.19,96.13,390.04,4.10,319.78,
chc-lra-0111.smt2,29,,,29,29,1196,1619,4,12089,14,1741,1399,5370,1753,29,1,1639.60,1028.52,unsat,541.67,7.08,0.88,3.29,0.51,2.79,523.69,460.81,,3.09,0.00,0.00,0.78,540.99,151.64,389.26,4.20,320.28,1.84
chc-lra-0112.smt2,,,8,12,12,110,61,220,822,1,474,270,548,461,,,252.64,163.27,sat,14.67,3.04,0.78,1.72,0.15,0.98,10.15,7.22,,0.05,0.00,0.00,0.16,14.32,1.36,12.92,0.68,6.29,
chc-lra-0113.smt2,,,,26,25,1092,1284,4,9542,23,1706,1321,4812,1684,,,353.02,349.13,timeout,598.57,7.88,0.90,3.47,0.48,3.43,360.75,318.96,,1.84,0.00,0.00,0.70,376.99,94.57,282.35,4.04,227.61,
chc-lra-0114.smt2,,,10,14,14,159,114,365,1722,12,663,409,1221,661,,,438.00,287.30,sat,31.18,5.49,1.48,3.28,0.26,1.63,22.89,16.74,,0.14,0.00,0.00,0.27,30.40,3.36,27.00,1.25,14.17,
chc-lra-0115.smt2,,,,29,28,1260,1250,,9794,3,1907,1563,4833,1890,,,386.21,384.30,timeout,598.98,9.40,0.94,4.25,0.62,3.91,459.92,401.83,,1.74,0.00,0.00,0.81,478.92,105.10,373.74,4.95,303.07,
chc-lra-0116.smt2,,,11,15,15,153,79,376,1815,13,872,527,1276,856,,,490.44,323.82,sat,54.07,8.60,2.22,5.11,0.33,2.66,41.63,31.22,,0.16,0.00,0.00,0.41,53.17,5.42,47.70,1.89,25.73,
chc-lra-0117.smt2,,,,29,28,937,916,184,7567,34,1304,1055,4552,1282,,,348.12,346.27,timeout,599.34,6.73,0.75,2.88,0.42,3.03,284.31,247.53,,0.95,0.01,0.00,0.59,297.54,57.21,240.24,3.52,198.71,
chc-lra-0118.smt2,,,,28,27,1313,603,1,10870,8,1810,1534,5758,1800,,,378.92,377.04,timeout,598.72,10.36,1.07,4.40,0.60,4.77,483.93,425.95,,2.61,0.01,0.00,0.94,505.75,157.84,347.83,5.89,272.27,
chc-lra-0119.smt2,,,4,10,10,58,88,80,787,9,152,66,557,142,,,192.56,117.52,sat,3.97,0.70,0.06,0.27,0.04,0.35,2.62,2.00,,0.02,0.01,0.00,0.05,3.76,0.67,3.05,0.28,1.53,
chc-lra-0120.smt2,7,,,7,7,52,28,11,159,3,75,43,64,74,7,1,128.08,69.92,unsat,1.60,0.29,0.03,0.11,0.02,0.15,0.94,0.75,,0.00,0.01,0.00,0.03,1.46,0.17,1.27,0.14,0.56,0.03
chc-lra-0121.smt2,,,,26,25,1050,1624,4,8123,17,1731,1384,2826,1710,,,374.61,359.04,timeout,598.92,10.24,1.10,4.26,0.67,4.72,413.54,370.07,,2.35,0.01,0.00,0.99,434.41,106.99,327.35,5.79,262.10,
chc-lra-0122.smt2,,,,25,24,1062,779,5,5539,16,1428,1234,2049,1411,,,371.27,365.26,timeout,598.71,10.49,1.04,4.13,0.54,5.28,335.40,300.83,,1.31,0.01,0.00,1.05,355.07,75.90,279.09,5.75,223.69,
chc-lra-0123.smt2,,,,32,31,1283,926,3,8844,6,1962,1706,4695,1945,,,394.98,393.08,timeout,598.32,15.95,1.37,6.36,0.91,7.89,532.43,466.07,,1.55,0.01,0.00,1.23,561.61,115.40,446.12,8.55,348.74,
chc-lra-0124.smt2,,,,30,29,1079,2770,46,10099,43,1767,1490,3568,1749,,,379.59,365.93,timeout,599.15,13.76,1.27,5.31,0.69,7.07,557.45,494.83,,3.05,0.01,0.01,1.20,585.22,146.19,438.93,7.88,353.53,
chc-lra-0125.smt2,,,,32,31,904,546,90,6412,6,1228,990,3808,1207,,,365.05,363.02,timeout,598.66,10.05,0.78,3.67,0.50,5.38,201.91,177.38,,0.60,0.01,0.01,0.85,220.06,41.94,178.02,5.69,134.51,
chc-lra-0126.smt2,,,,26,25,1112,1132,,5900,7,1636,1358,1945,1626,,,394.95,393.06,timeout,598.63,13.40,1.09,4.88,0.70,7.17,381.62,346.16,,1.53,0.01,0.01,1.31,407.24,86.07,321.09,8.40,255.74,
chc-lra-0127.smt2,,,,36,35,1313,873,2,11661,29,1944,1772,7133,1922,,,451.81,449.72,timeout,598.55,18.60,1.67,7.16,0.87,9.71,515.25,444.90,,1.81,0.01,0.01,1.59,549.62,142.99,406.53,10.85,307.10,
chc-lra-0128.smt2,,,,27,26,1141,982,1,6711,15,1723,1477,2374,1714,,,416.72,414.94,timeout,598.20,18.08,1.56,6.68,0.91,9.66,433.18,389.20,,2.04,0.01,0.01,1.42,465.94,105.05,360.81,10.05,279.48,
chc-lra-0129.smt2,,,,35,34,672,823,,4776,2,1069,899,2301,1048,,,499.21,498.72,timeout,598.70,10.42,0.85,3.60,0.53,5.83,122.88,107.85,,0.46,0.02,0.01,0.80,140.99,29.35,111.54,5.99,76.86,
chc-lra-0130.smt2,,,,28,27,857,1148,3,5067,15,1414,1205,1791,1393,,,414.84,414.66,timeout,598.41,14.77,1.12,4.93,0.67,8.53,287.68,257.70,,0.88,0.02,0.01,1.20,314.19,51.76,262.35,8.90,202.89,
chc-lra-0131.smt2,,,,37,36,1315,842,245,15925,26,1669,1488,12127,1652,,,540.49,536.90,timeout,598.05,22.70,1.79,8.44,1.05,12.28,483.57,419.24,,1.89,0.02,0.01,1.84,523.57,120.84,402.62,12.37,310.56,
chc-lra-0132.smt2,,,,27,26,1079,812,1,4512,9,1502,1298,1503,1485,,,450.99,450.61,timeout,598.99,21.49,1.67,7.37,0.91,12.30,391.27,355.27,,1.13,0.02,0.01,1.50,427.64,73.66,353.90,11.52,274.38,
chc-lra-0133.smt2,,,,39,38,995,1095,1,10279,5,1500,1299,6566,1481,,,454.90,446.17,timeout,599.03,20.05,1.39,6.55,0.97,11.71,353.10,310.88,,1.36,0.02,0.01,1.54,388.99,91.33,297.54,12.21,217.02,
chc-lra-0134.smt2,,,,30,29,1050,2055,,8753,14,1455,1258,3891,1431,,,495.97,494.41,timeout,598.75,20.01,1.39,6.43,0.86,11.91,426.73,384.52,,2.04,0.02,0.02,1.50,463.89,102.96,360.83,12.70,281.56,
chc-lra-ts-0000.smt2,,,,1,1,3,,3,2,,4,3,2,2,,,16.36,5.99,sat,0.01,0.00,0.00,0.00,0.00,0.00,0.00,0.00,,,0.00,0.00,0.00,0.00,0.00,0.00,0.00,0.00,
chc-lra-ts-0001.smt2,,,,1,1,3,,3,2,2,4,3,2,2,,,16.36,5.96,sat,0.01,0.00,0.00,0.00,0.00,0.00,0.00,0.00,,,0.00,0.00,0.00,0.01,0.00,0.00,0.00,0.00,
chc-lra-ts-0002.smt2,,,,1,1,3,,3,2,2,4,3,2,2,,,16.40,6.00,sat,0.01,0.00,0.00,0.00,0.00,0.00,0.00,0.00,,,0.00,0.00,0.00,0.00,0.00,0.00,0.00,0.00,
chc-lra-ts-0003.smt2,,,10,12,12,23,20,13,98,,36,13,66,23,,,22.72,10.32,sat,0.12,0.01,0.00,0.00,0.00,0.00,0.03,0.01,,0.00,0.00,0.00,0.00,0.10,0.02,0.04,0.01,0.01,
chc-lra-ts-0004.smt2,,,,1,1,2,,2,1,,3,2,1,1,,,16.20,5.93,sat,0.01,0.00,0.00,0.00,0.00,0.00,0.00,0.00,,,0.00,0.00,0.00,0.00,0.00,0.00,0.00,0.00,
chc-lra-ts-0005.smt2,,,,2,2,3,,3,3,,6,3,1,3,,,16.60,6.10,sat,0.02,0.00,0.00,0.00,0.00,0.00,0.00,0.00,,,0.00,0.00,0.00,0.01,0.00,0.00,0.00,0.00,
chc-lra-ts-0006.smt2,,,,95,94,270,4289,,20069,1,4560,95,7754,4465,,,212.82,212.55,timeout,598.00,3.81,1.30,2.09,0.67,0.46,575.98,378.08,,5.64,0.00,0.00,0.64,595.66,399.11,196.23,4.98,28.27,
chc-lra-ts-0007.smt2,,,128,130,130,259,192,131,8771,,390,131,8385,259,,,355.52,270.69,sat,24.63,0.20,0.04,0.10,0.03,0.03,22.83,0.59,,0.07,0.00,0.00,0.06,24.29,22.67,1.21,0.18,0.27,
chc-lra-ts-0008.smt2,,,,2,2,3,,3,3,,6,3,1,3,,,16.60,6.10,sat,0.02,0.00,0.00,0.00,0.00,0.00,0.00,0.00,,,0.00,0.00,0.00,0.01,0.00,0.00,0.00,0.00,
chc-lra-ts-0009.smt2,,,1,2,2,3,,2,3,,5,2,1,2,,,16.60,6.10,sat,0.02,0.00,0.00,0.00,0.00,0.00,0.00,0.00,,,0.00,0.00,0.00,0.01,0.00,0.00,0.00,0.00,
chc-lra-ts-0010.smt2,,,,180,179,183,16496,,16822,,16293,182,,16113,,,203.20,201.82,timeout,596.37,8.73,2.02,4.74,0.77,1.30,547.16,234.71,,0.98,0.00,0.00,1.97,578.72,2.83,575.35,8.84,208.67,
chc-lra-ts-0011.smt2,,,,171,170,174,14901,,15211,,14709,173,,14538,,,192.52,191.27,timeout,595.27,7.95,1.89,4.30,0.68,1.23,550.74,235.00,,0.86,0.00,0.00,1.90,580.04,2.69,576.83,8.29,208.98,
chc-lra-ts-0012.smt2,,,2,4,4,12,7,8,33,,17,8,18,12,,,19.84,8.10,sat,0.05,0.00,0.00,0.00,0.00,0.00,0.02,0.01,,0.00,0.00,0.00,0.00,0.04,0.01,0.02,0.00,0.00,
chc-lra-ts-0013.smt2,,,,54,53,2234,1565,,10291,,3799,2368,3221,3745,,,932.34,923.67,timeout,598.72,2.46,0.58,1.06,0.63,0.39,371.73,265.04,,9.50,0.00,0.00,0.45,396.16,230.98,165.01,9.14,17.74,
chc-lra-ts-0014.smt2,,10,,1,1,2,,,,,2,3,,11,,,14.92,5.83,unknown,0.02,0.00,0.00,0.00,0.00,0.00,0.01,0.00,0.00,,0.00,0.00,0.00,0.01,,0.01,0.00,0.00,0.00
chc-lra-ts-0015.smt2,,,1,2,2,3,,2,2,,5,2,,2,,,16.68,6.12,sat,0.02,0.00,0.00,0.00,0.00,0.00,0.00,0.00,,,0.00,0.00,0.00,0.01,0.00,0.00,0.00,0.00,
chc-lra-ts-0016.smt2,,,11,13,13,17,24,14,137,,50,14,78,36,,,26.36,13.23,sat,0.17,0.02,0.01,0.01,0.00,0.00,0.07,0.03,,0.00,0.00,0.00,0.00,0.16,0.03,0.09,0.01,0.02,
chc-lra-ts-0017.smt2,,,1,4,4,4,3,6,11,,12,5,4,7,,,18.00,6.85,sat,0.04,0.00,0.00,0.00,0.00,0.00,0.01,0.00,,0.00,0.00,0.00,0.00,0.03,0.00,0.01,0.00,0.00,
chc-lra-ts-0018.smt2,,,128,130,130,259,193,131,8771,,390,131,8385,259,,,355.16,270.41,sat,25.88,0.14,0.03,0.05,0.03,0.03,24.01,0.65,,0.08,0.00,0.00,0.07,25.52,23.84,1.26,0.20,0.30,
chc-lra-ts-0019.smt2,,,,109,108,218,11768,,11986,,11880,217,,11771,,,179.59,178.22,timeout,596.65,10.55,2.77,5.09,2.45,1.34,551.70,320.46,,1.37,0.00,0.00,1.60,583.59,2.58,580.67,10.48,291.49,
chc-lra-ts-0020.smt2,,,51,52,52,204,1324,103,4280,,1481,103,2754,1428,,,293.44,208.23,sat,11.28,0.44,0.11,0.22,0.03,0.11,9.32,2.90,,0.08,0.00,0.00,0.16,11.08,4.51,6.42,0.45,2.16,
chc-lra-ts-0021.smt2,,,12,13,13,27,33,13,145,,49,13,78,35,,,29.56,14.86,sat,0.19,0.02,0.01,0.01,0.00,0.00,0.08,0.04,,0.00,0.00,0.00,0.00,0.17,0.03,0.10,0.01,0.03,
chc-lra-ts-0022.smt2,,,,180,179,188,17211,,17672,,16298,187,,16118,,,202.14,200.93,timeout,595.68,9.84,2.58,5.66,0.79,1.44,560.75,241.33,,1.04,0.00,0.00,2.15,593.98,3.62,589.81,9.12,212.96,
chc-lra-ts-0023.smt2,,,,2,2,4,,4,6,,7,4,4,4,,,17.56,6.54,sat,0.02,0.00,0.00,0.00,0.00,0.00,0.00,0.00,,,0.00,0.00,0.00,0.01,0.00,0.01,0.00,0.00,
chc-lra-ts-0024.smt2,,,3,4,4,8,4,5,26,,12,5,13,8,,,18.72,7.55,sat,0.04,0.00,0.00,0.00,0.00,0.00,0.01,0.01,,0.00,0.00,0.00,0.00,0.03,0.01,0.01,0.00,0.00,
chc-lra-ts-0025.smt2,,,,177,176,177,15398,,15580,,15576,176,3,15400,,,284.02,282.16,timeout,595.71,14.46,4.66,8.92,0.91,2.38,545.35,192.09,,1.59,0.00,0.00,3.25,588.65,7.23,580.85,14.71,85.13,
chc-lra-ts-0026.smt2,,,3,4,4,8,5,5,26,,12,5,13,8,,,19.08,7.79,sat,0.05,0.00,0.00,0.00,0.00,0.00,0.02,0.01,,0.00,0.00,0.00,0.00,0.04,0.01,0.02,0.00,0.01,
chc-lra-ts-0027.smt2,,,,91,90,388,3797,,30189,,4186,91,13002,4095,,,311.23,310.65,timeout,597.12,5.53,1.37,2.57,1.62,0.65,530.96,318.14,,17.42,0.00,0.00,0.64,570.17,311.49,258.39,9.91,65.39,
chc-lra-ts-0028.smt2,,,,21,20,963,577,,9918,,1561,551,4179,1540,,,480.34,479.60,timeout,599.29,1.81,0.60,0.89,0.43,0.29,551.53,264.32,,7.38,0.00,0.00,0.22,568.15,218.84,349.25,5.19,76.86,
chc-lra-ts-0029.smt2,,,100,102,102,404,205,204,8607,2548,507,204,8005,404,,,599.00,419.23,sat,27.00,0.20,0.04,0.08,0.04,0.04,24.54,3.85,,0.23,0.00,0.00,0.12,26.44,21.01,5.11,0.46,2.46,
chc-lra-ts-0030.smt2,,,,148,147,1384,14499,,29610,3041,4475,115,6706,4390,,,660.85,659.28,timeout,596.98,7.78,2.30,4.88,1.13,0.80,530.72,401.74,,22.32,0.00,0.00,3.70,579.70,236.54,342.67,12.41,180.40,
chc-lra-ts-0031.smt2,,10,,1,1,1,,,,,1,2,,10,,,14.96,5.90,unknown,0.02,0.00,0.00,0.00,0.00,0.00,0.01,0.00,0.00,,0.00,0.00,0.00,0.01,,0.01,0.00,,0.00
chc-lra-ts-0032.smt2,,,,76,75,301,11174,,11475,,11476,301,,11400,,,191.72,190.82,timeout,596.13,10.13,2.79,5.00,2.13,1.23,531.92,322.57,,1.47,0.00,0.00,4.09,567.32,3.01,564.06,15.88,290.93,
chc-lra-ts-0033.smt2,,10,,1,1,1,,,,,1,2,,10,,,14.96,5.90,unknown,0.02,0.00,0.00,0.00,0.00,0.00,0.01,0.00,0.00,,0.00,0.00,0.00,0.01,,0.01,0.00,,0.00
chc-lra-ts-0034.smt2,,,,284,283,292,18291,,18585,,18541,245,,18257,,,259.08,252.56,timeout,595.43,26.35,7.23,14.94,4.48,3.85,527.23,126.64,,1.79,0.00,0.00,2.31,588.95,2.97,585.10,15.51,109.65,
chc-lra-ts-0035.smt2,2,,,2,2,5,,,3,,7,5,,6,2,1,26.80,6.58,unsat,0.03,0.00,0.00,0.00,0.00,0.00,0.01,0.00,,,0.00,0.00,0.00,0.02,0.00,0.01,0.00,0.00,0.00
chc-lra-ts-0036.smt2,,,,120,119,209,11005,,11990,,7260,120,129,7140,,,536.07,535.83,timeout,596.99,6.14,1.70,2.93,1.36,0.98,569.72,416.47,,2.59,0.00,0.00,1.22,591.30,58.49,532.42,7.61,183.21,
chc-lra-ts-0037.smt2,,,,1,1,2,,2,1,,3,2,1,1,,,16.84,6.33,sat,0.02,0.00,0.00,0.00,0.00,0.00,0.00,0.00,,,0.00,0.00,0.00,0.01,0.00,0.00,0.00,0.00,
chc-lra-ts-0038.smt2,,,,114,113,396,12490,5,30894,2,9699,230,8984,9585,,,295.68,266.95,timeout,596.61,9.15,2.41,4.87,1.00,1.42,558.23,340.01,,3.44,0.00,0.00,4.34,592.74,94.14,498.22,12.30,240.05,
chc-lra-ts-0039.smt2,,,,1,1,3,,3,2,2,4,3,2,2,,,17.68,6.65,sat,0.02,0.00,0.00,0.00,0.00,0.00,0.00,0.00,,,0.00,0.00,0.00,0.01,0.00,0.01,0.00,0.00,
chc-lra-ts-0040.smt2,,,,2,2,3,,3,3,,6,3,1,3,,,17.48,6.68,sat,0.02,0.00,0.00,0.00,0.00,0.00,0.00,0.00,,,0.00,0.00,0.00,0.01,0.00,0.01,0.00,0.00,
chc-lra-ts-0041.smt2,,,200,201,201,203,199,3,602,,804,403,2,602,,,117.88,65.08,sat,4.61,0.32,0.05,0.10,0.08,0.07,2.45,0.89,,0.03,0.00,0.00,0.27,4.58,0.49,3.46,0.80,0.31,
chc-lra-ts-0042.smt2,,,1,2,2,3,,2,2,,5,2,,2,,,18.00,6.96,sat,0.02,0.00,0.00,0.00,0.00,0.00,0.00,0.00,,,0.00,0.00,0.00,0.01,0.00,0.01,0.00,0.00,
chc-lra-ts-0043.smt2,12,,,12,12,23,10,,22,,34,24,,33,12,1,33.00,10.60,unsat,0.13,0.01,0.00,0.00,0.00,0.00,0.04,0.02,,0.00,0.00,0.00,0.01,0.11,0.00,0.07,0.01,0.01,0.01
chc-lra-ts-0044.smt2,,,,1,1,2,,2,1,,3,2,1,1,,,16.68,6.15,sat,0.01,0.00,0.00,0.00,0.00,0.00,0.00,0.00,,,0.00,0.00,0.00,0.00,0.00,0.00,0.00,0.00,
chc-lra-ts-0045.smt2,,,2,3,3,5,2,3,6,,9,3,,5,,,17.88,6.74,sat,0.03,0.00,0.00,0.00,0.00,0.00,0.01,0.00,,0.00,0.00,0.00,0.00,0.02,0.00,0.01,0.00,0.00,
chc-lra-ts-0046.smt2,3,,,3,3,6,2,1,9,,9,5,1,8,3,1,27.32,6.92,unsat,0.04,0.00,0.00,0.00,0.00,0.00,0.01,0.01,,0.00,0.00,0.00,0.00,0.02,0.00,0.01,0.00,0.00,0.00
chc-lra-ts-0047.smt2,,,,29,28,1512,8319,,13052,39,4998,857,1418,4969,,,326.59,325.07,timeout,597.05,9.93,3.94,6.29,1.16,1.45,542.69,450.43,,4.51,0.00,0.00,0.85,568.22,52.52,515.61,6.43,372.30,
chc-lra-ts-0048.smt2,,,1,2,2,3,,3,4,,6,3,2,3,,,17.76,6.73,sat,0.02,0.00,0.00,0.00,0.00,0.00,0.01,0.00,,,0.00,0.00,0.00,0.01,0.00,0.01,0.00,0.00,
chc-lra-ts-0049.smt2,,,1,2,2,3,,2,3,,5,2,1,2,,,17.64,6.70,sat,0.02,0.00,0.00,0.00,0.00,0.00,0.00,0.00,,,0.00,0.00,0.00,0.01,0.00,0.01,0.00,0.00,
chc-lra-ts-0050.smt2,,,,1,1,2,,2,1,,3,2,1,1,,,16.72,6.20,sat,0.01,0.00,0.00,0.00,0.00,0.00,0.00,0.00,,,0.00,0.00,0.00,0.00,0.00,0.00,0.00,0.00,
chc-lra-ts-0051.smt2,3,,,3,3,6,2,,8,,9,5,,8,3,1,27.72,7.35,unsat,0.04,0.00,0.00,0.00,0.00,0.00,0.01,0.01,,0.00,0.00,0.00,0.00,0.03,0.00,0.02,0.00,0.00,0.00
chc-lra-ts-0052.smt2,,,,2,2,3,,5,4,,8,5,2,5,,,18.08,6.85,sat,0.03,0.00,0.00,0.00,0.00,0.00,0.01,0.00,,,0.00,0.00,0.00,0.02,0.00,0.01,0.00,0.00,
chc-lra-ts-0053.smt2,,110,,102,102,102,100,,202,,203,103,,212,,,27.96,15.00,unknown,0.85,0.05,0.01,0.02,0.01,0.01,0.26,0.03,0.12,0.00,0.00,0.00,0.03,0.83,0.07,0.41,0.09,0.00,0.01
chc-lra-ts-0054.smt2,,,5,19,19,33,149,141,799,8,309,238,340,292,,,81.28,47.23,sat,2.11,0.16,0.04,0.07,0.03,0.03,1.44,0.92,,0.03,0.00,0.00,0.05,2.01,0.43,1.51,0.19,0.39,
chc-lra-ts-0055.smt2,,,1,2,2,5,,4,6,1,8,4,2,5,,,17.80,6.77,sat,0.03,0.00,0.00,0.00,0.00,0.00,0.01,0.00,,0.00,0.00,0.00,0.00,0.02,0.00,0.01,0.00,0.00,
chc-lra-ts-0056.smt2,,,4,8,8,24,7,24,115,1,47,26,81,38,,,36.68,20.44,sat,0.24,0.03,0.01,0.01,0.01,0.01,0.13,0.07,,0.00,0.00,0.00,0.01,0.21,0.05,0.14,0.01,0.05,
chc-lra-ts-0057.smt2,3,,,3,3,7,1,1,12,,10,8,4,9,3,1,28.84,7.75,unsat,0.05,0.00,0.00,0.00,0.00,0.00,0.01,0.01,,0.00,0.00,0.00,0.00,0.03,0.00,0.02,0.00,0.00,0.00
chc-lra-ts-0058.smt2,,,2,3,3,6,2,9,23,,14,9,17,10,,,19.36,7.86,sat,0.05,0.00,0.00,0.00,0.00,0.00,0.01,0.01,,0.00,0.00,0.00,0.00,0.03,0.00,0.02,0.00,0.00,
chc-lra-ts-0059.smt2,3,,,3,3,3,1,,4,,5,3,,4,3,1,27.20,6.89,unsat,0.04,0.00,0.00,0.00,0.00,0.00,0.01,0.00,,0.00,0.00,0.00,0.00,0.02,0.00,0.01,0.00,0.00,0.00
chc-lra-ts-0060.smt2,4,,,4,4,10,3,,12,,14,9,,13,4,1,29.40,8.12,unsat,0.07,0.00,0.00,0.00,0.00,0.00,0.02,0.01,,0.00,0.00,0.00,0.00,0.05,0.00,0.03,0.00,0.00,0.00
chc-lra-ts-0061.smt2,,,1,2,2,4,,3,6,,6,3,3,3,,,18.24,6.98,sat,0.03,0.00,0.00,0.00,0.00,0.00,0.01,0.00,,0.00,0.00,0.00,0.00,0.02,0.00,0.01,0.00,0.00,
chc-lra-ts-0062.smt2,,,,9791,9790,3,19577,,19580,,19581,2,,9790,,,157.50,156.47,timeout,596.00,12.74,3.79,7.23,1.59,1.79,520.36,82.29,,0.16,0.00,0.00,1.24,595.95,0.85,563.22,2.45,97.42,
chc-lra-ts-0063.smt2,,,5,6,6,11,7,5,19,,20,5,1,13,,,21.76,9.33,sat,0.08,0.01,0.00,0.00,0.00,0.00,0.03,0.02,,0.00,0.00,0.00,0.00,0.06,0.01,0.04,0.00,0.01,
chc-lra-ts-0064.smt2,,,7,8,8,14,10,7,40,5,26,7,17,17,,,23.40,10.49,sat,0.10,0.01,0.00,0.00,0.00,0.00,0.04,0.02,,0.00,0.00,0.00,0.00,0.08,0.01,0.05,0.01,0.01,
chc-lra-ts-0065.smt2,7,,,7,7,7,10,,17,,18,7,,17,7,1,32.56,9.82,unsat,0.08,0.00,0.00,0.00,0.00,0.00,0.02,0.01,,0.00,0.00,0.00,0.00,0.06,0.00,0.03,0.00,0.00,0.01
chc-lra-ts-0066.smt2,,,9,15,15,75,228,53,498,41,129,21,81,114,,,115.56,66.33,sat,2.50,0.13,0.04,0.06,0.03,0.02,1.98,1.64,,0.07,0.00,0.00,0.03,2.38,0.55,1.79,0.09,1.22,
chc-lra-ts-0067.smt2,,,2,4,4,7,2,3,10,,12,3,,7,,,19.20,7.66,sat,0.05,0.00,0.00,0.00,0.00,0.00,0.01,0.01,,0.00,0.00,0.00,0.00,0.03,0.00,0.02,0.00,0.00,
chc-lra-ts-0068.smt2,,,1,2,2,3,,3,6,,6,3,3,3,,,18.24,6.99,sat,0.02,0.00,0.00,0.00,0.00,0.00,0.01,0.00,,0.00,0.00,0.00,0.00,0.01,0.00,0.01,0.00,0.00,
chc-lra-ts-0069.smt2,,,1,2,2,6,2,4,9,,8,4,4,5,,,18.24,7.09,sat,0.03,0.00,0.00,0.00,0.00,0.00,0.01,0.00,,0.00,0.00,0.00,0.00,0.02,0.00,0.01,0.00,0.00,
chc-lra-ts-0070.smt2,,25,,7,7,9,5,,33,,24,9,5,33,,,17.84,7.91,unknown,0.18,0.01,0.00,0.00,0.00,0.00,0.12,0.00,0.10,0.00,0.00,0.00,0.01,0.17,0.02,0.13,0.01,0.02,0.02
chc-lra-ts-0071.smt2,,,3,5,5,9,3,6,27,,18,5,12,12,,,21.76,9.11,sat,0.07,0.01,0.00,0.00,0.00,0.00,0.02,0.01,,0.00,0.00,0.00,0.00,0.05,0.01,0.03,0.00,0.01,
chc-lra-ts-0072.smt2,7,,,7,7,12,17,2,29,,30,12,,29,7,1,31.72,9.54,unsat,0.10,0.01,0.00,0.00,0.00,0.00,0.03,0.02,,0.00,0.00,0.00,0.01,0.08,0.01,0.06,0.01,0.00,0.01
chc-lra-ts-0073.smt2,17,,,17,17,71,125,,608,,188,31,197,187,17,1,70.28,34.80,unsat,0.89,0.09,0.02,0.04,0.02,0.02,0.52,0.36,,0.02,0.00,0.00,0.04,0.85,0.21,0.59,0.09,0.11,0.04
chc-lra-ts-0074.smt2,,,,1,1,2,,2,1,,3,2,1,1,,,17.52,6.69,sat,0.02,0.00,0.00,0.00,0.00,0.00,0.00,0.00,,,0.00,0.00,0.00,0.01,0.00,0.00,0.00,0.00,
chc-lra-ts-0075.smt2,,,1,1,1,1,,1,,,2,1,,,,,16.16,6.11,sat,0.01,0.00,0.00,0.00,0.00,0.00,0.00,,,,0.00,0.00,,0.00,0.00,0.00,,,
chc-lra-ts-0076.smt2,,,,1,1,3,,3,2,,4,3,2,2,,,17.80,6.75,sat,0.02,0.00,0.00,0.00,0.00,0.00,0.00,0.00,,,0.00,0.00,0.00,0.01,0.00,0.00,0.00,0.00,
chc-lra-ts-0077.smt2,,,4,6,6,13,12,10,56,1,30,9,21,23,,,24.64,11.03,sat,0.11,0.01,0.00,0.01,0.00,0.00,0.05,0.02,,0.00,0.00,0.00,0.00,0.10,0.01,0.07,0.01,0.02,
chc-lra-ts-0078.smt2,3,,,3,3,3,1,,4,,5,4,,4,3,1,28.80,7.64,unsat,0.04,0.00,0.00,0.00,0.00,0.00,0.01,0.00,,0.00,0.00,0.00,0.00,0.02,0.00,0.01,0.00,0.00,0.00
chc-lra-ts-0079.smt2,,,1,3,3,5,2,5,10,,10,4,4,6,,,19.32,7.82,sat,0.04,0.00,0.00,0.00,0.00,0.00,0.01,0.00,,0.00,0.00,0.00,0.00,0.02,0.00,0.01,0.00,0.00,
chc-lra-ts-0080.smt2,13,,,13,13,13,22,,35,,36,13,,35,13,1,33.44,10.42,unsat,0.13,0.01,0.00,0.00,0.00,0.00,0.04,0.02,,0.00,0.00,0.00,0.01,0.11,0.01,0.07,0.01,0.00,0.01
chc-lra-ts-0081.smt2,,,4,10,10,21,48,21,141,3,63,17,38,52,,,37.12,19.98,sat,0.33,0.04,0.01,0.02,0.01,0.01,0.18,0.13,,0.00,0.00,0.00,0.01,0.31,0.05,0.23,0.02,0.09,
chc-lra-ts-0082.smt2,,,1,2,2,5,,4,6,1,8,4,2,5,,,18.36,7.08,sat,0.03,0.00,0.00,0.00,0.00,0.00,0.01,0.00,,0.00,0.00,0.00,0.00,0.02,0.00,0.01,0.00,0.00,
chc-lra-ts-0083.smt2,3,,,3,3,5,1,,6,,7,4,,6,3,1,29.04,7.89,unsat,0.04,0.00,0.00,0.00,0.00,0.00,0.01,0.01,,0.00,0.00,0.00,0.00,0.03,0.00,0.02,0.00,0.00,0.00
chc-lra-ts-0084.smt2,3,,,3,3,5,1,,6,,7,4,,6,3,1,28.92,7.75,unsat,0.04,0.00,0.00,0.00,0.00,0.00,0.01,0.01,,0.00,0.00,0.00,0.00,0.02,0.00,0.01,0.00,0.00,0.00
chc-lra-ts-0085.smt2,4,,,4,4,4,4,,8,,9,4,,8,4,1,28.88,7.73,unsat,0.05,0.00,0.00,0.00,0.00,0.00,0.01,0.01,,0.00,0.00,0.00,0.00,0.03,0.00,0.02,0.00,0.00,0.00
chc-lra-ts-0086.smt2,3,,,3,3,3,1,,4,,5,3,,4,3,1,29.00,7.71,unsat,0.04,0.00,0.00,0.00,0.00,0.00,0.01,0.00,,0.00,0.00,0.00,0.00,0.02,0.00,0.01,0.00,0.00,0.00
chc-lra-ts-0087.smt2,7,,,7,7,7,15,,22,,23,7,,22,7,1,31.64,9.66,unsat,0.09,0.01,0.00,0.00,0.00,0.00,0.02,0.02,,0.00,0.00,0.00,0.01,0.07,0.00,0.05,0.01,0.00,0.01
chc-lra-ts-0088.smt2,7,,,7,7,28,14,1,83,,40,21,17,39,7,1,41.92,15.55,unsat,0.24,0.02,0.01,0.01,0.00,0.01,0.12,0.09,,0.00,0.00,0.00,0.01,0.21,0.04,0.16,0.02,0.05,0.01
chc-lra-ts-0089.smt2,7,,,7,7,7,15,,22,,23,7,,22,7,1,31.64,9.38,unsat,0.09,0.01,0.00,0.00,0.00,0.00,0.02,0.01,,0.00,0.00,0.00,0.01,0.07,0.00,0.05,0.01,0.00,0.01
chc-lra-ts-0090.smt2,13,,,13,13,14,40,,76,2,56,13,15,57,13,1,37.04,13.20,unsat,0.21,0.02,0.01,0.01,0.00,0.01,0.07,0.04,,0.00,0.00,0.00,0.02,0.18,0.01,0.13,0.02,0.02,0.02
chc-lra-ts-0091.smt2,7,,,7,7,7,15,,22,,23,7,,22,7,1,31.96,9.79,unsat,0.10,0.01,0.00,0.00,0.00,0.00,0.03,0.02,,0.00,0.00,0.00,0.01,0.07,0.00,0.05,0.01,0.00,0.01
chc-lra-ts-0092.smt2,13,,,13,13,35,25,10,69,,67,53,1,66,13,1,39.52,14.20,unsat,0.25,0.02,0.00,0.01,0.00,0.01,0.10,0.06,,0.00,0.00,0.00,0.02,0.23,0.02,0.16,0.03,0.02,0.02
chc-lra-ts-0093.smt2,,,,1,1,3,,3,2,,4,3,2,2,,,18.40,7.05,sat,0.02,0.00,0.00,0.00,0.00,0.00,0.00,0.00,,,0.00,0.00,0.00,0.01,0.00,0.01,0.00,0.00,
chc-lra-ts-0094.smt2,,,,1,1,3,,3,2,,4,3,2,2,,,18.36,7.04,sat,0.02,0.00,0.00,0.00,0.00,0.00,0.00,0.00,,,0.00,0.00,0.00,0.01,0.00,0.01,0.00,0.00,
chc-lra-ts-0095.smt2,,26,,7,7,9,5,,27,,23,12,2,23,,,19.88,8.75,unknown,0.24,0.01,0.00,0.00,0.00,0.00,0.18,0.01,0.16,0.00,0.00,0.00,0.01,0.23,0.04,0.17,0.01,0.05,
chc-lra-ts-0096.smt2,4,,,4,4,7,2,,6,,11,8,,10,4,1,32.60,9.96,unsat,0.07,0.00,0.00,0.00,0.00,0.00,0.02,0.01,,0.00,0.00,0.00,0.00,0.04,0.00,0.03,0.00,0.00,0.01
chc-lra-ts-0097.smt2,4,,,4,4,14,2,1,20,,17,11,4,16,4,1,36.04,11.61,unsat,0.11,0.01,0.00,0.00,0.00,0.00,0.05,0.04,,0.00,0.00,0.00,0.00,0.09,0.01,0.07,0.01,0.02,0.01
chc-lra-ts-0098.smt2,13,,,13,13,26,63,,176,,87,20,47,86,13,1,55.32,23.88,unsat,0.55,0.05,0.01,0.02,0.01,0.01,0.29,0.22,,0.00,0.00,0.00,0.03,0.49,0.08,0.37,0.05,0.09,0.06
chc-lra-ts-0099.smt2,10,,,10,10,12,29,2,44,,45,12,,44,10,1,59.48,24.90,unsat,0.37,0.02,0.00,0.01,0.00,0.01,0.18,0.15,,0.00,0.00,0.00,0.02,0.30,0.01,0.26,0.03,0.05,0.10
chc-lra-ts-0100.smt2,,,,33,32,1009,1379,60,6891,168,1428,1265,2405,1431,,,383.13,381.23,timeout,599.03,5.44,2.22,3.44,0.72,0.84,422.25,370.76,,2.14,0.00,0.00,0.67,435.35,107.82,327.42,2.98,267.55,
chc-lra-ts-0101.smt2,,,3,4,4,370,2,544,1119,7,560,554,1110,556,,,685.40,441.08,sat,47.17,2.23,0.80,1.32,0.22,0.53,40.66,30.67,,0.00,0.00,0.00,0.13,44.28,4.32,39.96,0.80,29.68,
chc-lra-ts-0102.smt2,,,3,4,4,704,2,935,1875,,954,947,1866,949,,,995.12,668.52,sat,161.67,4.29,1.45,2.64,0.49,0.85,145.47,117.35,,0.01,0.00,0.00,0.23,152.98,12.45,140.52,1.89,113.50,
chc-lra-ts-0103.smt2,,,,4,3,4,2,,6,,7,2,,3,,,316.18,314.20,timeout,598.38,0.00,0.00,0.00,0.00,0.00,0.01,0.00,,0.00,0.00,0.00,0.00,0.02,0.00,0.01,0.00,0.00,
chc-lra-ts-0104.smt2,,,3,4,4,168,2,259,540,,278,272,531,274,,,252.08,155.01,sat,13.57,0.45,0.13,0.23,0.05,0.13,12.00,9.98,,0.00,0.00,0.00,0.07,12.97,0.96,12.00,0.28,9.24,
chc-lra-ts-0105.smt2,4,,,4,4,39,2,,6,,49,46,,48,4,1,67.48,28.91,unsat,0.68,0.03,0.00,0.01,0.00,0.01,0.52,0.43,,0.00,0.00,0.00,0.02,0.64,0.00,0.62,0.04,0.36,0.03
chc-lra-ts-0106.smt2,,,3,4,4,71,2,99,206,,112,105,197,107,,,104.28,65.26,sat,1.85,0.20,0.06,0.10,0.02,0.05,1.34,0.73,,0.00,0.00,0.00,0.02,1.70,0.24,1.45,0.09,0.73,
chc-lra-ts-0107.smt2,,,3,4,4,81,2,96,193,,107,100,184,102,,,106.24,62.53,sat,1.76,0.22,0.08,0.12,0.02,0.06,1.22,0.71,,0.00,0.00,0.00,0.02,1.59,0.21,1.37,0.08,0.66,
chc-lra-ts-0108.smt2,,,3,4,4,198,2,317,639,,338,331,630,333,,,407.80,274.99,sat,22.27,3.19,1.44,2.31,0.14,0.58,17.09,11.83,,0.00,0.00,0.00,0.09,21.14,1.60,19.53,0.49,12.47,
chc-lra-ts-0109.smt2,,,3,4,4,516,2,793,1636,,816,809,1627,811,,,955.72,635.70,sat,113.21,4.89,2.03,3.20,0.28,1.10,100.30,79.74,,0.01,0.00,0.00,0.24,108.11,7.10,101.00,1.80,76.77,
chc-lra-ts-0110.smt2,,,3,4,4,1075,3,1575,3180,,1594,1587,3171,1589,,,1784.68,1204.41,sat,476.89,10.82,4.49,7.36,0.72,2.02,439.33,353.70,,0.01,0.00,0.00,0.42,457.55,40.25,417.29,4.68,338.70,
chc-lra-ts-0111.smt2,,,3,4,4,274,3,458,961,,478,471,952,473,,,519.20,339.75,sat,38.32,3.47,1.40,2.31,0.22,0.74,31.44,23.55,,0.00,0.00,0.00,0.13,36.19,3.15,33.03,0.74,22.86,
chc-lra-ts-0112.smt2,,,10,16,16,79,58,113,1313,6,204,121,888,188,,,189.44,126.04,sat,4.64,0.43,0.11,0.22,0.04,0.13,3.61,2.57,,0.06,0.00,0.00,0.03,4.46,1.57,2.84,0.14,1.66,
chc-lra-ts-0113.smt2,,,14,22,22,145,165,185,3342,,402,202,2228,380,,,416.24,282.54,sat,24.93,1.31,0.30,0.64,0.12,0.45,21.83,16.95,,0.31,0.00,0.00,0.08,24.45,9.63,14.75,0.42,10.35,
chc-lra-ts-0114.smt2,3,,,3,3,7,2,1,8,1,10,6,2,9,3,1,33.08,10.66,unsat,0.05,0.00,0.00,0.00,0.00,0.00,0.01,0.01,,0.00,0.00,0.00,0.00,0.03,0.00,0.02,0.00,0.00,0.00
chc-lra-ts-0115.smt2,,,,4,3,4,2,,6,,7,2,,3,,,351.68,349.90,timeout,599.11,0.00,0.00,0.00,0.00,0.00,0.01,0.00,,0.00,0.00,0.00,0.00,0.02,0.00,0.01,0.00,0.00,
chc-lra-ts-0116.smt2,,,,4,3,4,2,,6,,7,2,,3,,,377.72,375.65,timeout,598.61,0.00,0.00,0.00,0.00,0.00,0.01,0.00,,0.00,0.00,0.00,0.00,0.03,0.00,0.01,0.00,0.00,
chc-lra-ts-0117.smt2,,,,4,3,4,2,,6,,7,2,,3,,,360.32,357.16,timeout,599.23,0.00,0.00,0.00,0.00,0.00,0.01,0.00,,0.00,0.00,0.00,0.00,0.03,0.00,0.01,0.00,0.00,
chc-lra-ts-0118.smt2,,,3,7,7,40,20,48,138,1,92,43,66,84,,,57.96,34.22,sat,0.78,0.17,0.05,0.09,0.01,0.05,0.43,0.28,,0.00,0.00,0.00,0.02,0.72,0.08,0.62,0.05,0.23,
chc-lra-ts-0119.smt2,,,4,9,9,29,40,26,223,1,47,32,132,40,,,44.12,23.64,sat,0.36,0.04,0.00,0.01,0.00,0.02,0.20,0.12,,0.00,0.00,0.00,0.01,0.32,0.10,0.20,0.03,0.07,
chc-lra-ts-0120.smt2,,,,27,26,846,592,14,13080,18,1228,610,8929,1202,,,417.29,412.89,timeout,599.11,7.82,1.92,4.25,0.64,2.42,512.01,436.34,,3.89,0.00,0.00,0.32,529.58,206.78,322.70,2.85,265.21,
chc-lra-ts-0121.smt2,,,,4,3,4,2,,6,,7,2,,3,,,344.75,342.72,timeout,599.19,0.00,0.00,0.00,0.00,0.00,0.01,0.01,,0.00,0.00,0.00,0.00,0.03,0.01,0.01,0.00,0.00,
chc-lra-ts-0122.smt2,,,,4,3,4,2,,6,,7,2,,3,,,380.09,378.22,timeout,598.78,0.00,0.00,0.00,0.00,0.00,0.01,0.01,,0.00,0.01,0.00,0.00,0.03,0.01,0.01,0.00,0.00,
chc-lra-ts-0123.smt2,,,3,4,4,726,2,1192,2459,,1208,1201,2450,1203,,,1769.92,1180.57,sat,367.38,14.77,6.41,10.09,0.69,3.11,333.54,254.69,,0.01,0.01,0.00,0.48,355.06,30.03,325.02,4.59,247.53,
chc-lra-ts-0124.smt2,,,,4,3,4,2,,6,,7,2,,3,,,371.03,369.07,timeout,598.78,0.00,0.00,0.00,0.00,0.00,0.01,0.01,,0.00,0.00,0.00,0.00,0.03,0.00,0.02,0.00,0.00,
chc-lra-ts-0125.smt2,,,2,3,3,6,2,8,21,,14,9,14,10,,,29.28,14.35,sat,0.08,0.01,0.00,0.00,0.00,0.00,0.03,0.02,,0.00,0.00,0.00,0.00,0.06,0.01,0.04,0.01,0.01,
chc-lra-ts-0126.smt2,,,3,7,7,40,15,45,122,,97,51,45,89,,,60.12,35.00,sat,0.85,0.20,0.05,0.11,0.01,0.06,0.46,0.32,,0.00,0.00,0.00,0.02,0.79,0.08,0.69,0.06,0.26,
chc-lra-ts-0127.smt2,,,,,,,,,,,,,,,,,0.09,0.09,error,,,,,,,,,,,,,,,,,,,
chc-lra-ts-0128.smt2,,,9,13,13,41,63,36,500,,117,34,228,103,,,71.20,42.33,sat,1.06,0.22,0.06,0.12,0.02,0.07,0.62,0.41,,0.01,0.00,0.00,0.02,1.01,0.28,0.68,0.06,0.24,
chc-lra-ts-0129.smt2,,,,4,3,4,2,,6,,7,2,,3,,,409.74,407.56,timeout,598.78,0.00,0.00,0.00,0.00,0.00,0.02,0.01,,0.00,0.01,0.01,0.00,0.03,0.01,0.02,0.00,0.00,
chc-lra-ts-0130.smt2,,,,4,3,4,2,,6,,7,2,,3,,,386.90,380.93,timeout,598.58,0.00,0.00,0.00,0.00,0.00,0.02,0.01,,0.00,0.01,0.01,0.00,0.03,0.01,0.02,0.00,0.00,
chc-lra-ts-0131.smt2,,,,25,24,55,59,12,622,,131,32,290,107,,,290.28,288.22,timeout,599.18,0.15,0.02,0.05,0.01,0.07,0.63,0.40,,0.02,0.00,0.00,0.02,1.00,0.37,0.55,0.07,0.16,
chc-lra-ts-0132.smt2,,,,4,3,4,2,,6,,7,2,,3,,,407.04,404.97,timeout,598.49,0.00,0.00,0.00,0.00,0.00,0.02,0.01,,0.00,0.01,0.00,0.00,0.03,0.01,0.02,0.00,0.00,
chc-lra-ts-0133.smt2,,,15,23,23,79,398,93,1885,8,325,85,863,302,,,182.52,119.52,sat,5.30,0.90,0.27,0.51,0.07,0.26,3.70,2.61,,0.08,0.00,0.00,0.05,5.17,1.54,3.56,0.20,1.58,
chc-lra-ts-0134.smt2,,,,4,3,4,2,,6,,7,2,,3,,,380.55,377.79,timeout,598.16,0.00,0.00,0.00,0.00,0.00,0.01,0.01,,0.00,0.01,0.00,0.00,0.03,0.00,0.01,0.00,0.00,
chc-lra-ts-0135.smt2,,,3,4,4,652,2,1076,2250,,1094,1088,2241,1090,,,1708.28,1109.95,sat,324.00,31.44,15.71,24.23,0.88,4.89,277.46,206.40,,0.01,0.00,0.00,0.44,314.70,21.80,292.90,3.72,199.79,
chc-lra-ts-0136.smt2,,,11,14,14,48,76,44,559,2,119,39,319,106,,,77.60,45.48,sat,1.10,0.20,0.05,0.11,0.02,0.07,0.65,0.41,,0.01,0.00,0.00,0.02,1.04,0.28,0.71,0.06,0.27,
chc-lra-ts-0137.smt2,,,4,8,8,62,43,82,262,5,148,77,131,139,,,102.20,58.84,sat,1.70,0.42,0.12,0.24,0.03,0.13,0.96,0.65,,0.01,0.00,0.00,0.03,1.60,0.18,1.39,0.11,0.53,
chc-lra-ts-0138.smt2,9,,,9,9,15,27,,55,,46,16,8,45,9,1,49.68,21.35,unsat,0.34,0.04,0.00,0.02,0.00,0.02,0.18,0.14,,0.00,0.00,0.00,0.01,0.30,0.04,0.24,0.03,0.08,0.02
chc-lra-ts-0139.smt2,,,4,13,13,31,54,32,159,28,104,33,65,90,,,65.08,37.04,sat,0.97,0.13,0.02,0.06,0.01,0.05,0.62,0.45,,0.00,0.00,0.00,0.02,0.91,0.09,0.78,0.08,0.39,
chc-lra-ts-0140.smt2,9,,,9,9,14,28,,56,,45,16,8,44,9,1,48.68,20.81,unsat,0.31,0.03,0.00,0.01,0.00,0.01,0.16,0.12,,0.00,0.00,0.00,0.01,0.27,0.03,0.21,0.03,0.08,0.02
chc-lra-ts-0141.smt2,,,9,15,15,43,75,37,245,36,131,54,110,115,,,74.72,43.20,sat,1.49,0.17,0.02,0.08,0.01,0.06,1.04,0.80,,0.01,0.00,0.00,0.03,1.42,0.14,1.23,0.10,0.70,
chc-lra-ts-0142.smt2,,,5,14,14,27,56,34,193,16,109,40,74,94,,,65.96,37.71,sat,1.07,0.13,0.02,0.06,0.01,0.05,0.70,0.53,,0.00,0.00,0.00,0.02,1.01,0.12,0.85,0.08,0.44,
chc-lra-ts-0143.smt2,9,,,9,9,15,26,1,55,2,46,17,9,45,9,1,48.60,20.59,unsat,0.32,0.03,0.00,0.01,0.00,0.01,0.17,0.12,,0.00,0.00,0.00,0.01,0.28,0.03,0.23,0.03,0.08,0.02
chc-lra-ts-0144.smt2,9,,,9,9,22,22,8,78,11,52,24,37,51,9,1,53.72,23.60,unsat,0.43,0.05,0.01,0.02,0.00,0.02,0.25,0.18,,0.00,0.00,0.00,0.01,0.39,0.04,0.32,0.04,0.12,0.02
chc-lra-ts-0145.smt2,,,6,14,14,44,74,37,252,30,123,49,134,108,,,73.68,42.70,sat,1.49,0.16,0.02,0.07,0.01,0.07,1.04,0.80,,0.00,0.00,0.00,0.03,1.41,0.12,1.24,0.10,0.72,
chc-lra-ts-0146.smt2,,,3,4,4,233,3,361,798,,379,372,789,374,,,2304.20,1356.70,sat,166.10,29.10,12.98,23.79,0.69,2.94,109.44,73.45,,0.00,0.01,0.01,0.37,140.46,9.93,130.52,1.29,74.07,
chc-lra-ts-0147.smt2,,,24,30,30,108,462,134,3426,7,413,157,2013,386,,,337.36,216.05,sat,10.69,1.60,0.53,0.97,0.10,0.43,7.89,5.22,,0.13,0.00,0.00,0.07,10.37,3.68,6.60,0.30,3.15,
chc-lra-ts-0148.smt2,7,,,7,7,261,42,32,880,10,285,274,379,284,7,1,459.04,288.76,unsat,23.57,2.42,0.99,1.71,0.09,0.48,20.03,15.01,,0.12,0.00,0.00,0.11,23.37,4.86,18.49,0.47,12.27,0.12
chc-lra-ts-0149.smt2,,,6,8,8,196,49,286,1867,44,453,430,1043,444,,,716.96,491.21,sat,61.34,8.25,3.40,6.32,0.15,1.38,50.17,37.42,,0.43,0.00,0.00,0.17,60.33,12.15,48.15,0.82,30.96,
chc-lra-ts-0150.smt2,,,17,24,24,67,261,82,1829,3,251,75,1013,230,,,178.04,117.68,sat,4.43,0.79,0.26,0.47,0.05,0.22,3.02,2.05,,0.06,0.00,0.00,0.04,4.30,1.46,2.76,0.16,1.17,
chc-lra-ts-0151.smt2,11,,,11,11,36,34,,81,,74,37,9,73,11,1,55.96,25.27,unsat,0.50,0.06,0.01,0.02,0.01,0.03,0.28,0.21,,0.00,0.00,0.00,0.02,0.46,0.03,0.40,0.04,0.17,0.02
chc-lra-ts-0152.smt2,,,,31,30,1134,1122,5,12443,115,1723,1356,7408,1702,,,383.96,383.52,timeout,599.13,5.23,0.66,2.57,0.49,1.77,431.80,369.95,,2.22,0.00,0.00,0.46,444.82,146.96,297.76,2.88,240.59,
chc-lra-ts-0153.smt2,,,,34,33,1240,1905,3,13832,47,1864,1511,7364,1839,,,368.03,365.93,timeout,598.73,6.00,0.78,3.14,0.47,1.96,488.76,420.73,,2.88,0.00,0.00,0.54,504.24,147.47,356.66,3.30,288.11,
chc-lra-ts-0154.smt2,,,,4,3,4,2,,6,,7,2,,3,,,348.66,346.23,timeout,599.13,0.00,0.00,0.00,0.00,0.00,0.02,0.01,,0.00,0.01,0.01,0.00,0.03,0.01,0.02,0.00,0.00,
chc-lra-ts-0155.smt2,,,,4,3,4,2,,6,,7,2,,3,,,390.72,388.23,timeout,598.66,0.00,0.00,0.00,0.00,0.00,0.02,0.01,,0.00,0.01,0.00,0.00,0.04,0.01,0.02,0.00,0.00,
chc-lra-ts-0156.smt2,,,,4,3,4,2,,6,,7,2,,3,,,433.92,430.03,timeout,598.58,0.00,0.00,0.00,0.00,0.00,0.02,0.01,,0.00,0.01,0.01,0.00,0.03,0.01,0.02,0.00,0.00,
chc-lra-ts-0157.smt2,,,24,28,28,100,383,126,3032,8,351,147,1916,328,,,237.56,158.20,sat,7.54,1.06,0.29,0.60,0.08,0.31,5.55,3.52,,0.10,0.00,0.00,0.06,7.33,2.61,4.63,0.25,2.16,
chc-lra-ts-0158.smt2,,,24,28,28,100,383,126,3032,8,351,147,1916,328,,,237.56,158.20,sat,7.61,1.05,0.29,0.60,0.08,0.31,5.62,3.54,,0.10,0.00,0.00,0.06,7.39,2.65,4.66,0.25,2.19,
chc-lra-ts-0159.smt2,,,,4,3,4,2,,6,,7,2,,3,,,756.26,697.25,timeout,598.88,0.00,0.00,0.00,0.00,0.00,0.05,0.04,,0.00,0.02,0.01,0.00,0.06,0.04,0.02,0.00,0.00,
chc-lra-ts-0160.smt2,,,,33,32,1275,1738,149,12237,19,1898,1518,5991,1872,,,361.52,359.43,timeout,598.73,6.44,0.83,3.36,0.46,2.18,369.80,319.99,,2.79,0.00,0.00,0.80,385.09,99.30,285.69,3.43,228.10,
chc-lra-ts-0161.smt2,,,17,24,24,148,514,122,3165,7,448,190,1580,426,,,258.60,169.80,sat,10.28,0.68,0.11,0.30,0.07,0.25,8.58,6.31,,0.13,0.00,0.00,0.08,10.09,3.61,6.40,0.28,3.97,
chc-lra-ts-0162.smt2,,,4,8,8,52,28,68,234,,143,83,102,138,,,103.04,58.53,sat,1.71,0.45,0.12,0.26,0.03,0.13,0.95,0.65,,0.01,0.00,0.00,0.03,1.61,0.19,1.40,0.11,0.51,
chc-lra-ts-0163.smt2,,,,4,3,4,2,,6,,7,2,,3,,,400.32,398.26,timeout,598.35,0.00,0.00,0.00,0.00,0.00,0.02,0.01,,0.00,0.01,0.01,0.00,0.03,0.01,0.02,0.00,0.00,
chc-lra-ts-0164.smt2,,,,33,32,72,86,15,1080,,169,39,509,137,,,310.92,308.56,timeout,598.92,0.20,0.02,0.07,0.02,0.10,1.31,0.89,,0.04,0.00,0.00,0.02,1.86,0.88,0.88,0.11,0.27,
chc-lra-ts-0165.smt2,,,,4,3,4,3,,7,,8,3,,4,,,421.01,418.49,timeout,598.78,0.00,0.00,0.00,0.00,0.00,0.02,0.01,,0.00,0.01,0.01,0.00,0.04,0.01,0.03,0.00,0.00,
chc-lra-ts-0166.smt2,,,5,9,9,66,37,96,303,1,214,112,144,204,,,115.40,70.96,sat,2.99,0.78,0.26,0.48,0.04,0.20,1.78,1.22,,0.01,0.00,0.00,0.05,2.88,0.27,2.58,0.18,1.03,
chc-lra-ts-0167.smt2,,,19,32,32,194,1091,242,7669,7,751,268,3852,719,,,615.08,431.42,sat,45.09,1.58,0.25,0.81,0.13,0.51,41.01,32.31,,0.52,0.00,0.00,0.14,44.61,17.65,26.86,0.60,19.42,
chc-lra-ts-0168.smt2,,,,4,3,4,2,,6,,7,2,,3,,,4789.48,2643.57,timeout,599.95,0.00,0.00,0.00,0.00,0.00,0.02,0.01,,0.00,0.02,0.02,0.00,0.03,0.00,0.02,0.00,0.00,
chc-lra-ts-0169.smt2,,,,4,3,4,3,,7,,8,3,,4,,,512.27,510.31,timeout,598.66,0.00,0.00,0.00,0.00,0.00,0.06,0.05,,0.00,0.01,0.01,0.00,0.08,0.01,0.06,0.00,0.01,
chc-lra-ts-0170.smt2,,,3,4,4,526,3,832,1760,,854,847,1750,849,,,3134.64,2030.26,sat,482.49,46.33,21.40,37.02,1.03,5.76,396.55,312.85,,0.01,0.01,0.01,0.66,448.00,32.45,415.54,3.47,279.60,
chc-lra-ts-0171.smt2,,,,4,3,4,2,,6,,7,2,,3,,,387.70,386.68,timeout,598.80,0.00,0.00,0.00,0.00,0.00,0.02,0.01,,0.00,0.01,0.01,0.00,0.03,0.01,0.02,0.00,0.00,
chc-lra-ts-0172.smt2,,,11,18,18,85,252,85,1421,4,257,147,760,241,,,175.68,119.02,sat,4.75,0.35,0.05,0.14,0.03,0.15,3.80,2.88,,0.04,0.00,0.00,0.05,4.63,1.19,3.39,0.19,2.16,
chc-lra-ts-0173.smt2,,,,4,3,4,2,,6,,7,2,,3,,,6468.87,3216.04,timeout,600.00,0.00,0.00,0.00,0.00,0.00,0.02,0.01,,0.00,0.02,0.02,0.00,0.03,0.01,0.02,0.00,0.00,
chc-lra-ts-0174.smt2,,,5,9,9,82,53,122,408,2,227,125,221,217,,,128.04,78.76,sat,3.66,0.95,0.32,0.58,0.05,0.26,2.20,1.54,,0.02,0.00,0.00,0.06,3.51,0.37,3.12,0.21,1.23,
chc-lra-ts-0175.smt2,,,4,6,6,10,5,7,33,,20,9,16,14,,,31.68,15.22,sat,0.11,0.01,0.00,0.00,0.00,0.00,0.04,0.02,,0.00,0.00,0.00,0.00,0.08,0.01,0.05,0.01,0.02,
chc-lra-ts-0176.smt2,,,,4,3,4,2,,6,,7,2,,3,,,1145.61,874.85,timeout,598.62,0.00,0.00,0.00,0.00,0.00,0.02,0.01,,0.00,0.02,0.01,0.00,0.03,0.01,0.02,0.00,0.00,
chc-lra-ts-0177.smt2,,,,4,3,4,2,,6,,7,2,,3,,,3615.11,2558.93,timeout,599.87,0.00,0.00,0.00,0.00,0.00,0.02,0.01,,0.00,0.02,0.02,0.00,0.03,0.01,0.02,0.00,0.00,
chc-lra-ts-0178.smt2,,,3,4,4,301,3,489,1082,,514,507,1073,509,,,5813.96,4028.71,sat,369.65,64.29,30.19,52.41,1.18,7.69,220.40,117.39,,0.01,0.02,0.01,0.54,287.60,35.75,251.83,1.73,126.40,
chc-lra-ts-0179.smt2,,,,4,3,4,2,,6,,7,2,,3,,,870.12,762.40,timeout,598.48,0.00,0.00,0.00,0.00,0.00,0.04,0.03,,0.00,0.02,0.01,0.00,0.06,0.03,0.02,0.00,0.00,
chc-lra-ts-0180.smt2,29,,,29,29,265,515,66,2442,11,537,253,1278,542,29,1,325.20,218.17,unsat,12.04,1.09,0.15,0.54,0.10,0.38,9.78,7.38,,0.09,0.00,0.00,0.11,11.88,2.12,9.66,0.42,5.72,0.20
chc-lra-ts-0181.smt2,,,,4,3,4,2,,6,,7,2,,3,,,888.30,888.11,timeout,599.40,0.00,0.00,0.00,0.00,0.00,0.02,0.01,,0.00,0.02,0.01,0.00,0.03,0.01,0.02,0.00,0.00,
chc-lra-ts-0182.smt2,,,3,4,4,107,2,129,366,,160,153,357,155,,,9006.92,4658.18,sat,561.72,84.29,37.99,71.68,1.48,6.64,183.28,15.33,,0.01,0.03,0.02,0.60,268.70,16.79,251.89,0.82,56.15,
chc-lra-ts-0183.smt2,,,,4,3,4,2,,6,,7,2,,3,,,4075.78,2640.49,timeout,599.91,0.00,0.00,0.00,0.00,0.00,0.02,0.01,,0.00,0.03,0.03,0.00,0.04,0.01,0.02,0.00,0.00,
chc-lra-ts-0184.smt2,,,,4,3,4,2,,6,,7,2,,3,,,2959.69,1945.97,timeout,599.90,0.00,0.00,0.00,0.00,0.00,0.05,0.04,,0.00,0.03,0.02,0.00,0.07,0.04,0.02,0.00,0.00,
chc-lra-ts-0185.smt2,,,,4,3,4,2,,6,,7,2,,3,,,1085.47,935.30,timeout,599.63,0.00,0.00,0.00,0.00,0.00,0.02,0.01,,0.00,0.02,0.02,0.00,0.04,0.01,0.02,0.00,0.00,
chc-lra-ts-0186.smt2,,,,4,3,4,3,,7,,8,3,,4,,,5963.04,2528.49,timeout,599.80,0.00,0.00,0.00,0.00,0.00,0.15,0.13,,0.00,0.03,0.03,0.00,0.17,0.01,0.15,0.00,0.00,
chc-lra-ts-0187.smt2,,,,4,3,4,2,,6,,7,2,,3,,,1952.07,1941.34,timeout,599.70,0.00,0.00,0.00,0.00,0.00,0.07,0.05,,0.00,0.03,0.03,0.00,0.08,0.05,0.02,0.00,0.00,
chc-lra-ts-0188.smt2,,,,4,3,4,2,,6,,7,2,,3,,,9753.18,3494.98,timeout,599.87,0.00,0.00,0.00,0.00,0.00,0.03,0.01,,0.00,0.03,0.03,0.00,0.04,0.01,0.02,0.00,0.00,
chc-lra-ts-0189.smt2,,,,4,3,4,2,,6,,7,2,,3,,,1934.04,1780.53,timeout,599.75,0.00,0.00,0.00,0.00,0.00,0.02,0.01,,0.00,0.03,0.03,0.00,0.04,0.01,0.02,0.00,0.00,
chc-lra-ts-0190.smt2,,,,4,3,4,2,,6,,7,2,,3,,,2074.98,1548.74,timeout,599.71,0.00,0.00,0.00,0.00,0.00,0.04,0.03,,0.00,0.03,0.03,0.00,0.06,0.03,0.02,0.00,0.00,
chc-lra-ts-0191.smt2,,,,4,3,4,2,,6,,7,2,,3,,,2913.16,1838.75,timeout,599.89,0.00,0.00,0.00,0.00,0.00,0.02,0.01,,0.00,0.03,0.03,0.00,0.04,0.01,0.02,0.00,0.00,
chc-lra-ts-0192.smt2,,,1,2,2,44,,22,58,,52,49,28,49,,,80.48,40.39,sat,1.03,0.05,0.00,0.01,0.00,0.03,0.68,0.56,,0.00,0.01,0.00,0.08,0.94,0.19,0.75,0.19,0.18,
chc-lra-ts-0193.smt2,,,1,2,2,41,,17,61,,50,47,28,47,,,79.76,39.58,sat,0.90,0.03,0.00,0.01,0.00,0.01,0.62,0.51,,0.00,0.01,0.00,0.05,0.83,0.21,0.62,0.15,0.13,
chc-lra-ts-0194.smt2,,,1,2,2,41,,17,61,,50,47,28,47,,,79.76,39.58,sat,0.95,0.03,0.00,0.01,0.00,0.01,0.66,0.53,,0.00,0.01,0.00,0.05,0.87,0.21,0.66,0.16,0.14,
chc-lra-ts-0195.smt2,,,,4,3,4,2,,6,,7,2,,3,,,3303.50,2392.87,timeout,599.84,0.00,0.00,0.00,0.00,0.00,0.07,0.06,,0.00,0.03,0.03,0.00,0.09,0.05,0.03,0.00,0.00,
chc-lra-ts-0196.smt2,,,,4,3,4,2,,6,,7,2,,3,,,2872.44,2702.35,timeout,599.97,0.00,0.00,0.00,0.00,0.00,0.02,0.01,,0.00,0.03,0.03,0.00,0.04,0.01,0.02,0.00,0.00,
chc-lra-ts-0197.smt2,,,1,2,2,61,,33,105,,95,73,44,92,,,1200.88,779.60,sat,40.28,10.35,2.18,8.58,0.26,0.77,16.26,0.99,,0.00,0.01,0.00,0.08,26.90,4.75,22.14,0.24,0.09,
chc-lra-ts-0198.smt2,17,,,17,17,145,143,,702,,246,158,289,250,17,1,151.48,86.93,unsat,3.98,0.34,0.04,0.13,0.03,0.15,3.07,2.43,,0.02,0.00,0.00,0.06,3.87,0.59,3.23,0.22,1.91,0.08
chc-lra-ts-0199.smt2,,,,4,3,4,2,,6,,7,2,,3,,,4827.31,2610.22,timeout,599.83,0.00,0.00,0.00,0.00,0.00,0.06,0.04,,0.00,0.03,0.03,0.00,0.07,0.04,0.03,0.00,0.00,
chc-lra-ts-0200.smt2,3,,,3,3,7,1,,6,,9,6,,8,3,1,38.72,13.92,unsat,0.07,0.00,0.00,0.00,0.00,0.00,0.02,0.01,,0.00,0.00,0.00,0.00,0.04,0.00,0.03,0.00,0.01,0.00
chc-lra-ts-0201.smt2,,,,4,3,4,2,,6,,7,2,,3,,,2000.42,2000.42,timeout,599.83,0.00,0.00,0.00,0.00,0.00,0.09,0.08,,0.00,0.03,0.03,0.00,0.11,0.07,0.03,0.00,0.00,
chc-lra-ts-0202.smt2,,,,4,3,4,2,,6,,7,2,,3,,,3089.66,2832.88,timeout,599.93,0.00,0.00,0.00,0.00,0.00,0.10,0.08,,0.00,0.03,0.03,0.00,0.11,0.08,0.03,0.00,0.00,
chc-lra-ts-0203.smt2,,,,4,3,4,2,,6,,7,2,,3,,,2103.37,1940.40,timeout,599.85,0.00,0.00,0.00,0.00,0.00,0.03,0.01,,0.00,0.03,0.03,0.00,0.04,0.01,0.03,0.00,0.00,
chc-lra-ts-0204.smt2,,,,4,3,4,2,,6,,7,2,,3,,,2209.31,1691.46,timeout,599.79,0.00,0.00,0.00,0.00,0.00,0.03,0.01,,0.00,0.03,0.03,0.00,0.04,0.01,0.03,0.00,0.00,
chc-lra-ts-0205.smt2,,,,4,3,4,2,,6,,7,2,,3,,,3543.51,2586.87,timeout,599.85,0.00,0.00,0.00,0.00,0.00,0.03,0.01,,0.00,0.04,0.03,0.00,0.05,0.01,0.03,0.00,0.00,
chc-lra-ts-0206.smt2,,,,4,3,4,2,,6,,7,2,,3,,,6836.59,3458.61,timeout,599.81,0.00,0.00,0.00,0.00,0.00,0.03,0.01,,0.00,0.03,0.03,0.00,0.04,0.01,0.03,0.00,0.00,
chc-lra-ts-0207.smt2,,,,4,3,4,2,,6,,7,2,,3,,,2981.90,2981.90,timeout,599.91,0.00,0.00,0.00,0.00,0.00,0.03,0.01,,0.00,0.03,0.03,0.00,0.04,0.01,0.03,0.00,0.00,
chc-lra-ts-0208.smt2,,,8,12,12,109,73,211,779,1,487,271,506,474,,,265.68,168.53,sat,14.46,4.05,1.29,2.63,0.15,1.08,9.04,6.39,,0.04,0.00,0.00,0.15,14.12,1.27,12.82,0.64,5.48,
chc-lra-ts-0209.smt2,,,,4,3,4,2,,6,,7,2,,3,,,1844.49,1844.30,timeout,599.99,0.00,0.00,0.00,0.00,0.00,0.03,0.01,,0.00,0.03,0.03,0.00,0.04,0.01,0.03,0.00,0.00,
chc-lra-ts-0210.smt2,,,,4,3,4,2,,6,,7,2,,3,,,3068.21,3068.21,timeout,599.96,0.00,0.00,0.00,0.00,0.00,0.03,0.01,,0.00,0.03,0.03,0.00,0.04,0.01,0.03,0.00,0.00,
chc-lra-ts-0211.smt2,,,34,38,38,212,1930,172,9135,9,820,266,4346,786,,,662.72,476.37,sat,68.69,2.12,0.28,0.95,0.15,0.86,63.63,51.84,,0.61,0.00,0.00,0.19,68.25,25.70,42.43,0.86,32.71,
chc-lra-ts-0212.smt2,,,,4,3,4,2,,6,,7,2,,3,,,2836.18,2836.18,timeout,599.87,0.00,0.00,0.00,0.00,0.00,0.03,0.01,,0.00,0.04,0.03,0.00,0.05,0.01,0.03,0.00,0.00,
chc-lra-ts-0213.smt2,,,,4,3,4,2,,6,,7,2,,3,,,2927.62,2892.47,timeout,599.87,0.00,0.00,0.00,0.00,0.00,0.03,0.01,,0.00,0.04,0.04,0.00,0.04,0.01,0.03,0.00,0.00,
chc-lra-ts-0214.smt2,26,,,26,26,808,1558,1,7141,8,1176,611,2932,1183,26,1,873.52,539.70,unsat,83.89,4.23,0.50,1.86,0.30,1.82,75.70,63.28,,0.84,0.00,0.00,0.28,83.55,21.41,62.06,1.55,43.28,0.56
chc-lra-ts-0215.smt2,3,,,3,3,6,1,,9,,8,6,1,7,3,1,50.80,20.87,unsat,0.08,0.00,0.00,0.00,0.00,0.00,0.02,0.01,,0.00,0.00,0.00,0.00,0.04,0.01,0.03,0.00,0.00,0.00
chc-lra-ts-0216.smt2,,,,32,31,1444,4639,5,17143,16,2129,1102,6151,2101,,,421.58,419.44,timeout,598.69,10.27,1.22,5.31,0.65,3.72,526.65,457.85,,5.13,0.00,0.00,0.56,548.93,172.90,375.93,3.82,301.79,
chc-lra-ts-0217.smt2,,,,4,3,4,3,,7,,8,3,,4,,,3006.70,2796.63,timeout,599.73,0.01,0.00,0.00,0.00,0.00,0.15,0.12,,0.00,0.04,0.04,0.00,0.17,0.04,0.12,0.01,0.00,
chc-lra-ts-0218.smt2,,,,4,3,4,2,,6,,7,2,,3,,,2594.72,2399.75,timeout,599.48,0.00,0.00,0.00,0.00,0.00,0.03,0.01,,0.00,0.04,0.03,0.00,0.04,0.01,0.03,0.00,0.00,
chc-lra-ts-0219.smt2,,,,4,3,4,2,,6,,7,2,,3,,,2891.91,2852.97,timeout,599.80,0.00,0.00,0.00,0.00,0.00,0.03,0.01,,0.00,0.04,0.04,0.00,0.05,0.01,0.03,0.00,0.00,
chc-lra-ts-0220.smt2,,,10,14,14,165,118,374,1792,14,676,417,1264,673,,,440.40,292.05,sat,28.93,7.36,2.19,5.00,0.23,1.78,19.10,13.99,,0.13,0.00,0.00,0.23,28.20,3.18,24.98,1.10,11.28,
chc-lra-ts-0221.smt2,23,,,23,23,463,425,1,3808,4,738,551,2058,741,23,1,557.72,337.13,unsat,34.26,1.64,0.19,0.67,0.13,0.73,30.66,25.22,,0.19,0.00,0.00,0.18,34.02,7.42,26.53,0.86,19.01,0.26
chc-lra-ts-0222.smt2,,,,26,25,1787,3593,6,15226,27,2546,1180,5366,2522,,,468.01,465.67,timeout,598.92,10.19,1.14,5.24,0.82,3.55,523.11,467.37,,4.96,0.00,0.00,0.62,545.67,144.87,400.72,4.50,322.15,
chc-lra-ts-0223.smt2,,,18,24,24,387,435,910,10690,35,1433,1365,7229,1417,,,1545.60,1056.91,sat,266.47,8.15,1.12,4.06,0.53,2.99,246.58,211.60,,1.94,0.00,0.00,0.71,262.67,60.82,201.77,4.05,160.38,
chc-lra-ts-0224.smt2,33,,,33,33,640,375,48,10253,10,959,875,5540,966,33,1,926.44,598.54,unsat,107.73,3.77,0.42,1.58,0.25,1.66,98.59,80.84,,1.40,0.00,0.00,0.44,107.18,49.47,57.61,2.21,38.72,0.67
chc-lra-ts-0225.smt2,,,,29,28,1525,4696,4,19164,52,2223,1193,7034,2197,,,450.76,449.92,timeout,599.10,9.45,0.98,4.58,0.66,3.70,473.58,414.45,,6.15,0.00,0.00,0.54,495.62,192.28,303.26,3.68,239.20,
chc-lra-ts-0226.smt2,,,,26,25,1759,3474,88,12603,34,2353,1164,3681,2327,,,465.55,463.31,timeout,598.60,10.35,0.99,5.41,0.77,3.61,519.63,471.48,,4.55,0.00,0.00,0.65,541.29,124.56,416.65,4.03,344.00,
chc-lra-ts-0227.smt2,,,,27,26,1598,3710,6,15257,33,2220,1027,5173,2195,,,465.51,463.26,timeout,598.68,9.08,0.99,4.71,0.64,3.24,424.01,374.90,,4.50,0.00,0.00,0.56,443.93,127.96,315.89,3.79,252.55,
chc-lra-ts-0228.smt2,,,,25,24,1548,2940,2,12379,28,2123,955,3976,2100,,,461.62,461.17,timeout,599.42,8.60,0.95,4.35,0.66,3.12,340.94,303.14,,3.57,0.00,0.00,0.53,358.80,100.65,258.08,3.46,202.80,
chc-lra-ts-0229.smt2,,,11,15,15,155,85,377,1773,4,872,526,1255,856,,,488.04,320.50,sat,35.87,6.32,1.69,3.91,0.26,1.81,26.48,18.53,,0.13,0.00,0.00,0.33,35.10,4.10,30.95,1.57,15.74,
chc-lra-ts-0230.smt2,,,,31,30,1207,2830,234,13815,31,1778,1165,6766,1759,,,412.62,412.12,timeout,597.24,6.71,1.05,3.45,0.46,2.32,406.74,356.16,,3.23,0.00,0.00,0.55,422.66,101.80,320.76,3.50,268.16,
chc-lra-ts-0231.smt2,,,3,9,9,40,42,44,403,3,99,44,199,89,,,112.28,66.27,sat,1.64,0.33,0.04,0.15,0.02,0.15,1.03,0.82,,0.01,0.00,0.00,0.02,1.55,0.34,1.18,0.10,0.54,
chc-lra-ts-0232.smt2,6,,,6,6,57,9,5,105,3,85,44,33,84,6,1,114.16,60.66,unsat,1.12,0.26,0.03,0.11,0.02,0.12,0.63,0.50,,0.00,0.00,0.00,0.02,1.04,0.09,0.94,0.10,0.39,0.02
chc-lra-ts-0233.smt2,29,,,29,29,1447,1675,3,11748,33,2067,1686,5436,2089,29,1,1803.12,1122.77,unsat,471.50,7.82,0.94,3.81,0.58,2.89,453.37,399.77,,2.35,0.00,0.00,0.69,470.79,94.72,375.98,4.60,308.93,1.74
chc-lra-ts-0234.smt2,,,,28,27,1351,2604,3,17967,17,1942,1524,9387,1926,,,449.46,446.98,timeout,598.71,9.08,0.95,4.42,0.60,3.51,505.03,449.30,,4.42,0.00,0.00,0.67,525.86,175.46,350.32,4.49,288.50,
chc-lra-ts-0235.smt2,,,,31,30,1433,1887,,15215,12,1891,1617,8068,1875,,,465.32,462.76,timeout,597.57,8.52,0.89,3.97,0.52,3.48,550.44,485.36,,3.00,0.00,0.00,0.70,569.73,160.38,409.26,4.83,342.06,
chc-lra-ts-0236.smt2,3,,,3,3,11,2,1,9,,13,7,,12,3,1,114.12,63.33,unsat,0.25,0.03,0.00,0.01,0.00,0.01,0.09,0.05,,0.00,0.01,0.00,0.00,0.14,0.01,0.13,0.01,0.03,0.01
chc-lra-ts-0237.smt2,,,,28,27,1433,1771,84,9881,33,2115,1701,3688,2090,,,456.75,454.60,timeout,597.55,11.41,1.19,5.40,0.72,4.58,398.29,354.35,,2.98,0.01,0.00,0.88,420.95,104.22,316.65,5.78,251.00,
chc-lra-ts-0238.smt2,,,3,10,10,59,83,82,787,8,146,62,560,136,,,192.32,117.13,sat,3.27,0.56,0.06,0.22,0.03,0.28,2.16,1.63,,0.01,0.01,0.00,0.03,3.08,0.57,2.48,0.23,1.24,
chc-lra-ts-0239.smt2,7,,,7,7,58,26,15,189,3,84,47,95,83,7,1,135.16,74.89,unsat,1.64,0.36,0.03,0.14,0.02,0.17,0.96,0.75,,0.00,0.01,0.00,0.02,1.53,0.18,1.33,0.13,0.58,0.03
chc-lra-ts-0240.smt2,,,,29,28,1330,830,,11313,5,2061,1768,6248,2050,,,451.10,448.73,timeout,597.37,10.17,0.98,4.51,0.62,4.45,306.27,266.56,,1.89,0.01,0.00,0.84,326.37,89.34,236.96,5.79,178.52,
chc-lra-ts-0241.smt2,,,,31,30,1378,2873,6,19515,35,2061,1700,10264,2036,,,512.00,509.54,timeout,597.94,11.59,1.11,5.03,0.76,5.12,563.47,498.52,,4.47,0.01,0.00,0.93,589.02,197.87,391.07,6.28,316.92,
chc-lra-ts-0242.smt2,3,,,3,3,10,1,1,9,1,13,9,2,12,3,1,225.00,131.92,unsat,0.56,0.04,0.00,0.01,0.00,0.02,0.19,0.07,,0.00,0.01,0.01,0.01,0.28,0.02,0.25,0.03,0.09,0.01
chc-lra-ts-0243.smt2,3,,,3,3,7,1,,9,,9,7,,8,3,1,250.88,142.76,unsat,0.52,0.01,0.00,0.00,0.00,0.01,0.16,0.10,,0.00,0.01,0.01,0.00,0.21,0.04,0.17,0.02,0.04,0.01
