index,SPACER_cex_depth,SPACER_cluster_out_of_gas,SPACER_concretize,SPACER_conj,SPACER_conj_failed,SPACER_conj_success,SPACER_expand_pob_undef,SPACER_inductive_level,SPACER_max_cluster_size,SPACER_max_cvx_reduced_dim,SPACER_max_depth,SPACER_max_query_lvl,SPACER_need_sage,SPACER_non_local_gen,SPACER_num_active_lemmas,SPACER_num_cant_abstract,SPACER_num_ctp_blocked,SPACER_num_dim_reduction_success,SPACER_num_invariants,SPACER_num_is_invariant,SPACER_num_lemma_jumped,SPACER_num_lemmas,SPACER_num_non_lin,SPACER_num_pobs,SPACER_num_propagations,SPACER_num_reach_queries,SPACER_num_sync_cvx_cls,SPACER_pob_out_of_gas,SPACER_queries,SPACER_reuse_reach_facts,SPACER_subsume_failed,SPACER_subsume_pob,SPACER_subsume_success,max_memory,memory,result,time,time_iuc_solver_get_iuc,time_iuc_solver_get_iuc_hyp_reduce1,time_iuc_solver_get_iuc_hyp_reduce2,time_iuc_solver_get_iuc_learn_core,time_pool_solver_proof,time_pool_solver_smt_total,time_pool_solver_smt_total_sat,time_pool_solver_smt_total_undef,time_spacer_ctp,time_spacer_init_rules,time_spacer_init_rules_pt_init,time_spacer_mbp,time_spacer_solve,time_spacer_solve_propagate,time_spacer_solve_pt_must_reachable,time_spacer_solve_reach,time_spacer_solve_reach_children,time_spacer_solve_reach_cluster,time_spacer_solve_reach_gen_bool_ind,time_spacer_solve_reach_gen_global,time_spacer_solve_reach_gen_global_cvx_cls,time_spacer_solve_reach_is_reach
chc-lia-nonlin-0000.smt2,,,,,,,,,,,1,1,,,3,,,,3,2,,4,,3,2,,,,2,,,,,17.84,6.47,sat,0.02,0.00,0.00,0.00,0.00,0.00,0.00,0.00,,,0.00,0.00,0.00,0.01,0.00,,0.00,0.00,0.00,0.00,0.00,,
chc-lia-nonlin-0001.smt2,,,,,,,,,,,1,1,,,3,,,,3,2,,4,,3,2,,,,2,,,,,17.88,6.48,sat,0.02,0.00,0.00,0.00,0.00,0.00,0.00,0.00,,,0.00,0.00,0.00,0.01,0.00,,0.00,0.00,0.00,0.00,0.00,,
chc-lia-nonlin-0002.smt2,,,,,,,,,,,1,1,,,3,,,,3,2,,4,,3,2,,,,2,,,,,17.88,6.48,sat,0.02,0.00,0.00,0.00,0.00,0.00,0.00,0.00,,,0.00,0.00,0.00,0.01,0.00,,0.00,0.00,0.00,0.00,0.00,,
chc-lia-nonlin-0003.smt2,2,,,,,,,,,,2,2,,,2,,,,,2,,3,,2,,2,,,2,1,,,,30.76,7.20,unsat,0.03,0.00,0.00,0.00,0.00,0.00,0.00,0.00,,,0.00,0.00,0.00,0.01,0.00,,0.00,0.00,0.00,,,,0.00
chc-lia-nonlin-0004.smt2,,,4,1,1,,7,3,2,,6,6,,,8,4,4,,9,17,,23,2,15,3,5,,,18,15,,,,26.88,10.63,sat,0.11,0.01,0.00,0.00,0.00,0.00,0.03,0.01,0.00,0.00,0.00,0.00,0.00,0.09,0.00,,0.06,0.00,0.01,0.01,0.00,,0.00
chc-lia-nonlin-0005.smt2,,,,,,,3,2,1,,4,4,,,5,1,1,,3,7,,10,,4,1,2,,,7,4,,,,22.88,8.03,sat,0.05,0.00,0.00,0.00,0.00,0.00,0.01,0.00,0.00,0.00,0.00,0.00,0.00,0.03,0.00,,0.02,0.00,0.00,0.00,0.00,,0.00
chc-lia-nonlin-0006.smt2,,1292,,28,4,12,,,433,1,441,440,,435,897,,100030,439,448,101815,876,1337,,1340,897,440,,,894,888,439,439,,390.00,389.59,timeout,597.68,53.80,19.94,34.93,1.13,14.88,80.76,37.66,,67.67,0.00,0.00,1.73,594.95,84.82,17.92,507.66,6.14,188.51,4.08,189.91,0.01,0.00
chc-lia-nonlin-0007.smt2,,306,,32,6,12,,62,55,1,62,62,,110,127,,3752,112,125,4373,41,309,,311,439,118,,,245,241,112,112,,252.76,145.24,sat,8.52,1.62,0.68,0.99,0.05,0.48,2.80,1.15,,0.67,0.00,0.00,0.13,8.34,1.41,0.25,6.61,0.40,0.98,0.41,1.17,0.00,0.02
chc-lia-nonlin-0008.smt2,,,,3,2,1,,5,1,,5,5,,,11,1,4,,3,25,,20,,13,7,4,,,14,11,,,,27.24,10.59,sat,0.08,0.01,0.00,0.00,0.00,0.00,0.02,0.01,,0.00,0.00,0.00,0.00,0.06,0.01,0.00,0.04,0.00,0.00,0.00,0.00,,0.00
chc-lia-nonlin-0009.smt2,2,,,,,,,,,,2,2,,,3,,,,,2,,4,,3,,2,,,3,1,,,,30.92,7.34,unsat,0.03,0.00,0.00,0.00,0.00,0.00,0.00,0.00,,,0.00,0.00,0.00,0.01,0.00,,0.00,0.00,0.00,0.00,0.00,,0.00
chc-lia-nonlin-0010.smt2,,,,,,,,2,,,3,3,,,5,,,,3,8,,8,,3,4,,,,4,,,,,22.64,7.99,sat,0.03,0.00,0.00,0.00,0.00,0.00,0.01,0.00,,0.00,0.00,0.00,0.00,0.02,0.00,,0.01,0.00,0.00,0.00,0.00,,
chc-lia-nonlin-0011.smt2,,,,,,,,,,,2,2,,,3,,,,3,3,,6,,3,1,,,,3,1,,,,18.72,6.88,sat,0.02,0.00,0.00,0.00,0.00,0.00,0.00,0.00,,,0.00,0.00,0.00,0.01,0.00,,0.01,0.00,0.00,0.00,0.00,,
chc-lia-nonlin-0012.smt2,,,,,,,,,,,,,,,,,,,,,,,,,,,,,,,,,,7.36,3.85,sat,0.00,,,,,,,,,,0.00,,,,,,,,,,,,
chc-lia-nonlin-0013.smt2,,,,,,,,,,,,,,,,,,,,,,,,,,,,,,,,,,7.32,3.81,sat,0.00,,,,,,,,,,0.00,,,,,,,,,,,,
chc-lia-nonlin-0014.smt2,,,,,,,,,,,,,,,,,,,,,,,,,,,,,,,,,,7.32,3.81,sat,0.00,,,,,,,,,,0.00,,,,,,,,,,,,
chc-lia-nonlin-0015.smt2,,,,,,,,,,,,,,,,,,,,,,,,1,,,,,,,,,,22.12,4.89,unsat,0.01,,,,,,0.00,0.00,,,0.00,0.00,,0.00,,,0.00,,,,,,
chc-lia-nonlin-0016.smt2,,,,,,,,1,,,1,1,,,1,,,,1,,,1,,1,,,,,,,,,,13.16,5.00,sat,0.01,0.00,0.00,0.00,0.00,0.00,0.00,,,,0.00,0.00,,0.00,0.00,,0.00,,0.00,,,,
chc-lia-nonlin-0017.smt2,,,,,,,,1,,,1,1,,,1,,,,1,,,1,,1,,,,,,,,,,13.16,5.00,sat,0.01,0.00,0.00,0.00,0.00,0.00,0.00,,,,0.00,0.00,,0.00,0.00,,0.00,,0.00,,,,
chc-lia-nonlin-0018.smt2,,,,,,,,,,,,,,,,,,,,,,,,1,,,,,,,,,,22.12,4.92,unsat,0.01,,,,,,0.00,0.00,,,0.00,0.00,,0.00,,,0.00,,,,,,
chc-lia-nonlin-0019.smt2,,,,,,,,,,,1,1,,,1,,,,,,,1,,1,,1,,,,2,,,,26.44,6.05,unsat,0.02,0.00,0.00,0.00,0.00,0.00,0.00,0.00,,,0.00,0.00,0.00,0.00,,,0.00,,0.00,,,,
chc-lia-nonlin-0020.smt2,,,,,,,,1,,,1,1,,,1,,,,1,,,2,,1,,,,,,,,,,17.04,6.13,sat,0.01,0.00,0.00,0.00,0.00,0.00,0.00,,,,0.00,0.00,,0.00,0.00,,0.00,,0.00,,,,
chc-lia-nonlin-0021.smt2,,,,,,,,1,3,1,3,3,,,4,,1,2,6,8,2,12,,9,3,1,,,7,2,4,2,1,26.24,9.58,sat,0.05,0.00,0.00,0.00,0.00,0.00,0.01,0.01,,0.00,0.00,0.00,0.00,0.04,0.00,0.00,0.03,0.00,0.00,0.01,0.00,0.00,
chc-lia-nonlin-0022.smt2,,,,,,,,,,,,,,,,,,,,,,,,,,,,,,,,,,7.36,3.85,sat,0.00,,,,,,,,,,0.00,,,,,,,,,,,,
chc-lia-nonlin-0023.smt2,,,,,,,,,3,1,4,3,,,10,,2,2,6,20,3,16,,13,11,2,,,11,10,4,2,2,339.89,339.47,timeout,599.28,0.01,0.00,0.00,0.00,0.00,0.03,0.01,,0.00,0.00,0.00,0.00,0.06,0.01,0.00,0.04,0.00,0.00,0.01,0.00,0.00,
chc-lia-nonlin-0024.smt2,,17009,,,,,34040,,184,1,186,185,,16834,187,,17204,,,17574,,17391,,369,,,,,17205,,,17018,,710.06,649.83,timeout,594.91,17.03,4.00,10.46,1.67,1.62,495.83,2.95,261.42,1.02,0.00,0.00,2.52,589.64,5.92,,582.85,16.23,13.67,3.43,29.57,0.02,
chc-lia-nonlin-0025.smt2,,,,,,,,1,,,1,1,,,1,,,,1,,,1,,1,,,,,,,,,,13.16,5.04,sat,0.01,0.00,0.00,0.00,0.00,0.00,0.00,,,,0.00,0.00,,0.00,0.00,,0.00,,0.00,,,,
chc-lia-nonlin-0026.smt2,,,,,,,,1,,,3,3,,,4,,1,,3,5,,8,,3,1,,,,4,1,,,,22.64,7.94,sat,0.03,0.00,0.00,0.00,0.00,0.00,0.01,0.00,,0.00,0.00,0.00,0.00,0.02,0.00,,0.01,0.00,0.00,0.00,0.00,,
chc-lia-nonlin-0027.smt2,2,,,,,,,,,,2,2,,,2,,,,,2,,3,,2,,2,,,2,1,,,,31.08,7.44,unsat,0.02,0.00,0.00,0.00,0.00,0.00,0.00,0.00,,,0.00,0.00,0.00,0.01,0.00,,0.00,0.00,0.00,,,,0.00
chc-lia-nonlin-0028.smt2,,,,,,,,,,,1,1,,,1,,,,,,,1,,1,,1,,,,3,,,,26.60,6.24,unsat,0.02,0.00,0.00,0.00,0.00,0.00,0.00,0.00,,,0.00,0.00,0.00,0.00,,,0.00,,0.00,,,,
chc-lia-nonlin-0029.smt2,,,,,,,,1,,,2,2,,,5,,,,6,13,,9,,6,11,,,,6,,,,,24.88,9.44,sat,0.03,0.00,0.00,0.00,0.00,0.00,0.01,0.00,,,0.00,0.00,0.00,0.02,0.00,,0.01,0.00,0.00,0.00,0.00,,
chc-lia-nonlin-0030.smt2,,,,,,,,,,,2,2,,,4,,,,1,6,1,5,,5,3,2,,,4,3,,,,32.56,8.13,unsat,0.05,0.00,0.00,0.00,0.00,0.00,0.01,0.00,,,0.00,0.00,0.00,0.02,0.00,0.00,0.01,0.00,0.00,0.00,0.00,,0.00
chc-lia-nonlin-0031.smt2,,,,,,,,,,,2,2,,,3,,,,1,5,,4,,3,3,2,,,3,5,,,,28.32,6.91,unsat,0.03,0.00,0.00,0.00,0.00,0.00,0.00,0.00,,,0.00,0.00,0.00,0.01,0.00,0.00,0.01,0.00,0.00,0.00,0.00,,0.00
chc-lia-nonlin-0032.smt2,,,,,,,,1,,,2,2,,,5,,,,6,13,,9,,6,11,,,,6,,,,,24.96,9.45,sat,0.04,0.00,0.00,0.00,0.00,0.00,0.01,0.00,,,0.00,0.00,0.00,0.02,0.00,,0.01,0.00,0.00,0.00,0.00,,
chc-lia-nonlin-0033.smt2,,176,,18,6,7,70,23,76,3,23,23,143,77,134,,364,26,185,1570,58,360,,528,867,288,216,3,388,1047,132,259,132,392.20,195.19,sat,13.30,0.59,0.21,0.32,0.07,0.15,7.51,4.18,0.62,0.11,0.00,0.00,0.24,13.03,1.87,0.23,11.02,0.45,1.31,2.27,2.36,0.00,0.25
chc-lia-nonlin-0034.smt2,6,,,1,4,2,,,1,,5,5,,,5,,3,,,13,,10,,10,3,8,,,9,8,,,,35.20,9.64,unsat,0.06,0.00,0.00,0.00,0.00,0.00,0.02,0.01,,0.00,0.00,0.00,0.00,0.04,0.00,0.00,0.02,0.00,0.00,0.00,0.00,,0.00
chc-lia-nonlin-0035.smt2,,1513,,52,52,,,100,139,1,101,101,,2268,106,,292,96,156,16269,9,1719,,561,13054,199,,,1706,206,1326,1234,,1744.68,1133.74,sat,99.15,3.47,0.74,1.84,0.45,0.78,82.91,23.10,,0.57,0.00,0.00,0.83,98.21,38.10,0.17,59.65,2.04,2.78,4.47,3.61,0.00,2.74
chc-lia-nonlin-0036.smt2,12,,,7,9,8,,,2,,9,9,,,11,,9,,2,52,,20,,27,28,16,,,20,20,,,,43.48,14.69,unsat,0.15,0.00,0.00,0.00,0.00,0.00,0.05,0.02,,0.00,0.00,0.00,0.01,0.12,0.02,0.00,0.07,0.01,0.01,0.01,0.00,,0.01
chc-lia-nonlin-0037.smt2,,,,,,,,,,,3,3,,,3,,1,,,4,,5,,5,,5,,,4,4,,,,28.96,7.33,unsat,0.04,0.00,0.00,0.00,0.00,0.00,0.01,0.00,,0.00,0.00,0.00,0.00,0.02,0.00,0.00,0.01,0.00,0.00,0.00,0.00,,0.00
chc-lia-nonlin-0038.smt2,,,,,,,,3,,,5,5,,,6,,3,,3,14,,12,,3,4,,,,7,,,,,26.60,9.16,sat,0.04,0.00,0.00,0.00,0.00,0.00,0.01,0.00,,0.00,0.00,0.00,0.00,0.03,0.00,,0.01,0.00,0.00,0.00,0.00,,
chc-lia-nonlin-0039.smt2,,,,,,,,2,,,4,4,,,6,,4,,4,12,,13,,4,3,,,,8,4,,,,27.04,9.20,sat,0.05,0.00,0.00,0.00,0.00,0.00,0.01,0.00,,0.00,0.00,0.00,0.00,0.03,0.00,,0.02,0.00,0.00,0.00,0.00,,
chc-lia-nonlin-0040.smt2,,,,,,,,,,,1,1,,,5,,,,5,,,6,,6,,,,,4,3,,,,19.80,7.50,sat,0.03,0.00,0.00,0.00,0.00,0.00,0.01,0.00,,,0.00,0.00,0.00,0.01,0.00,0.00,0.01,0.00,0.00,0.00,0.00,,
chc-lia-nonlin-0041.smt2,,,,,,,,,,,1,1,,,1,,,,,,,1,,1,,1,,,,2,,,,26.92,6.42,unsat,0.02,0.00,0.00,0.00,0.00,0.00,0.00,0.00,,,0.00,0.00,0.00,0.00,,,0.00,,0.00,,,,
chc-lia-nonlin-0042.smt2,,,,,,,,1,,,1,1,,,1,,,,1,,,1,,1,,,,,,,,,,13.32,5.16,sat,0.01,0.00,0.00,0.00,0.00,0.00,0.00,,,,0.00,0.00,,0.00,0.00,,0.00,,0.00,,,,
chc-lia-nonlin-0043.smt2,,1476,,20,10,10,,,522,1,291,290,,,1740,173,83803,1141,1159,85543,198,2030,,2042,870,299,,,1738,876,1141,1141,,494.62,481.35,timeout,597.59,47.52,14.02,25.18,5.95,13.44,116.87,63.64,,75.00,0.00,0.00,6.01,593.70,94.33,4.88,497.78,16.19,164.48,59.93,166.60,0.02,0.01
chc-lia-nonlin-0044.smt2,,,,,,,,1,,,2,2,,,4,,,,3,4,,6,,3,2,,,,3,,,,,22.60,7.95,sat,0.03,0.00,0.00,0.00,0.00,0.00,0.00,0.00,,,0.00,0.00,0.00,0.01,0.00,,0.01,0.00,0.00,0.00,0.00,,
chc-lia-nonlin-0045.smt2,,,,,,,,1,,,2,2,,,6,,,,5,10,,8,,5,6,,,,5,,,,,31.44,10.60,sat,0.04,0.00,0.00,0.00,0.00,0.00,0.01,0.00,,0.00,0.00,0.00,0.00,0.02,0.00,,0.01,0.00,0.00,0.00,0.00,,
chc-lia-nonlin-0046.smt2,2,,,,,,,,,,2,2,,,2,,,,,2,,3,,2,,2,,,2,2,,,,31.72,7.85,unsat,0.03,0.00,0.00,0.00,0.00,0.00,0.00,0.00,,,0.00,0.00,0.00,0.01,0.00,,0.00,0.00,0.00,,,,0.00
chc-lia-nonlin-0047.smt2,,,,13,12,2,,7,1,,8,8,,,15,9,20,,11,88,,37,,25,43,,,,27,5,,,,27.88,13.21,sat,0.18,0.01,0.00,0.01,0.00,0.00,0.06,0.03,,0.00,0.00,0.00,0.01,0.16,0.02,0.00,0.11,0.01,0.01,0.01,0.01,,0.00
chc-lia-nonlin-0048.smt2,,,,,,,,,,,1,1,,,2,,,,2,1,,3,,2,1,,,,1,,,,,17.96,6.56,sat,0.02,0.00,0.00,0.00,0.00,0.00,0.00,0.00,,,0.00,0.00,0.00,0.00,0.00,,0.00,0.00,0.00,0.00,0.00,,
chc-lia-nonlin-0049.smt2,,,,,,,,1,,,2,2,,,3,,,,2,3,,5,,2,1,,,,2,,,,,26.20,8.83,sat,0.03,0.00,0.00,0.00,0.00,0.00,0.00,0.00,,,0.00,0.00,0.00,0.01,0.00,,0.00,0.00,0.00,0.00,0.00,,
chc-lia-nonlin-0050.smt2,,1034,,20,9,11,,,427,1,370,369,,,1225,109,77110,811,829,77933,44,1594,,1726,158,377,,,1222,1112,811,811,,298.45,283.42,timeout,599.12,35.48,17.50,24.99,1.55,7.30,62.81,41.00,,24.47,0.00,0.00,3.93,599.05,31.00,8.10,566.08,9.60,229.66,25.50,230.63,0.02,0.01
chc-lia-nonlin-0051.smt2,,,,,,,,1,,,2,2,,,4,,,,3,6,,6,,3,4,,,,3,,,,,19.08,7.13,sat,0.03,0.00,0.00,0.00,0.00,0.00,0.00,0.00,,,0.00,0.00,0.00,0.01,0.00,,0.01,0.00,0.00,0.00,0.00,,
chc-lia-nonlin-0052.smt2,,,,,,,,,,,2,2,,,3,,,,3,3,,6,,3,1,,,,3,1,,,,18.72,7.02,sat,0.02,0.00,0.00,0.00,0.00,0.00,0.00,0.00,,,0.00,0.00,0.00,0.01,0.00,,0.01,0.00,0.00,0.00,0.00,,
chc-lia-nonlin-0053.smt2,8,,,4,4,4,,,2,,8,8,,,8,,7,,,31,,17,,17,11,11,,,16,14,,,,38.80,11.72,unsat,0.10,0.00,0.00,0.00,0.00,0.00,0.03,0.01,,0.00,0.00,0.00,0.01,0.08,0.01,0.00,0.04,0.01,0.00,0.00,0.00,,0.01
chc-lia-nonlin-0054.smt2,,,,,,,,,,,1,1,,,4,,,,5,,,6,,6,,,,,4,7,,,,20.00,7.53,sat,0.03,0.00,0.00,0.00,0.00,0.00,0.01,0.00,,,0.00,0.00,0.00,0.01,0.00,0.00,0.01,0.00,0.00,0.00,0.00,,
chc-lia-nonlin-0055.smt2,,695,,2,2,,,,717,1,363,362,,,1086,355,65694,714,722,67461,,1448,,1089,1043,363,,,1084,724,714,714,,303.51,303.25,timeout,598.69,32.55,10.51,17.06,4.25,9.51,79.78,46.16,,40.55,0.00,0.00,3.02,597.25,55.61,5.68,539.80,7.16,215.10,37.79,216.01,0.02,0.00
chc-lia-nonlin-0056.smt2,,1598,,30,10,20,,,547,1,302,301,,,1804,91,90292,1176,1201,91648,234,2105,,2132,452,310,,,1802,909,1176,1176,,532.51,532.18,timeout,598.03,44.27,15.00,24.60,5.14,12.50,110.27,80.43,,88.30,0.00,0.00,6.09,596.65,100.49,4.48,494.67,15.78,165.24,66.91,167.10,0.02,0.00
chc-lia-nonlin-0057.smt2,,,,,,,,1,,,2,2,,,3,,,,2,3,,5,,2,1,,,,2,,,,,22.08,7.91,sat,0.02,0.00,0.00,0.00,0.00,0.00,0.00,0.00,,,0.00,0.00,0.00,0.01,0.00,,0.00,0.00,0.00,0.00,0.00,,
chc-lia-nonlin-0058.smt2,,,,,,,,1,,,1,1,,,1,,,,1,,,1,,1,,,,,,,,,,13.28,5.08,sat,0.01,0.00,0.00,0.00,0.00,0.00,0.00,,,,0.00,0.00,,0.00,0.00,,0.00,,0.00,,,,
chc-lia-nonlin-0059.smt2,,,,,,,,1,,,1,1,,,1,,,,1,,,1,,1,,,,,,,,,,13.28,5.08,sat,0.01,0.00,0.00,0.00,0.00,0.00,0.00,,,,0.00,0.00,,0.00,0.00,,0.00,,0.00,,,,
chc-lia-nonlin-0060.smt2,,,,,,,,1,,,2,2,,,3,,,,2,3,,5,,2,1,,,,2,,,,,22.00,7.86,sat,0.03,0.00,0.00,0.00,0.00,0.00,0.00,0.00,,,0.00,0.00,0.00,0.01,0.00,,0.00,0.00,0.00,0.00,0.00,,
chc-lia-nonlin-0061.smt2,3,,,,,,,,,,3,3,,,6,,1,,1,11,,8,,5,4,3,,,7,3,,,,33.76,8.86,unsat,0.04,0.00,0.00,0.00,0.00,0.00,0.01,0.00,,0.00,0.00,0.00,0.00,0.02,0.00,,0.01,0.00,0.00,0.00,0.00,,0.00
chc-lia-nonlin-0062.smt2,4,,,,,,,,,,4,4,,,9,,3,,1,14,,15,,9,4,4,,,14,7,,,,39.72,11.00,unsat,0.06,0.00,0.00,0.00,0.00,0.00,0.01,0.01,,0.00,0.00,0.00,0.00,0.04,0.00,,0.02,0.00,0.00,0.00,0.00,,0.00
chc-lia-nonlin-0063.smt2,,,,,,,,,,,1,1,,,2,,,,2,1,,3,,2,1,,,,1,,,,,17.76,6.45,sat,0.02,0.00,0.00,0.00,0.00,0.00,0.00,0.00,,,0.00,0.00,0.00,0.00,0.00,,0.00,0.00,0.00,0.00,0.00,,
chc-lia-nonlin-0064.smt2,,,,,,,,,,,1,1,,,3,,,,3,2,,4,,3,2,,,,2,,,,,17.92,6.60,sat,0.02,0.00,0.00,0.00,0.00,0.00,0.00,0.00,,,0.00,0.00,0.00,0.01,0.00,,0.00,0.00,0.00,0.00,0.00,,
chc-lia-nonlin-0065.smt2,,,,,,,,,,,1,1,,,2,,,,2,1,,3,,2,1,,,,1,,,,,18.36,6.92,sat,0.02,0.00,0.00,0.00,0.00,0.00,0.00,0.00,,,0.00,0.00,0.00,0.00,0.00,,0.00,0.00,0.00,0.00,0.00,,
chc-lia-nonlin-0066.smt2,,,,,,,,1,,,2,2,,,5,,,,3,5,,7,,3,2,,,,4,4,,,,28.60,10.39,sat,0.05,0.00,0.00,0.00,0.00,0.00,0.01,0.01,,,0.00,0.00,0.00,0.03,0.00,,0.02,0.00,0.00,0.00,0.00,,
chc-lia-nonlin-0067.smt2,1,,,,,,,,,,1,1,,,1,,,,,,,1,,1,,1,,,,1,,,,26.48,6.16,unsat,0.02,0.00,0.00,0.00,0.00,0.00,0.00,0.00,,,0.00,0.00,0.00,0.00,,,0.00,,0.00,,,,
chc-lia-nonlin-0068.smt2,,,,,,,,,,,1,1,,,2,,,,2,1,,3,,2,1,,,,1,,,,,18.76,6.86,sat,0.02,0.00,0.00,0.00,0.00,0.00,0.00,0.00,,,0.00,0.00,0.00,0.01,0.00,,0.00,0.00,0.00,0.00,0.00,,
chc-lia-nonlin-0069.smt2,,,,,,,,,,,1,1,,,1,,,,,,,1,,1,,1,,,,5,,,,28.04,6.94,unsat,0.02,0.00,0.00,0.00,0.00,0.00,0.00,0.00,,,0.00,0.00,0.00,0.00,,,0.00,,0.00,,,,
chc-lia-nonlin-0070.smt2,,,,10,7,2,,5,8,1,7,7,,,28,,31,5,23,104,2,53,,50,44,17,,,46,59,11,4,1,65.92,28.20,sat,0.28,0.02,0.01,0.01,0.00,0.01,0.13,0.06,,0.00,0.00,0.00,0.01,0.25,0.03,0.00,0.19,0.01,0.02,0.04,0.01,0.00,0.01
chc-lia-nonlin-0071.smt2,,,,,,,,,,,1,1,,,2,,,,2,1,,3,,2,1,,,,1,,,,,26.20,9.18,sat,0.02,0.00,0.00,0.00,0.00,0.00,0.00,0.00,,,0.00,0.00,0.00,0.00,0.00,,0.00,0.00,0.00,0.00,0.00,,
chc-lia-nonlin-0072.smt2,,,,,,,,2,,,4,4,,,5,,1,,3,11,,9,,3,4,,,,5,,,,,23.08,8.11,sat,0.04,0.00,0.00,0.00,0.00,0.00,0.01,0.00,,0.00,0.00,0.00,0.00,0.02,0.00,,0.01,0.00,0.00,0.00,0.00,,
chc-lia-nonlin-0073.smt2,,,,,,,,2,,,4,4,,,5,,1,,3,11,,9,,3,4,,,,5,,,,,23.08,8.11,sat,0.04,0.00,0.00,0.00,0.00,0.00,0.01,0.00,,0.00,0.00,0.00,0.00,0.02,0.00,,0.01,0.00,0.00,0.00,0.00,,
chc-lia-nonlin-0074.smt2,,26,,2,114,41,,3,38,1,5,5,,,8,,7,35,44,63,,59,,165,46,117,,,51,288,,35,,241.28,109.49,sat,1.88,0.04,0.01,0.02,0.01,0.01,1.03,0.69,,0.00,0.01,0.00,0.09,1.80,0.02,0.18,1.76,0.04,0.17,0.41,0.22,0.00,
chc-lia-nonlin-0075.smt2,,,,,,,,,,,1,1,,,3,,,,3,2,2,4,,3,2,,,,2,,,,,25.84,9.06,sat,0.02,0.00,0.00,0.00,0.00,0.00,0.00,0.00,,,0.00,0.00,0.00,0.01,0.00,,0.00,0.00,0.00,0.00,0.00,,
chc-lia-nonlin-0076.smt2,,,,,,,,3,,,4,4,,,9,,4,,5,19,1,14,,7,9,3,,,10,12,,,,45.12,16.36,sat,0.08,0.00,0.00,0.00,0.00,0.00,0.03,0.01,,0.00,0.01,0.00,0.00,0.05,0.01,0.00,0.04,0.00,0.00,0.01,0.00,,0.00
chc-lia-nonlin-0077.smt2,,7,136,81,1,54,53,11,15,4,18,18,8,25,184,6,764,20,924,7880,119,1214,158,1073,5562,31,28,18,1141,976,108,93,9,3185.04,1876.52,sat,558.08,8.33,3.29,5.25,0.92,1.65,520.84,338.84,3.97,2.66,0.00,0.00,0.58,553.73,117.41,0.10,436.23,3.09,12.80,271.19,3.30,0.00,0.26
chc-lia-nonlin-0078.smt2,,,,,,,,,,,5,4,,,12,,8,,3,44,,21,,13,19,3,,,16,22,,,,616.60,616.11,timeout,599.14,0.00,0.00,0.00,0.00,0.00,0.04,0.01,,0.00,0.01,0.00,0.00,0.07,0.01,0.00,0.05,0.01,0.00,0.00,0.00,,
chc-lia-nonlin-0079.smt2,,,,,,,,1,,,2,2,,,5,,,,6,13,,9,,6,11,,,,6,,,,,25.24,9.56,sat,0.04,0.00,0.00,0.00,0.00,0.00,0.01,0.00,,,0.00,0.00,0.00,0.02,0.00,,0.01,0.00,0.00,0.00,0.00,,
chc-lia-nonlin-0080.smt2,8,,,,,,,,,,7,7,,,10,,4,,3,39,,19,,21,19,18,,,19,27,,,,83.44,30.29,unsat,0.18,0.00,0.00,0.00,0.00,0.00,0.08,0.04,,0.00,0.00,0.00,0.02,0.14,0.02,0.01,0.10,0.01,0.00,0.00,0.00,,0.04
chc-lia-nonlin-0081.smt2,,,,,,,,,,,1,1,,,2,,,,2,1,,3,,2,1,,,,1,,,,,18.96,7.10,sat,0.02,0.00,0.00,0.00,0.00,0.00,0.00,0.00,,,0.00,0.00,0.00,0.00,0.00,,0.00,0.00,0.00,0.00,0.00,,
chc-lia-nonlin-0082.smt2,,,,,,,,1,,,2,2,,,5,,,,6,13,,9,,6,11,,,,6,,,,,25.28,9.68,sat,0.04,0.00,0.00,0.00,0.00,0.00,0.01,0.00,,,0.00,0.00,0.00,0.02,0.00,,0.01,0.00,0.00,0.00,0.00,,
chc-lia-nonlin-0083.smt2,,,,,,,,1,,,1,1,,,4,,,,3,5,1,5,,5,4,,,,3,4,,,,52.56,20.83,sat,0.08,0.00,0.00,0.00,0.00,0.00,0.03,0.01,,,0.00,0.00,0.00,0.04,0.01,0.00,0.03,0.00,0.00,0.00,0.00,,
chc-lia-nonlin-0084.smt2,,,,,,,,2,,,4,4,,,8,,1,,6,17,,13,,6,9,,,,9,,,,,46.36,18.92,sat,0.08,0.00,0.00,0.00,0.00,0.00,0.02,0.00,,0.00,0.00,0.00,0.00,0.05,0.01,,0.02,0.00,0.00,0.00,0.00,,
chc-lia-nonlin-0085.smt2,,47,,42,28,11,,14,9,2,15,15,,47,21,,34,16,32,380,11,116,,62,269,,2,,98,,42,30,,47.64,25.58,sat,0.62,0.06,0.02,0.03,0.01,0.01,0.27,0.11,0.00,0.00,0.00,0.00,0.01,0.59,0.14,,0.39,0.03,0.05,0.04,0.06,0.00,0.01
chc-lia-nonlin-0086.smt2,,4040,,191,162,,,99,65,1,99,99,,3735,104,,174,907,187,20116,26,2532,,413,15921,,,2,2383,,2135,1983,,1222.56,863.46,sat,86.68,3.40,0.96,1.92,0.42,0.54,71.80,30.78,,1.01,0.00,0.00,0.44,86.13,35.98,,49.68,2.01,1.91,1.90,3.20,0.01,0.52
chc-lia-nonlin-0087.smt2,,9544,,276,247,,,,97,1,150,149,,9031,433,,212,2216,,32424,44,5390,,579,22697,,,2,5157,,4794,4604,,463.25,430.06,timeout,596.65,11.16,3.33,6.58,1.45,1.41,548.84,250.94,,3.69,0.00,0.00,1.39,593.29,259.21,,333.36,6.64,5.85,6.87,10.25,0.03,2.27
chc-lia-nonlin-0088.smt2,,,,,,,,1,,,1,1,,,7,,,,6,12,,8,,7,11,,,,6,2,,,,24.60,9.23,sat,0.03,0.00,0.00,0.00,0.00,0.00,0.01,0.00,,,0.00,0.00,0.00,0.02,0.00,,0.01,0.00,0.00,0.00,0.00,,
chc-lia-nonlin-0089.smt2,,,,,,,,,,,,,,,,,,,,,,,,,,,,,,,,,,7.72,4.21,sat,0.00,,,,,,,,,,0.00,,,,,,,,,,,,
chc-lia-nonlin-0090.smt2,,,,,,,,,,,1,1,,,3,,,,3,2,,4,,3,2,,,,2,1,,,,20.36,8.17,sat,0.04,0.00,0.00,0.00,0.00,0.00,0.01,0.00,,,0.00,0.00,0.00,0.02,0.00,,0.01,0.00,0.00,0.00,0.00,,
chc-lia-nonlin-0091.smt2,,,,,,,,,,,,,,,,,,,,,,,,,,,,,,,,,,0.09,0.09,,,,,,,,,,,,,,,,,,,,,,,,
chc-lia-nonlin-0092.smt2,,,,,,,,3,,,4,4,,,5,,2,,2,7,,9,,2,1,,,,4,,,,,23.60,10.19,sat,0.06,0.01,0.00,0.00,0.00,0.00,0.02,0.01,0.00,0.00,0.00,0.00,0.00,0.05,0.00,,0.03,0.00,0.00,0.01,0.00,,
chc-lia-nonlin-0093.smt2,,,,,,,,,,,1,1,,,3,,,,3,2,1,4,,3,2,,,,2,5,,,,26.56,9.99,sat,0.03,0.00,0.00,0.00,0.00,0.00,0.01,0.00,,,0.00,0.00,0.00,0.01,0.00,,0.01,0.00,0.00,0.00,0.00,,
chc-lia-nonlin-0094.smt2,,9,,78,,50,48,8,9,3,17,17,1,9,54,8,120,8,134,1185,7,260,,162,680,30,1,3,248,265,21,9,,403.60,233.60,sat,5.02,0.48,0.15,0.21,0.13,0.10,3.48,1.47,0.45,0.03,0.00,0.00,0.12,4.84,1.37,0.01,3.39,0.21,0.21,0.97,0.11,0.00,0.11
chc-lia-nonlin-0095.smt2,3,,,,,,,,,,3,3,,,4,,2,,,6,,6,,3,,3,,,5,1,,,,28.48,7.28,unsat,0.04,0.00,0.00,0.00,0.00,0.00,0.01,0.00,,0.00,0.00,0.00,0.00,0.02,0.00,,0.01,0.00,0.00,0.00,0.00,,0.00
chc-lia-nonlin-0096.smt2,,,,,,,,1,,,5,5,,,13,,12,,15,54,,35,,13,22,,,,29,,,,,47.16,19.13,sat,0.15,0.01,0.00,0.00,0.00,0.00,0.06,0.02,,0.00,0.00,0.00,0.01,0.12,0.02,,0.08,0.01,0.00,0.00,0.00,,
chc-lia-nonlin-0097.smt2,,,,,,,,,,,5,4,,,13,,10,,4,42,,22,,10,20,,,,17,1,,,,4356.98,4292.78,timeout,599.32,0.00,0.00,0.00,0.00,0.00,0.04,0.01,,0.00,0.01,0.00,0.00,0.07,0.02,,0.04,0.00,0.00,0.00,0.00,,
chc-lia-nonlin-0098.smt2,1,,,,,,,,,,1,1,,,1,,,,,,,1,,1,,1,,,,1,,,,26.92,6.54,unsat,0.02,0.00,0.00,0.00,0.00,0.00,0.00,0.00,,,0.00,0.00,0.00,0.00,,,0.00,,0.00,,,,
chc-lia-nonlin-0099.smt2,,,,,,,,1,,,3,3,,,6,,2,,5,11,1,11,,6,6,,,,7,,,,,20.64,8.47,sat,0.04,0.00,0.00,0.00,0.00,0.00,0.01,0.00,,0.00,0.00,0.00,0.00,0.03,0.00,,0.02,0.00,0.00,0.00,0.00,,
chc-lia-nonlin-0100.smt2,3,,,,,,,,,,3,3,,,5,,1,,,7,,7,,4,,3,,,6,1,,,,32.68,8.35,unsat,0.04,0.00,0.00,0.00,0.00,0.00,0.01,0.00,,0.00,0.00,0.00,0.00,0.02,0.00,,0.01,0.00,0.00,0.00,0.00,,0.00
chc-lia-nonlin-0101.smt2,,,,,,,,1,,,2,2,,,5,,,,4,7,1,8,,5,4,,,,5,,,,,19.44,7.59,sat,0.03,0.00,0.00,0.00,0.00,0.00,0.00,0.00,,0.00,0.00,0.00,0.00,0.01,0.00,,0.01,0.00,0.00,0.00,0.00,,
chc-lia-nonlin-0102.smt2,,,,,,,,3,3,1,5,5,,,14,,6,3,12,68,,31,,16,41,1,,,22,7,5,3,,52.16,25.40,sat,0.23,0.02,0.01,0.01,0.00,0.01,0.11,0.06,,0.00,0.00,0.00,0.01,0.20,0.03,0.00,0.15,0.01,0.01,0.04,0.00,0.00,
chc-lia-nonlin-0103.smt2,2,,,,,,,,,,2,2,,,2,,,,,2,,3,,2,,2,,,2,1,,,,27.76,7.00,unsat,0.03,0.00,0.00,0.00,0.00,0.00,0.00,0.00,,,0.00,0.00,0.00,0.01,0.00,,0.00,0.00,0.00,0.00,0.00,,0.00
chc-lia-nonlin-0104.smt2,3,,,,,,,,,,3,3,,,5,,2,,1,11,,8,,6,5,3,,,7,1,,,,29.20,7.78,unsat,0.04,0.00,0.00,0.00,0.00,0.00,0.01,0.00,,0.00,0.00,0.00,0.00,0.02,0.00,,0.01,0.00,0.00,0.00,0.00,,0.00
chc-lia-nonlin-0105.smt2,,,,,,,,4,,,5,5,,,12,,3,,10,50,,20,,9,34,,,,15,2,,,,42.72,17.62,sat,0.09,0.00,0.00,0.00,0.00,0.00,0.03,0.01,,0.00,0.00,0.00,0.00,0.06,0.02,,0.03,0.01,0.00,0.00,0.00,,
chc-lia-nonlin-0106.smt2,,,,,,,,,,,1,1,,,2,,,,2,1,,3,,2,1,,,,1,,,,,18.92,7.10,sat,0.02,0.00,0.00,0.00,0.00,0.00,0.00,0.00,,,0.00,0.00,0.00,0.00,0.00,,0.00,0.00,0.00,0.00,0.00,,
chc-lia-nonlin-0107.smt2,6,5,,25,9,15,,,1,,6,6,,,12,,17,,1,44,,30,,23,10,6,,,25,1,,,,34.36,11.06,unsat,0.14,0.01,0.00,0.00,0.00,0.00,0.04,0.02,,0.00,0.00,0.00,0.00,0.12,0.01,,0.09,0.01,0.01,0.01,0.01,,0.01
chc-lia-nonlin-0108.smt2,,32,,26,22,1,1,9,13,3,12,12,18,34,16,,48,9,23,229,,96,,54,130,15,18,,84,11,17,27,17,52.24,27.41,sat,0.84,0.06,0.02,0.03,0.01,0.02,0.27,0.12,0.00,0.00,0.00,0.00,0.02,0.81,0.09,,0.67,0.04,0.04,0.03,0.29,0.00,0.04
chc-lia-nonlin-0109.smt2,11,46,,64,13,46,42,,5,1,11,11,,47,42,2,30,,1,252,,85,,50,94,11,,,72,10,12,37,,54.68,24.24,unsat,0.53,0.03,0.01,0.01,0.00,0.01,0.26,0.07,0.09,0.00,0.00,0.00,0.01,0.50,0.10,,0.35,0.03,0.03,0.04,0.05,0.00,0.02
chc-lia-nonlin-0110.smt2,21,205,,125,13,75,133,,11,1,21,21,,164,63,6,108,4,2,874,1,204,,76,389,21,,,202,1,36,150,,112.00,62.71,unsat,1.62,0.10,0.03,0.05,0.01,0.02,0.95,0.27,0.28,0.02,0.00,0.00,0.03,1.57,0.45,,1.02,0.09,0.06,0.06,0.12,0.00,0.04
chc-lia-nonlin-0111.smt2,26,190,,113,14,80,,,11,1,26,26,,175,81,15,64,7,2,1115,7,240,,112,674,29,,1,201,5,117,118,4,144.92,80.86,unsat,1.99,0.13,0.04,0.07,0.01,0.03,1.11,0.56,,0.03,0.00,0.00,0.03,1.93,0.61,,1.20,0.10,0.11,0.10,0.16,0.00,0.08
chc-lia-nonlin-0112.smt2,,115,,54,31,13,11,20,20,3,22,22,51,106,58,2,85,29,37,687,21,197,16,115,402,,51,,176,,65,80,32,115.68,67.94,sat,2.95,0.11,0.03,0.05,0.02,0.02,1.00,0.49,0.03,0.03,0.00,0.00,0.03,2.87,0.44,,2.33,0.10,0.12,0.10,1.29,0.00,0.08
chc-lia-nonlin-0113.smt2,16,63,,64,13,41,,,5,1,16,16,,61,51,,40,2,1,411,5,106,,64,226,16,,,85,1,40,38,,77.72,38.56,unsat,0.66,0.04,0.01,0.02,0.00,0.01,0.30,0.15,,0.01,0.00,0.00,0.01,0.62,0.16,,0.40,0.03,0.05,0.03,0.06,0.00,0.03
chc-lia-nonlin-0114.smt2,,,,,,,,,,,,,,,,,,,,,,,,,,,,,,,,,,8.00,4.49,sat,0.00,,,,,,,,,,0.00,,,,,,,,,,,,
chc-lia-nonlin-0115.smt2,,,,6,3,1,,3,3,1,4,4,,,14,,8,2,10,25,,23,,15,8,,,,18,,,2,,26.80,11.99,sat,0.12,0.01,0.00,0.00,0.00,0.00,0.05,0.03,,0.00,0.00,0.00,0.00,0.10,0.01,,0.08,0.01,0.01,0.02,0.00,0.00,0.00
chc-lia-nonlin-0116.smt2,3,,,,,,,,,,3,3,,,5,,2,,1,9,,8,,5,3,3,,,7,1,,,,30.24,8.51,unsat,0.05,0.00,0.00,0.00,0.00,0.00,0.01,0.01,,0.00,0.00,0.00,0.00,0.03,0.00,,0.02,0.00,0.00,0.00,0.00,,0.00
chc-lia-nonlin-0117.smt2,,13,,21,18,,,7,5,1,8,8,,16,12,,30,8,14,65,10,59,,28,16,1,,,47,1,10,8,,31.72,15.20,sat,0.25,0.03,0.01,0.01,0.00,0.01,0.10,0.05,,0.00,0.00,0.00,0.01,0.23,0.01,,0.19,0.02,0.02,0.03,0.02,0.00,0.01
chc-lia-nonlin-0118.smt2,26,141,,104,28,79,,,12,2,26,26,,195,84,,68,108,1,997,,218,,94,521,28,2,2,191,4,93,112,5,134.24,74.72,unsat,2.19,0.22,0.09,0.13,0.02,0.05,1.20,0.67,,0.03,0.00,0.00,0.03,2.13,0.63,,1.37,0.10,0.11,0.11,0.17,0.00,0.12
chc-lia-nonlin-0119.smt2,,13,,21,18,,,7,4,1,8,8,,16,12,,30,8,14,91,3,59,,29,42,,,,48,,10,8,,32.32,15.60,sat,0.26,0.02,0.01,0.01,0.00,0.01,0.10,0.05,,0.00,0.00,0.00,0.01,0.24,0.02,,0.19,0.02,0.02,0.03,0.02,0.00,0.01
chc-lia-nonlin-0120.smt2,,13,,21,18,,,7,6,1,8,8,,16,12,,30,8,14,92,3,58,,27,43,,,,47,,9,8,,32.16,15.39,sat,0.26,0.02,0.01,0.01,0.00,0.01,0.10,0.05,,0.00,0.00,0.00,0.01,0.24,0.02,,0.18,0.02,0.02,0.02,0.02,0.00,0.01
chc-lia-nonlin-0121.smt2,,13,,21,18,,,7,5,1,8,8,,16,12,,30,8,14,90,4,59,,29,41,1,,,48,1,10,8,,32.48,15.71,sat,0.27,0.03,0.01,0.01,0.00,0.01,0.10,0.05,,0.00,0.00,0.00,0.01,0.25,0.02,,0.19,0.02,0.02,0.03,0.02,0.00,0.01
chc-lia-nonlin-0122.smt2,2,,,,,,,,,,2,2,,,2,,,,,2,,3,,2,,2,,,2,1,,,,29.88,8.25,unsat,0.03,0.00,0.00,0.00,0.00,0.00,0.00,0.00,,,0.00,0.00,0.00,0.01,0.00,,0.00,0.00,0.00,0.00,0.00,,0.00
chc-lia-nonlin-0123.smt2,,,,,,,,,,,2,2,,,3,,,,3,3,,6,,3,1,,,,3,,,,,21.00,8.64,sat,0.03,0.00,0.00,0.00,0.00,0.00,0.00,0.00,,,0.00,0.00,0.00,0.01,0.00,,0.01,0.00,0.00,0.00,0.00,,
chc-lia-nonlin-0124.smt2,3,,,1,,3,,,1,,3,3,,,6,,2,,1,11,,9,,6,4,3,,,7,1,,,,30.96,8.80,unsat,0.05,0.00,0.00,0.00,0.00,0.00,0.01,0.01,,0.00,0.00,0.00,0.00,0.03,0.00,,0.02,0.00,0.00,0.00,0.00,,0.00
chc-lia-nonlin-0125.smt2,,,,,,,,,,,2,2,,,4,,,,4,4,1,7,,4,2,,,,4,,,,,20.44,8.31,sat,0.03,0.00,0.00,0.00,0.00,0.00,0.00,0.00,,,0.00,0.00,0.00,0.01,0.00,,0.01,0.00,0.00,0.00,0.00,,
chc-lia-nonlin-0126.smt2,,,,,,,,,,,1,1,,,2,,,,2,1,,3,,2,1,,,,1,,,,,18.20,6.83,sat,0.02,0.00,0.00,0.00,0.00,0.00,0.00,0.00,,,0.00,0.00,0.00,0.00,0.00,,0.00,0.00,0.00,0.00,0.00,,
chc-lia-nonlin-0127.smt2,,,,,,,,1,,,3,3,,,9,,2,,8,6,,15,,10,,,,,11,,,,,23.44,9.97,sat,0.05,0.00,0.00,0.00,0.00,0.00,0.01,0.01,,0.00,0.00,0.00,0.00,0.04,0.00,,0.03,0.00,0.00,0.01,0.00,,
chc-lia-nonlin-0128.smt2,,,,17,10,6,,5,5,2,6,6,,,20,,14,,13,75,5,34,,41,43,7,5,,27,21,2,5,2,45.84,23.28,sat,0.25,0.02,0.00,0.01,0.00,0.01,0.11,0.05,,0.00,0.00,0.00,0.01,0.22,0.03,0.00,0.17,0.01,0.01,0.03,0.02,0.00,0.01
chc-lia-nonlin-0129.smt2,7,,,9,5,3,,,1,,5,5,,,9,,11,,1,26,,18,,19,5,7,,,16,5,,,,37.32,12.26,unsat,0.12,0.01,0.00,0.00,0.00,0.00,0.04,0.02,,0.00,0.00,0.00,0.01,0.09,0.01,0.00,0.07,0.01,0.01,0.01,0.00,,0.01
chc-lia-nonlin-0130.smt2,,3,,19,11,8,,6,7,2,7,7,,1,24,,26,,18,128,3,53,,61,81,14,12,,42,36,6,12,6,66.24,34.90,sat,0.47,0.04,0.01,0.02,0.00,0.01,0.23,0.11,0.00,0.00,0.00,0.00,0.02,0.42,0.06,0.01,0.33,0.02,0.02,0.07,0.04,0.00,0.02
chc-lia-nonlin-0131.smt2,10,5,,20,13,6,,,1,,7,7,,2,14,,23,,2,53,2,31,,29,12,10,,,28,6,,,,43.32,16.06,unsat,0.20,0.01,0.00,0.01,0.00,0.00,0.08,0.05,,0.00,0.00,0.00,0.01,0.17,0.01,0.00,0.14,0.01,0.01,0.02,0.01,,0.02
chc-lia-nonlin-0132.smt2,15,17,,21,14,7,,,2,1,9,9,,5,17,,32,1,2,78,2,47,,48,20,15,,,45,4,6,1,1,53.84,22.25,unsat,0.33,0.02,0.00,0.01,0.00,0.01,0.14,0.08,,0.00,0.00,0.00,0.02,0.30,0.02,0.01,0.24,0.03,0.02,0.02,0.02,0.00,0.05
chc-lia-nonlin-0133.smt2,,46,,30,17,10,,10,14,2,12,12,,18,41,,57,5,42,408,5,122,,135,292,47,34,2,107,107,18,39,31,126.08,73.82,sat,1.83,0.15,0.05,0.08,0.01,0.04,1.09,0.54,,0.01,0.00,0.00,0.05,1.74,0.36,0.02,1.33,0.08,0.07,0.29,0.16,0.00,0.08
chc-lia-nonlin-0134.smt2,,67,,20,11,5,9,14,18,3,15,15,10,28,59,,79,1,49,525,7,148,,170,362,70,52,1,138,143,12,55,42,138.08,79.23,sat,2.78,0.20,0.06,0.10,0.01,0.07,1.72,0.84,0.02,0.01,0.00,0.00,0.07,2.68,0.61,0.03,2.00,0.11,0.12,0.42,0.31,0.00,0.12
chc-lia-nonlin-0135.smt2,,96,,22,16,2,5,16,24,3,18,18,8,35,69,,98,3,70,891,6,196,,221,686,92,70,1,184,200,17,78,63,232.20,140.15,sat,5.03,0.33,0.09,0.18,0.02,0.11,3.42,1.68,0.02,0.03,0.00,0.00,0.10,4.88,1.13,0.04,3.66,0.17,0.18,0.90,0.44,0.00,0.22
chc-lia-nonlin-0136.smt2,25,26,,22,14,7,,,2,1,15,15,,6,23,,49,1,2,181,3,58,,66,83,25,,1,60,4,6,1,,73.76,29.50,unsat,0.54,0.02,0.01,0.01,0.00,0.01,0.26,0.15,,0.00,0.00,0.00,0.03,0.48,0.07,0.01,0.35,0.04,0.02,0.04,0.02,0.00,0.09
chc-lia-nonlin-0137.smt2,,,,,,,,1,,,3,3,,,5,,1,,4,7,1,10,,5,2,,,,6,,,,,20.96,8.61,sat,0.04,0.00,0.00,0.00,0.00,0.00,0.01,0.00,,0.00,0.00,0.00,0.00,0.02,0.00,,0.01,0.00,0.00,0.00,0.00,,
chc-lia-nonlin-0138.smt2,,,,,,,,,,,2,2,,,3,,,,3,3,,6,,3,1,,,,3,,,,,20.92,8.43,sat,0.03,0.00,0.00,0.00,0.00,0.00,0.00,0.00,,,0.00,0.00,0.00,0.01,0.00,,0.01,0.00,0.00,0.00,0.00,,
chc-lia-nonlin-0139.smt2,,,,,,,,3,,,5,5,,,28,,7,,11,67,,45,,36,20,5,,,40,18,,,,313.92,170.14,sat,2.44,0.09,0.03,0.05,0.01,0.03,2.00,1.26,,0.00,0.01,0.00,0.01,2.24,0.24,0.01,1.98,0.02,0.01,1.14,0.00,,0.02
chc-lia-nonlin-0140.smt2,2,,,,,,,,,,2,2,,,2,,,,,2,,3,,2,,2,,,2,1,,,,29.80,8.23,unsat,0.03,0.00,0.00,0.00,0.00,0.00,0.00,0.00,,,0.00,0.00,0.00,0.01,0.00,,0.01,0.00,0.00,0.00,0.00,,0.00
chc-lia-nonlin-0141.smt2,,,,,,,,1,,,3,3,,,4,,2,,3,6,,9,,4,1,,,,5,,,,,21.08,8.65,sat,0.04,0.00,0.00,0.00,0.00,0.00,0.01,0.00,,0.00,0.00,0.00,0.00,0.02,0.00,,0.01,0.00,0.00,0.00,0.00,,
chc-lia-nonlin-0142.smt2,,,,,,,,1,,,3,3,,,4,,2,,3,6,,9,,4,1,,,,5,,,,,21.04,8.66,sat,0.04,0.00,0.00,0.00,0.00,0.00,0.01,0.00,,0.00,0.00,0.00,0.00,0.02,0.00,,0.01,0.00,0.00,0.00,0.00,,
chc-lia-nonlin-0143.smt2,,,,,,,,2,,,4,4,,,19,,2,,20,12,,31,,21,,,,,27,5,,,,40.60,14.64,sat,0.12,0.01,0.00,0.00,0.00,0.00,0.04,0.02,,0.00,0.01,0.00,0.00,0.09,0.00,,0.07,0.01,0.00,0.02,0.00,,
chc-lia-nonlin-0144.smt2,3,,,,,,,,,,3,3,,,9,,1,,2,14,,12,,9,8,3,,,11,5,,,,73.48,29.29,unsat,0.19,0.01,0.00,0.00,0.00,0.00,0.12,0.04,,0.00,0.01,0.00,0.00,0.15,0.01,,0.13,0.00,0.00,0.03,0.00,,0.00
chc-lia-nonlin-0145.smt2,12,16,,30,17,6,,,5,1,12,12,,21,31,,25,,8,150,2,75,,34,63,12,,2,71,1,12,8,,45.16,17.46,unsat,0.35,0.03,0.00,0.01,0.00,0.01,0.13,0.07,,0.00,0.00,0.00,0.01,0.31,0.04,,0.22,0.02,0.02,0.02,0.02,0.00,0.02
chc-lia-nonlin-0146.smt2,,20,,47,27,9,,14,6,3,16,16,9,36,52,2,73,19,55,823,3,179,1,118,537,17,13,2,159,10,49,37,10,99.88,59.01,sat,1.62,0.13,0.03,0.05,0.01,0.05,0.92,0.46,,0.02,0.00,0.00,0.02,1.54,0.46,,1.02,0.07,0.12,0.25,0.10,0.00,0.04
chc-lia-nonlin-0147.smt2,2,,,,,,,,,,2,2,,,2,,,,,2,,3,,2,,2,,,2,1,,,,30.16,8.45,unsat,0.03,0.00,0.00,0.00,0.00,0.00,0.00,0.00,,,0.00,0.00,0.00,0.01,0.00,,0.01,0.00,0.00,0.00,0.00,,0.00
chc-lia-nonlin-0148.smt2,,7,,12,10,,,7,7,2,8,8,,4,24,,17,1,25,128,3,61,,68,89,33,14,,52,80,2,15,13,65.20,35.72,sat,0.56,0.05,0.01,0.02,0.00,0.01,0.29,0.15,,0.00,0.00,0.00,0.02,0.52,0.06,0.01,0.42,0.03,0.02,0.09,0.05,0.00,0.03
chc-lia-nonlin-0149.smt2,,,,,,,,2,,,4,4,,,6,,2,,4,10,,13,,7,1,1,,,8,5,,,,32.40,14.40,sat,0.09,0.01,0.00,0.00,0.00,0.00,0.03,0.02,,0.00,0.00,0.00,0.00,0.06,0.00,0.00,0.04,0.01,0.00,0.01,0.00,,
chc-lia-nonlin-0150.smt2,2,,,,,,,,,,2,2,,,2,,,,,2,,3,,2,,2,,,2,1,,,,30.12,8.36,unsat,0.03,0.00,0.00,0.00,0.00,0.00,0.00,0.00,,,0.00,0.00,0.00,0.01,0.00,,0.01,0.00,0.00,0.00,0.00,,0.00
chc-lia-nonlin-0151.smt2,,,,,,,,,,,2,2,,,3,,,,3,3,,6,,3,1,,,,3,,,,,22.28,9.22,sat,0.04,0.00,0.00,0.00,0.00,0.00,0.01,0.00,,,0.00,0.00,0.00,0.02,0.00,,0.01,0.00,0.00,0.00,0.00,,
chc-lia-nonlin-0152.smt2,2,,,,,,,,,,2,2,,,2,,,,,2,,3,,2,,2,,,2,1,,,,30.68,8.48,unsat,0.03,0.00,0.00,0.00,0.00,0.00,0.00,0.00,,,0.00,0.00,0.00,0.01,0.00,,0.01,0.00,0.00,0.00,0.00,,0.00
chc-lia-nonlin-0153.smt2,,,,,,,,,,,2,2,,,11,,,,11,11,6,14,,11,9,,,,11,,,,,23.80,10.66,sat,0.05,0.01,0.00,0.00,0.00,0.00,0.01,0.00,,,0.00,0.00,0.00,0.03,0.00,,0.02,0.00,0.00,0.00,0.00,,
chc-lia-nonlin-0154.smt2,3,,,,,,,,,,3,3,,,14,,1,,8,23,5,17,,15,15,3,,,16,1,,,,34.96,11.32,unsat,0.08,0.01,0.00,0.00,0.00,0.00,0.03,0.01,,0.00,0.00,0.00,0.00,0.06,0.01,,0.04,0.01,0.00,0.00,0.00,,0.00
chc-lia-nonlin-0155.smt2,,,,12,8,4,,7,10,2,8,8,,4,36,,23,2,30,177,3,59,,64,129,11,10,,49,36,12,16,1,64.48,30.47,sat,0.46,0.04,0.01,0.02,0.00,0.01,0.21,0.09,0.00,0.00,0.00,0.00,0.02,0.41,0.07,0.01,0.30,0.03,0.02,0.06,0.03,0.00,0.02
chc-lia-nonlin-0156.smt2,6,,,7,3,4,,,2,,6,6,,,13,,7,,2,39,,22,,20,12,11,,,22,16,,,,46.32,15.86,unsat,0.14,0.01,0.00,0.00,0.00,0.00,0.05,0.03,,0.00,0.00,0.00,0.01,0.11,0.01,0.00,0.08,0.01,0.00,0.01,0.00,,0.01
chc-lia-nonlin-0157.smt2,2,,,,,,,,,,2,2,,,4,,,,,3,,6,,4,,2,,,5,3,,,,35.08,9.79,unsat,0.04,0.00,0.00,0.00,0.00,0.00,0.01,0.00,,,0.00,0.00,0.00,0.02,0.00,,0.01,0.00,0.00,0.00,0.00,,0.00
chc-lia-nonlin-0158.smt2,,,,11,4,5,,4,8,2,7,7,,5,31,,32,,26,104,3,52,,46,45,5,5,,42,24,7,10,,49.04,23.29,sat,0.31,0.03,0.01,0.02,0.00,0.01,0.13,0.06,,0.00,0.00,0.00,0.01,0.27,0.03,0.00,0.21,0.02,0.02,0.04,0.02,0.00,0.01
chc-lia-nonlin-0159.smt2,,,,2,2,,,3,6,2,4,4,,,21,,4,1,21,63,3,36,,28,45,2,2,,29,12,3,3,,40.40,17.73,sat,0.19,0.02,0.00,0.01,0.00,0.00,0.08,0.03,,0.00,0.00,0.00,0.01,0.15,0.02,0.00,0.12,0.01,0.01,0.02,0.01,0.00,0.01
chc-lia-nonlin-0160.smt2,,,,,,,,2,,,3,3,,,14,,2,,9,22,,19,,11,11,,,,15,5,,,,29.80,12.29,sat,0.09,0.01,0.00,0.00,0.00,0.00,0.03,0.01,,0.00,0.00,0.00,0.00,0.06,0.01,0.00,0.05,0.01,0.00,0.01,0.00,,
chc-lia-nonlin-0161.smt2,,,,20,13,4,,6,14,2,9,9,,5,42,,29,,42,183,3,79,,91,123,27,16,,69,70,6,21,12,75.04,37.76,sat,0.69,0.07,0.02,0.03,0.01,0.02,0.33,0.15,0.00,0.00,0.00,0.00,0.03,0.63,0.08,0.01,0.50,0.04,0.04,0.09,0.05,0.00,0.03
chc-lia-nonlin-0162.smt2,10,2,,22,13,6,,,2,,9,9,,,22,,23,,4,83,9,43,,49,27,24,,,46,35,,,,58.88,22.84,unsat,0.30,0.02,0.00,0.01,0.00,0.01,0.12,0.07,,0.00,0.00,0.00,0.02,0.26,0.02,0.01,0.21,0.02,0.01,0.02,0.01,,0.04
chc-lia-nonlin-0163.smt2,15,12,,35,23,7,,,2,,12,12,,3,27,,27,,4,128,13,59,,65,50,40,,,67,53,,,,67.96,27.42,unsat,0.45,0.02,0.01,0.01,0.00,0.01,0.20,0.11,,0.00,0.00,0.00,0.03,0.41,0.04,0.01,0.32,0.04,0.02,0.03,0.02,,0.07
chc-lia-nonlin-0164.smt2,,57,,50,39,5,1,11,27,3,14,14,1,20,72,,104,6,69,739,3,182,,223,567,94,55,2,177,214,16,61,41,167.56,90.18,sat,2.68,0.22,0.06,0.11,0.02,0.07,1.61,0.67,0.00,0.01,0.00,0.00,0.09,2.56,0.65,0.03,1.85,0.13,0.11,0.37,0.24,0.00,0.11
chc-lia-nonlin-0165.smt2,20,28,,45,31,8,,,6,2,15,15,,14,38,,27,,5,206,23,87,,91,97,56,3,,98,68,13,3,1,90.92,40.61,unsat,0.71,0.04,0.01,0.02,0.01,0.01,0.33,0.18,,0.00,0.00,0.00,0.05,0.65,0.07,0.02,0.52,0.07,0.03,0.04,0.03,0.00,0.11
chc-lia-nonlin-0166.smt2,,239,,70,40,5,56,17,47,3,20,20,38,121,117,,197,21,129,1926,14,432,,466,1513,189,180,3,422,445,38,211,133,403.64,240.91,sat,12.66,0.80,0.24,0.45,0.05,0.24,8.25,3.40,0.16,0.03,0.00,0.00,0.24,12.40,3.05,0.09,9.26,0.40,0.39,1.84,1.94,0.00,0.38
chc-lia-nonlin-0167.smt2,25,113,,70,48,13,22,,26,3,21,21,23,62,140,,87,5,93,1767,14,263,,316,1482,148,88,3,283,304,21,95,66,348.24,179.19,unsat,5.09,0.28,0.08,0.15,0.02,0.09,3.35,1.34,0.06,0.02,0.00,0.00,0.16,4.95,1.47,0.05,3.39,0.25,0.19,0.60,0.43,0.00,0.35
chc-lia-nonlin-0168.smt2,,,,3,2,,,3,3,1,8,8,,3,17,,17,4,19,91,2,48,,21,43,7,,,38,7,1,7,5,39.68,21.13,sat,0.28,0.05,0.01,0.02,0.01,0.01,0.12,0.07,,0.00,0.00,0.00,0.01,0.25,0.04,,0.19,0.01,0.01,0.04,0.01,0.00,0.00
chc-lia-nonlin-0169.smt2,,,,,,,,,,,1,1,,,2,,,,2,,,3,,2,,,,,1,,,,,23.60,9.85,sat,0.03,0.00,0.00,0.00,0.00,0.00,0.01,0.00,,,0.00,0.00,0.00,0.01,0.00,,0.01,0.00,0.00,0.00,0.00,,
chc-lia-nonlin-0170.smt2,,,,2,2,,,2,1,,4,4,,,13,,3,,8,29,,20,,15,18,2,,,15,2,,,,31.48,14.72,sat,0.11,0.02,0.00,0.01,0.00,0.00,0.04,0.02,,0.00,0.00,0.00,0.00,0.08,0.01,,0.06,0.01,0.00,0.00,0.00,,0.00
chc-lia-nonlin-0171.smt2,2,,,,,,,,,,2,2,,,2,,,,,2,,3,,2,,2,,,2,1,,,,34.08,10.49,unsat,0.04,0.00,0.00,0.00,0.00,0.00,0.01,0.00,,,0.00,0.00,0.00,0.01,0.00,,0.01,0.00,0.00,0.00,0.00,,0.00
chc-lia-nonlin-0172.smt2,,,,,,,,2,,,4,4,,,20,,3,,14,34,6,27,,20,19,,,,22,,,,,34.52,17.15,sat,0.16,0.03,0.01,0.02,0.00,0.01,0.05,0.03,,0.00,0.00,0.00,0.00,0.12,0.01,,0.10,0.01,0.00,0.01,0.00,,
chc-lia-nonlin-0173.smt2,2,,,,,,,,,,2,2,,,2,,,,,2,,3,,2,,2,,,2,1,,,,35.52,11.46,unsat,0.04,0.00,0.00,0.00,0.00,0.00,0.01,0.00,,,0.00,0.00,0.00,0.02,0.00,,0.01,0.00,0.00,0.00,0.00,,0.00
chc-lia-nonlin-0174.smt2,,,,3,2,,,2,3,1,8,8,,,21,2,23,,41,145,2,76,,36,57,2,,,66,2,3,1,,85.36,50.19,sat,1.15,0.33,0.11,0.20,0.03,0.07,0.59,0.37,,0.00,0.00,0.00,0.02,1.09,0.13,,0.93,0.04,0.05,0.31,0.01,0.00,0.00
chc-lia-nonlin-0175.smt2,4,,,,,,,,,,4,4,,,12,,3,,2,22,2,17,,13,6,4,,,16,1,,,,40.92,14.64,unsat,0.10,0.01,0.00,0.00,0.00,0.00,0.03,0.02,,0.00,0.00,0.00,0.00,0.07,0.01,,0.05,0.01,0.00,0.00,0.00,,0.00
chc-lia-nonlin-0176.smt2,,,,,,,,3,,,7,7,,,19,,13,,16,64,3,45,,17,25,,,,37,,,,,43.76,23.63,sat,0.34,0.08,0.02,0.05,0.01,0.02,0.15,0.09,,0.00,0.00,0.00,0.01,0.30,0.03,,0.25,0.02,0.01,0.07,0.00,,
chc-lia-nonlin-0177.smt2,,,,3,2,,,2,3,1,8,8,,,21,2,23,,41,145,2,76,,36,57,2,,,66,2,3,1,,85.36,50.19,sat,1.15,0.32,0.11,0.20,0.03,0.07,0.58,0.37,,0.00,0.00,0.00,0.02,1.08,0.13,,0.92,0.04,0.05,0.31,0.01,0.00,0.00
chc-lia-nonlin-0178.smt2,,,,,,,,3,2,1,7,7,,,23,4,23,1,33,160,4,69,,30,81,,,,60,,2,1,,82.92,48.33,sat,0.97,0.25,0.08,0.15,0.03,0.05,0.50,0.29,0.00,0.00,0.00,0.00,0.01,0.90,0.11,,0.77,0.04,0.04,0.25,0.01,0.00,
chc-lia-nonlin-0179.smt2,,,,,,,,3,1,,6,6,,,21,2,10,,14,63,3,39,,14,25,,,,32,,,,,44.64,24.51,sat,0.32,0.07,0.02,0.04,0.01,0.02,0.14,0.09,,0.00,0.00,0.00,0.01,0.28,0.03,,0.22,0.02,0.01,0.06,0.00,,
chc-lia-nonlin-0180.smt2,2,,,,,,,,,,2,2,,,2,,,,,2,,3,,2,,2,,,2,1,,,,38.80,13.08,unsat,0.05,0.00,0.00,0.00,0.00,0.00,0.01,0.00,,,0.00,0.00,0.00,0.02,0.00,,0.01,0.00,0.00,0.00,0.00,,0.00
chc-lia-nonlin-0181.smt2,,,,,,,,2,,,5,5,,,18,,4,,14,43,3,34,,16,21,,,,28,,,,,39.60,21.02,sat,0.24,0.04,0.01,0.02,0.00,0.01,0.10,0.06,,0.00,0.00,0.00,0.01,0.20,0.02,,0.16,0.01,0.01,0.05,0.00,,
chc-lia-nonlin-0182.smt2,2,,,,,,,,,,2,2,,,2,,,,,2,,3,,2,,2,,,2,1,,,,39.56,14.03,unsat,0.05,0.00,0.00,0.00,0.00,0.00,0.01,0.00,,,0.00,0.00,0.00,0.02,0.00,,0.01,0.00,0.00,0.00,0.00,,0.00
chc-lia-nonlin-0183.smt2,6,,,2,1,1,,,,,6,6,,,10,,4,,2,30,1,21,,17,10,6,,,19,2,,,,40.00,13.92,unsat,0.12,0.01,0.00,0.00,0.00,0.00,0.03,0.02,,0.00,0.00,0.00,0.00,0.08,0.01,,0.05,0.01,0.00,0.00,0.00,,0.01
chc-lia-nonlin-0184.smt2,,,,,,,,5,,,7,7,,,23,,16,,17,95,2,38,,25,62,4,,,33,11,,,,98.72,35.51,sat,0.20,0.01,0.00,0.00,0.00,0.00,0.08,0.03,,0.00,0.01,0.00,0.01,0.15,0.03,0.00,0.09,0.01,0.00,0.01,0.00,,0.01
chc-lia-nonlin-0185.smt2,,,,,,,,,,,2,2,,,3,,,,3,3,,6,,3,1,,,,3,,,,,30.12,13.84,sat,0.05,0.00,0.00,0.00,0.00,0.00,0.01,0.00,,,0.00,0.00,0.00,0.02,0.00,,0.01,0.00,0.00,0.00,0.00,,
chc-lia-nonlin-0186.smt2,33,211,,70,1,71,,,8,1,33,33,,47,234,26,296,13,19,2174,41,500,2,467,1097,33,,6,510,1,137,39,,227.68,127.61,unsat,6.99,0.36,0.08,0.14,0.06,0.10,4.38,2.89,,0.14,0.00,0.00,0.19,6.85,2.03,,4.66,0.57,0.55,0.93,0.36,0.00,0.14
chc-lia-nonlin-0187.smt2,,,,,,,,,,,1,1,,,2,,,,2,,,3,,2,,,,,1,,,,,32.36,13.54,sat,0.06,0.00,0.00,0.00,0.00,0.00,0.03,0.00,,,0.00,0.00,0.00,0.03,0.00,,0.03,0.00,0.00,0.00,0.00,,
chc-lia-nonlin-0188.smt2,2,,,,,,2,,,,2,2,,,2,,,,,2,,3,,3,,2,,,3,1,,,,50.60,17.90,unsat,0.09,0.00,0.00,0.00,0.00,0.00,0.03,0.01,0.01,,0.00,0.00,0.00,0.04,0.00,,0.03,0.00,0.00,0.00,0.00,,0.00
chc-lia-nonlin-0189.smt2,4,,,,,,22,,,,4,4,,,38,,,,20,54,11,44,,43,36,4,,,45,3,,,,82.04,35.26,unsat,1.16,0.03,0.00,0.01,0.00,0.01,0.94,0.58,0.27,0.00,0.00,0.00,0.02,1.07,0.08,,0.98,0.05,0.01,0.14,0.00,,0.02
chc-lia-nonlin-0190.smt2,4,,,,,,20,,,,4,4,,,37,,,,20,55,10,43,,42,31,4,,,44,3,,,,107.28,47.96,unsat,22.68,0.04,0.01,0.01,0.00,0.02,22.45,21.92,0.42,0.00,0.00,0.00,0.02,22.59,0.12,,22.46,0.05,0.01,0.23,0.00,,0.03
chc-lia-nonlin-0191.smt2,,,,,,,13,2,,,3,3,,,13,,1,,7,16,1,18,,14,6,,,,15,,,,,50.84,25.05,sat,0.28,0.02,0.00,0.01,0.00,0.01,0.16,0.02,0.09,0.00,0.00,0.00,0.01,0.21,0.03,,0.17,0.02,0.00,0.06,0.00,,0.00
chc-lia-nonlin-0192.smt2,,,,,,,,,,,,,,,,,,,,,,,,,,,,,,,,,,9.04,5.50,sat,0.00,,,,,,,,,,0.00,,,,,,,,,,,,
chc-lia-nonlin-0193.smt2,,,,,,,,,,,1,1,,,2,,,,2,,,3,,2,,,,,1,,,,,28.80,12.60,sat,0.06,0.00,0.00,0.00,0.00,0.00,0.02,0.00,,,0.00,0.00,0.00,0.02,0.00,,0.02,0.00,0.00,0.00,0.00,,
chc-lia-nonlin-0194.smt2,,,,,,,,,,,1,1,,,2,,,,2,1,1,3,,2,1,,,,1,,,,,47.12,22.61,sat,0.07,0.00,0.00,0.00,0.00,0.00,0.02,0.00,,,0.00,0.00,0.00,0.02,0.00,,0.02,0.00,0.00,0.00,0.00,,
chc-lia-nonlin-0195.smt2,,,,,,,,,,,,,,,,,,,,,,,,1,,,,,,,,,,24.20,7.04,unsat,0.02,,,,,,0.00,0.00,,,0.00,0.00,,0.00,,,0.00,,,,,,
chc-lia-nonlin-0196.smt2,,,,,,,,,,,,,,,,,,,,,,,,1,,,,,,,,,,24.04,6.85,unsat,0.02,,,,,,0.00,0.00,,,0.00,0.00,,0.00,,,0.00,,,,,,
chc-lia-nonlin-0197.smt2,,,,,,,,,,,,,,,,,,,,,,,,1,,,,,,,,,,24.36,7.16,unsat,0.02,,,,,,0.00,0.00,,,0.00,0.00,,0.00,,,0.00,,,,,,
chc-lia-nonlin-0198.smt2,,,,,,,,,,,,,,,,,,,,,,,,1,,,,,,,,,,24.36,7.16,unsat,0.02,,,,,,0.00,0.00,,,0.00,0.00,,0.00,,,0.00,,,,,,
chc-lia-nonlin-0199.smt2,,,,,,,,2,,,3,3,,,6,,1,,4,12,,9,,5,7,,,,5,1,,,,60.80,21.65,sat,0.08,0.00,0.00,0.00,0.00,0.00,0.02,0.01,,0.00,0.01,0.00,0.00,0.04,0.01,,0.03,0.01,0.00,0.00,0.00,,
chc-lia-nonlin-0200.smt2,2,,,,,,,,,,2,2,,,2,,,,,2,,3,,2,,2,,,2,1,,,,33.68,10.91,unsat,0.04,0.00,0.00,0.00,0.00,0.00,0.00,0.00,,,0.00,0.00,0.00,0.01,0.00,,0.01,0.00,0.00,0.00,0.00,,0.00
chc-lia-nonlin-0201.smt2,,,,,,,,,,,,,,,,,,,,,,,,,,,,,,,,,,9.76,5.95,sat,0.01,,,,,,,,,,0.00,,,,,,,,,,,,
chc-lia-nonlin-0202.smt2,,,,,,,,2,,,3,3,,,11,,1,,9,6,,15,,9,,,,,11,,,,,75.72,30.82,sat,0.21,0.00,0.00,0.00,0.00,0.00,0.11,0.05,,0.00,0.01,0.00,0.00,0.14,0.02,,0.11,0.01,0.00,0.01,0.00,,
chc-lia-nonlin-0203.smt2,3,,,,,,,,,,3,3,,,5,,2,,,8,,8,,5,1,3,,,6,3,,,,57.96,17.92,unsat,0.08,0.00,0.00,0.00,0.00,0.00,0.01,0.01,,0.00,0.01,0.00,0.00,0.03,0.00,0.00,0.02,0.00,0.00,0.00,0.00,,0.00
chc-lia-nonlin-0204.smt2,3,,,,,,,,,,3,3,,,4,,2,,,9,,7,,5,2,3,,,6,1,,,,57.84,17.93,unsat,0.08,0.00,0.00,0.00,0.00,0.00,0.01,0.01,,0.00,0.01,0.00,0.00,0.03,0.00,0.00,0.02,0.00,0.00,,,,0.00
chc-lia-nonlin-0205.smt2,,,,,,,,,,,,,,,,,,,,,,,,1,,,,,,,,,,25.76,8.26,unsat,0.03,,,,,,0.00,0.00,,,0.00,0.00,,0.00,,,0.00,,,,,,
chc-lia-nonlin-0206.smt2,,,,,,,,11,,,21,21,,,44,,94,,39,229,,116,,39,99,,,,103,24,,,,209.08,76.85,sat,1.09,0.03,0.00,0.01,0.00,0.01,0.70,0.31,,0.00,0.02,0.01,0.04,0.94,0.22,,0.65,0.10,0.00,0.06,0.00,,
chc-lia-nonlin-0207.smt2,,,,,,,,,,,,,,,,,,,,,,,,1,,,,,,,,,,26.80,8.91,unsat,0.04,,,,,,0.00,0.00,,,0.00,0.00,,0.00,,,0.00,,,,,,
chc-lia-nonlin-0208.smt2,,,,,,,,1,,,2,2,,,4,,,,3,2,,6,,3,,,,,3,,,,,55.48,22.40,sat,0.09,0.00,0.00,0.00,0.00,0.00,0.02,0.01,,,0.01,0.00,0.00,0.03,0.00,,0.02,0.00,0.00,0.00,0.00,,
chc-lia-nonlin-0209.smt2,,,,,,,,1,,,2,2,,,4,,,,3,2,,6,,3,,,,,3,,,,,55.48,22.40,sat,0.10,0.00,0.00,0.00,0.00,0.00,0.02,0.01,,,0.01,0.00,0.00,0.03,0.00,,0.02,0.00,0.00,0.00,0.00,,
chc-lia-nonlin-0210.smt2,,,,,,,,,,,,,,,,,,,,,,,,1,,,,,,,,,,25.76,8.24,unsat,0.03,,,,,,0.00,0.00,,,0.00,0.00,,0.00,,,0.00,,,,,,
chc-lia-nonlin-0211.smt2,14,,,,,,,,,,14,14,,,34,,55,,16,135,,76,,43,33,16,,,78,11,,,,314.52,103.47,unsat,0.71,0.02,0.00,0.01,0.00,0.01,0.31,0.17,,0.00,0.04,0.01,0.03,0.51,0.05,0.02,0.40,0.04,0.00,0.03,0.00,,0.08
chc-lia-nonlin-0212.smt2,,,,1,3,6,,7,1,1,11,11,,,43,,60,,35,311,2,125,,69,180,24,,,113,90,3,2,,890.64,393.89,sat,2.44,0.11,0.02,0.05,0.01,0.04,1.49,0.46,,0.00,0.02,0.01,0.08,1.94,0.69,0.05,1.20,0.10,0.01,0.24,0.01,0.00,0.10
chc-lia-nonlin-0213.smt2,,,,,,,,4,,,5,5,,,16,,9,,12,17,,27,,12,,,,,21,,,,,163.72,62.46,sat,0.59,0.01,0.00,0.00,0.00,0.00,0.38,0.21,,0.00,0.02,0.01,0.02,0.46,0.07,,0.37,0.04,0.00,0.01,0.00,,
chc-lia-nonlin-0214.smt2,,,,,,,,4,,,5,5,,,16,,9,,12,17,,27,,12,,,,,21,,,,,163.72,62.46,sat,0.62,0.01,0.00,0.00,0.00,0.00,0.40,0.22,,0.00,0.02,0.01,0.02,0.48,0.07,,0.39,0.04,0.00,0.01,0.00,,
chc-lia-nonlin-0215.smt2,,,,,,,,,,,,,,,,,,,,,,,,1,,,,,,,,,,27.88,9.88,unsat,0.05,,,,,,0.00,0.00,,,0.00,0.00,,0.00,,,0.00,,,,,,
chc-lia-nonlin-0216.smt2,16,,,3,,2,,,1,,16,16,,1,55,,149,,15,529,18,127,,61,243,18,,,131,8,,,,335.28,118.38,unsat,0.82,0.03,0.00,0.01,0.00,0.01,0.40,0.17,,0.00,0.04,0.01,0.03,0.63,0.13,0.00,0.44,0.05,0.01,0.03,0.00,,0.05
chc-lia-nonlin-0217.smt2,,,,,,,,,,,,,,,,,,,,,,,,1,,,,,,,,,,28.64,10.35,unsat,0.07,,,,,,0.00,0.00,,,0.00,0.00,,0.00,,,0.00,,,,,,
chc-lia-nonlin-0218.smt2,,,,,,,,,,,,,,,,,,,,,,,,1,,,,,,,,,,27.00,9.17,unsat,0.05,,,,,,0.00,0.00,,,0.00,0.00,,0.00,,,0.00,,,,,,
chc-lia-nonlin-0219.smt2,6,,,,,,,,,,5,5,,,11,,7,,2,26,,19,,15,5,9,,,18,8,,,,135.72,46.57,unsat,0.30,0.00,0.00,0.00,0.00,0.00,0.11,0.07,,0.00,0.02,0.01,0.01,0.16,0.02,0.01,0.13,0.01,0.00,0.00,0.00,,0.05
chc-lia-nonlin-0220.smt2,3,,,,,,,,,,3,3,,,8,,1,,1,13,2,11,,8,4,3,,,10,8,,,,129.80,44.20,unsat,0.20,0.00,0.00,0.00,0.00,0.00,0.07,0.04,,0.00,0.02,0.01,0.00,0.09,0.02,,0.07,0.00,0.00,0.00,0.00,,0.00
chc-lia-nonlin-0221.smt2,,,,,,,,,,,,,,,,,,,,,,,,1,,,,,,,,,,28.52,10.30,unsat,0.06,,,,,,0.00,0.00,,,0.00,0.00,,0.00,,,0.00,,,,,,
chc-lia-nonlin-0222.smt2,,,,,,,,5,,,7,7,,,13,,13,,8,35,,29,,8,6,,,,21,,,,,165.76,64.87,sat,0.47,0.01,0.00,0.00,0.00,0.00,0.25,0.14,,0.00,0.02,0.01,0.01,0.30,0.07,,0.21,0.02,0.00,0.01,0.00,,
chc-lia-nonlin-0223.smt2,5,,,,,,,,,,5,5,,,20,,18,,1,40,,42,,22,2,5,,,41,4,,,,261.28,84.29,unsat,0.35,0.00,0.00,0.00,0.00,0.00,0.11,0.06,,0.00,0.04,0.01,0.01,0.18,0.02,0.01,0.14,0.02,0.00,0.00,0.00,,0.01
chc-lia-nonlin-0224.smt2,10,,,,,,,,,,10,10,,,24,,23,,13,64,,49,,36,14,12,,,49,8,,,,326.04,115.70,unsat,1.06,0.01,0.00,0.00,0.00,0.01,0.56,0.41,,0.00,0.03,0.01,0.08,0.79,0.08,0.11,0.68,0.05,0.00,0.03,0.00,,0.15
chc-lia-nonlin-0225.smt2,,,,,,,,9,,,11,11,,,42,,52,,29,101,1,77,,33,9,2,,,68,15,,,,337.88,125.73,sat,0.99,0.03,0.00,0.01,0.00,0.01,0.47,0.22,,0.00,0.06,0.02,0.04,0.65,0.07,0.02,0.54,0.06,0.00,0.07,0.00,,0.02
chc-lia-nonlin-0226.smt2,,,,,,,,16,,,20,20,,,41,,114,,25,317,9,109,,29,152,2,,,97,8,,,,358.80,131.69,sat,1.11,0.03,0.00,0.01,0.00,0.01,0.52,0.25,,0.00,0.04,0.01,0.06,0.81,0.13,0.02,0.62,0.11,0.00,0.03,0.00,,0.04
chc-lia-nonlin-0227.smt2,5,,,,,,,,,,4,4,,,11,,7,,2,22,,18,,18,4,6,,,17,12,,,,252.16,85.85,unsat,0.64,0.00,0.00,0.00,0.00,0.00,0.28,0.20,,0.00,0.03,0.01,0.05,0.40,0.04,0.09,0.34,0.02,0.00,0.00,0.00,,0.05
chc-lia-nonlin-0228.smt2,,,,,,,,9,,,11,11,,,25,,26,,20,77,,58,,20,17,,,,47,,,,,246.80,93.25,sat,1.19,0.02,0.00,0.00,0.00,0.01,0.76,0.51,,0.00,0.04,0.01,0.05,0.93,0.14,,0.75,0.09,0.00,0.23,0.00,,
chc-lia-nonlin-0229.smt2,5,,,,,,,,,,4,4,,,24,,8,,1,29,,38,,29,2,6,,,37,12,,,,351.36,114.94,unsat,0.63,0.00,0.00,0.00,0.00,0.00,0.26,0.16,,0.00,0.05,0.02,0.04,0.37,0.03,0.07,0.32,0.03,0.00,0.00,0.00,,0.04
chc-lia-nonlin-0230.smt2,35,1,,97,48,19,,,13,,35,35,,10,130,,460,,40,1423,49,298,,253,675,83,,18,370,184,,,,1283.48,478.08,unsat,12.20,0.35,0.03,0.08,0.10,0.14,8.53,5.16,,0.01,0.09,0.03,0.56,10.69,2.76,0.26,7.78,0.60,0.12,0.73,0.13,,0.89
chc-lia-nonlin-0231.smt2,,,,,,,,5,,,8,8,,,24,,18,,16,48,,45,,23,5,4,,,37,25,,,,275.88,112.55,sat,0.99,0.02,0.00,0.01,0.00,0.01,0.55,0.34,,0.00,0.03,0.01,0.04,0.71,0.09,0.02,0.60,0.05,0.00,0.11,0.00,,0.04
chc-lia-nonlin-0232.smt2,8,,,,,,,,,,8,8,,,22,,16,,10,49,3,36,,26,10,12,,,35,13,,,,366.56,132.87,unsat,1.15,0.01,0.00,0.00,0.00,0.01,0.59,0.40,,0.00,0.03,0.01,0.06,0.79,0.11,0.05,0.66,0.05,0.00,0.05,0.00,,0.19
chc-lia-nonlin-0233.smt2,6,,,,,,,,,,6,6,,,16,,9,,6,29,1,27,,17,4,8,,,25,24,,,,296.00,112.87,unsat,0.86,0.01,0.00,0.00,0.00,0.00,0.43,0.25,,0.00,0.03,0.01,0.04,0.55,0.07,0.02,0.46,0.03,0.00,0.02,0.00,,0.06
chc-lia-nonlin-0234.smt2,8,,,,,,,,,,8,8,,,30,,20,,11,69,,45,,33,15,12,,,43,51,,,,534.56,182.21,unsat,2.52,0.02,0.00,0.01,0.00,0.01,1.59,1.19,,0.00,0.05,0.02,0.17,2.01,0.26,0.22,1.72,0.12,0.00,0.28,0.00,,0.32
chc-lia-nonlin-0235.smt2,,,,,,,,5,,,8,8,,,24,,18,,16,48,,45,,23,5,4,,,37,25,,,,276.04,113.15,sat,1.02,0.02,0.00,0.01,0.00,0.01,0.57,0.35,,0.00,0.03,0.01,0.04,0.74,0.08,0.02,0.63,0.05,0.00,0.12,0.00,,0.04
chc-lia-nonlin-0236.smt2,8,,,,,,,,,,8,8,,,35,,27,,14,82,1,55,,36,16,12,,,54,48,,,,579.12,195.73,unsat,2.76,0.03,0.00,0.01,0.00,0.01,1.79,1.35,,0.00,0.05,0.02,0.18,2.21,0.28,0.21,1.91,0.14,0.00,0.41,0.00,,0.30
chc-lia-nonlin-0237.smt2,,,,,,,,,,,,,,,,,,,,,,,,1,,,,,,,,,,43.48,18.27,unsat,0.19,,,,,,0.00,0.00,,,0.00,0.00,,0.00,,,0.00,,,,,,
chc-lia-nonlin-0238.smt2,,,,,,,,,,,,,,,,,,,,,,,,1,,,,,,,,,,45.72,19.20,unsat,0.20,,,,,,0.00,0.00,,,0.00,0.00,,0.00,,,0.00,,,,,,
chc-lia-nonlin-0239.smt2,28,,,5,,5,,,13,1,28,28,,,170,,220,2,126,513,7,275,,172,159,29,,,274,82,13,13,,907.00,320.78,unsat,4.91,0.16,0.02,0.05,0.01,0.08,3.09,1.87,,0.01,0.08,0.04,0.24,4.21,0.50,0.04,3.58,0.43,0.07,0.82,0.03,0.00,0.32
chc-lia-nonlin-0240.smt2,8,,,2,,7,,,,,8,8,,,30,,38,,7,149,19,60,,30,61,11,,,56,12,,,,470.64,165.52,unsat,0.94,0.01,0.00,0.00,0.00,0.01,0.38,0.20,,0.00,0.07,0.03,0.04,0.56,0.10,0.03,0.43,0.05,0.00,0.01,0.00,,0.10
chc-lia-nonlin-0241.smt2,,,,,,,,,,,,,,,,,,,,,,,,1,,,,,,,,,,46.32,19.84,unsat,0.22,,,,,,0.00,0.00,,,0.00,0.00,,0.00,,,0.00,,,,,,
chc-lia-nonlin-0242.smt2,,,,,,,,7,,,9,9,,,36,,21,,27,52,,59,,36,3,8,,,51,49,,,,514.84,191.40,sat,2.73,0.04,0.00,0.01,0.00,0.02,1.89,1.22,,0.00,0.05,0.02,0.14,2.29,0.23,0.08,2.02,0.18,0.00,0.36,0.00,,0.17
chc-lia-nonlin-0243.smt2,,,,3,2,3,,6,2,,9,9,,,52,,34,,35,101,3,88,,77,11,20,,,81,214,,,,943.24,341.26,sat,9.90,0.10,0.01,0.02,0.01,0.06,7.98,5.98,,0.00,0.08,0.04,0.50,9.17,1.14,0.27,8.00,0.58,0.02,1.69,0.00,,0.46
chc-lia-nonlin-0244.smt2,,,,,,,,,,,,,,,,,,,,,,,,1,,,,,,,,,,45.96,20.13,unsat,0.22,,,,,,0.00,0.00,,,0.00,0.00,,0.00,,,0.00,,,,,,
chc-lia-nonlin-0245.smt2,,,,,,,,5,,,7,7,,,27,,13,,18,32,,41,,28,2,7,,,34,65,,,,476.60,178.48,sat,3.65,0.03,0.00,0.01,0.00,0.02,2.78,1.93,,0.00,0.06,0.02,0.21,3.22,0.23,0.14,2.97,0.19,0.00,0.60,0.00,,0.22
chc-lia-nonlin-0246.smt2,,,,1,1,,,6,1,,9,9,,,49,,51,,41,134,5,99,,79,20,19,,,93,198,,,,978.64,350.86,sat,9.28,0.10,0.01,0.03,0.01,0.06,7.41,5.61,,0.00,0.08,0.04,0.48,8.55,1.17,0.26,7.35,0.53,0.01,1.87,0.00,,0.42
chc-lia-nonlin-0247.smt2,,,,3,2,15,,7,3,,9,9,,,61,,44,,45,142,7,111,,93,22,18,,,103,223,,,,1032.60,366.76,sat,10.41,0.12,0.01,0.03,0.01,0.07,8.39,6.36,,0.00,0.08,0.04,0.52,9.65,1.66,0.24,7.96,0.65,0.02,2.07,0.00,,0.37
chc-lia-nonlin-0248.smt2,,,,,,,,,,,,,,,,,,,,,,,,1,,,,,,,,,,48.16,20.77,unsat,0.22,,,,,,0.00,0.00,,,0.00,0.00,,0.00,,,0.00,,,,,,
chc-lia-nonlin-0249.smt2,26,8,,65,,48,,,3,,26,26,,15,101,1,265,,24,811,139,261,,149,320,30,,5,280,8,,,,883.08,322.32,unsat,3.58,0.13,0.01,0.04,0.01,0.06,2.15,0.96,,0.00,0.08,0.03,0.14,2.97,0.41,0.02,2.47,0.28,0.04,0.38,0.04,,0.28
chc-lia-nonlin-0250.smt2,20,,,19,18,2,,,6,,18,18,,,79,,139,,40,337,9,153,,107,92,50,,1,163,47,,,,1335.04,481.01,unsat,7.41,0.12,0.01,0.03,0.01,0.07,4.79,3.52,,0.00,0.10,0.03,0.43,6.11,0.69,0.21,5.35,0.49,0.02,0.82,0.01,,1.20
chc-lia-nonlin-0251.smt2,,,,1,1,,,6,1,,9,9,,,49,,42,,42,128,5,99,,72,19,17,,,93,187,,,,953.52,344.04,sat,9.04,0.10,0.01,0.03,0.01,0.06,7.22,5.50,,0.00,0.08,0.04,0.44,8.31,1.25,0.22,7.03,0.53,0.01,1.95,0.00,,0.40
chc-lia-nonlin-0252.smt2,21,,,8,,,,,2,,21,21,,3,99,,633,,10,3535,452,233,,105,2308,24,,,241,8,,,,1597.76,550.03,unsat,3.21,0.06,0.00,0.02,0.01,0.02,1.94,0.70,,0.00,0.14,0.05,0.06,2.54,1.25,0.01,1.20,0.13,0.02,0.09,0.01,,0.12
chc-lia-nonlin-0253.smt2,21,,,5,5,,,,,,21,21,,,95,,401,,16,1536,47,194,,117,900,36,,,204,41,,,,1419.68,500.08,unsat,4.76,0.08,0.01,0.02,0.01,0.04,3.30,1.65,,0.00,0.09,0.04,0.17,4.04,1.63,0.07,2.33,0.24,0.02,0.29,0.00,,0.50
chc-lia-nonlin-0254.smt2,78,67,,309,165,117,9,,36,2,66,66,,181,1431,,3893,41,624,18753,218,2096,8,2014,12576,449,22,35,2326,821,58,70,,13736.56,4708.27,unsat,194.81,7.60,0.90,3.15,0.80,2.87,162.00,91.87,0.17,0.41,0.12,0.05,5.58,190.81,59.93,1.56,130.58,7.52,3.93,45.63,2.06,0.00,9.13
chc-lia-nonlin-0255.smt2,,,,76,32,23,4,29,17,2,34,34,,,117,,208,22,121,1289,239,315,,331,937,79,4,13,367,238,30,26,,1439.20,563.46,sat,19.00,0.49,0.06,0.16,0.04,0.23,14.45,8.32,0.08,0.01,0.10,0.05,1.07,17.88,3.96,0.50,13.78,1.26,0.18,2.68,0.18,0.00,1.54
chc-lia-nonlin-0256.smt2,,,,,,,,16,4,1,18,18,,,45,,83,2,29,284,3,88,,76,124,25,,,85,78,2,2,,2054.36,723.16,sat,26.36,0.11,0.01,0.03,0.01,0.06,22.40,18.28,,0.00,0.17,0.06,1.35,25.04,4.73,2.98,20.23,0.64,0.02,1.82,0.01,0.00,6.10
chc-lia-nonlin-0257.smt2,,,,1,,1,,23,9,1,25,25,,,127,,201,4,101,458,5,227,,130,141,22,,,221,51,4,4,,1085.44,382.01,sat,5.10,0.14,0.01,0.04,0.01,0.07,3.19,1.91,,0.01,0.11,0.05,0.23,4.22,0.64,0.06,3.48,0.45,0.04,0.70,0.02,0.00,0.26
chc-lia-nonlin-0258.smt2,,,,1,,1,,23,9,1,25,25,,,127,,201,4,101,458,5,227,,130,141,22,,,221,51,4,4,,1085.44,382.01,sat,5.48,0.14,0.01,0.04,0.01,0.07,3.46,2.08,,0.01,0.11,0.06,0.23,4.52,0.74,0.06,3.66,0.45,0.05,0.74,0.02,0.00,0.28
chc-lia-nonlin-0259.smt2,6,,,,,,,,,,6,6,,,56,,29,,3,342,21,112,,56,187,6,,,111,192,,,,1723.96,536.97,unsat,5.97,0.02,0.00,0.00,0.00,0.01,4.53,2.20,,0.00,0.24,0.11,0.15,4.93,0.83,,4.08,0.24,0.00,0.00,0.00,,0.19
chc-lia-nonlin-0260.smt2,,,,,,,,8,,,10,10,,,57,,45,,41,93,3,93,,77,8,18,,,86,185,,,,1447.40,529.62,sat,14.41,0.12,0.01,0.03,0.01,0.07,11.61,8.52,,0.00,0.17,0.07,0.68,13.19,1.33,0.35,11.82,0.79,0.01,2.29,0.00,,0.86
chc-lia-nonlin-0261.smt2,6,,,,,,,,,,6,6,,,54,,27,,3,346,17,110,,54,193,6,,,109,192,,,,1727.36,538.20,unsat,5.85,0.02,0.00,0.00,0.00,0.01,4.44,2.19,,0.00,0.24,0.11,0.13,4.82,0.83,,3.97,0.22,0.00,0.00,0.00,,0.19
chc-lia-nonlin-0262.smt2,6,,,,,,,,,,6,6,,,56,,30,,3,356,18,112,,56,201,6,,,111,192,,,,1733.00,539.89,unsat,5.95,0.02,0.00,0.00,0.00,0.01,4.49,2.20,,0.00,0.25,0.11,0.15,4.90,0.84,,4.04,0.24,0.00,0.00,0.00,,0.19
chc-lia-nonlin-0263.smt2,6,,,,,,,,,,6,6,,,56,,30,,3,356,18,112,,56,201,6,,,111,192,,,,1733.00,539.89,unsat,5.91,0.02,0.00,0.00,0.00,0.01,4.47,2.20,,0.00,0.24,0.10,0.15,4.88,0.84,,4.02,0.24,0.00,0.00,0.00,,0.19
chc-lia-nonlin-0264.smt2,,,,6,6,,,12,4,,14,14,,,60,,109,,47,237,11,139,,93,45,22,,,130,227,,,,1669.92,596.00,sat,17.42,0.19,0.02,0.04,0.01,0.12,14.12,10.93,,0.01,0.16,0.07,0.78,16.05,2.36,0.32,13.64,0.97,0.03,2.95,0.01,,0.77
chc-lia-nonlin-0265.smt2,,,,,,,,6,,,8,8,,,35,,18,,27,57,6,56,,43,8,8,,,49,98,,,,852.80,315.53,sat,8.78,0.06,0.01,0.01,0.00,0.03,6.80,4.80,,0.00,0.14,0.07,0.46,7.75,0.70,0.55,7.01,0.40,0.01,1.63,0.00,,1.31
chc-lia-nonlin-0266.smt2,18,,,10,1,14,,,10,,16,16,,4,120,,300,,37,1153,68,211,,143,579,28,,,209,139,,,,2191.40,749.80,unsat,11.08,0.17,0.02,0.05,0.01,0.09,7.91,4.93,,0.01,0.18,0.09,0.53,9.51,2.34,0.26,7.10,0.65,0.04,0.97,0.03,,0.88
chc-lia-nonlin-0267.smt2,26,1,,98,,58,59,,8,4,26,26,1,67,202,1,887,6,18,4060,546,419,,234,2426,30,1,1,410,15,61,79,,2824.76,986.71,unsat,9.34,0.31,0.03,0.10,0.03,0.11,6.33,2.31,0.36,0.02,0.22,0.09,0.17,8.15,2.36,0.02,5.67,0.42,0.17,0.80,0.15,0.00,0.55
chc-lia-nonlin-0268.smt2,6,,,,,,,,,,6,6,,,60,,31,,3,386,29,121,,60,218,6,,,120,192,,,,1860.44,575.21,unsat,6.15,0.02,0.00,0.00,0.00,0.01,4.62,2.25,,0.00,0.27,0.11,0.13,5.03,0.85,,4.15,0.23,0.00,0.00,0.00,,0.19
chc-lia-nonlin-0269.smt2,45,27,,117,40,61,,,22,2,35,35,,27,263,1,305,,58,964,57,482,,568,431,108,6,61,734,368,11,9,,4093.68,1367.64,unsat,33.33,0.71,0.08,0.23,0.06,0.33,25.52,14.61,,0.01,0.18,0.10,1.32,30.68,3.20,0.35,27.32,2.03,0.39,5.91,0.31,0.00,2.04
chc-lia-nonlin-0270.smt2,,,,18,16,6,,11,5,,16,16,,6,85,,157,,69,639,21,182,,145,304,47,,,171,355,,,,2194.84,836.09,sat,42.87,0.43,0.04,0.11,0.03,0.26,37.72,29.14,,0.01,0.11,0.06,1.27,41.28,10.34,0.65,30.88,1.59,0.08,9.95,0.04,,1.42
chc-lia-nonlin-0271.smt2,13,,,9,10,13,,,3,,12,12,,,114,,120,,47,1156,27,196,,157,796,42,,,194,245,,,,2322.64,782.69,unsat,15.50,0.19,0.02,0.05,0.02,0.10,12.45,7.53,,0.01,0.16,0.09,0.61,14.29,5.13,0.34,9.11,0.78,0.04,1.48,0.01,,0.80
chc-lia-nonlin-0272.smt2,12,,,,,,,,,,12,12,,,72,,196,,12,1004,28,137,,67,578,12,,,136,148,,,,2059.60,668.71,unsat,5.39,0.04,0.00,0.01,0.00,0.02,3.72,2.20,,0.00,0.25,0.11,0.20,4.30,1.40,0.01,2.85,0.31,0.01,0.15,0.00,,0.19
chc-lia-nonlin-0273.smt2,12,,,,,,,,,,12,12,,,71,,199,,12,990,22,136,,68,564,12,,,135,292,,,,2404.60,775.71,unsat,12.49,0.05,0.00,0.01,0.00,0.03,10.29,6.57,,0.00,0.30,0.13,0.26,11.02,3.05,0.01,7.92,0.43,0.00,0.76,0.00,,0.41
chc-lia-nonlin-0274.smt2,12,,,,,,,,,,12,12,,,78,,224,,12,1119,26,149,,73,645,12,,,148,148,,,,2225.96,716.93,unsat,5.47,0.04,0.00,0.01,0.00,0.02,3.72,2.25,,0.00,0.27,0.12,0.23,4.34,1.37,0.01,2.92,0.35,0.01,0.27,0.00,,0.18
chc-lia-nonlin-0275.smt2,,,,9,6,3,,8,6,,14,14,,,63,,96,,61,196,5,133,,112,23,23,,,125,204,,,,1925.52,686.78,sat,18.35,0.18,0.02,0.05,0.01,0.10,14.75,11.36,,0.00,0.18,0.09,0.80,16.64,2.18,0.31,14.41,0.92,0.03,3.79,0.01,,0.80
chc-lia-nonlin-0276.smt2,12,,,,,,,,,,12,12,,,77,,224,,12,1134,32,148,,72,660,12,,,147,292,,,,2655.84,845.02,unsat,13.29,0.06,0.00,0.01,0.00,0.04,10.86,6.95,,0.00,0.35,0.14,0.30,11.68,3.28,0.02,8.34,0.47,0.00,0.83,0.00,,0.47
chc-lia-nonlin-0277.smt2,12,,,,,,,,,,12,12,,,81,,237,,12,1214,30,155,,78,713,12,,,154,148,,,,2332.24,747.23,unsat,6.42,0.05,0.00,0.01,0.00,0.02,4.53,2.58,,0.00,0.31,0.14,0.19,5.16,1.64,0.02,3.47,0.32,0.01,0.30,0.00,,0.22
chc-lia-nonlin-0278.smt2,,,,1,,3,,10,1,,12,12,,,61,,69,,50,151,4,112,,79,23,16,,,102,189,,,,2138.08,751.33,sat,25.26,0.17,0.02,0.04,0.01,0.11,21.12,16.16,,0.00,0.29,0.12,0.98,23.38,2.46,0.50,20.88,1.17,0.02,5.06,0.00,,1.42
chc-lia-nonlin-0279.smt2,8,,,2,,8,,,,,8,8,,,63,,79,,20,150,1,143,,73,11,12,,,139,86,,,,1301.32,437.77,unsat,5.95,0.06,0.01,0.01,0.00,0.03,3.78,2.60,,0.00,0.22,0.11,0.34,4.63,0.54,0.30,4.06,0.39,0.01,0.81,0.00,,0.46
chc-lia-nonlin-0280.smt2,12,,,,,,,,,,12,12,,,76,,221,,12,1098,25,150,,72,637,12,,,149,292,,,,2756.04,873.61,unsat,15.12,0.06,0.00,0.01,0.00,0.04,12.35,7.21,,0.01,0.45,0.23,0.30,13.24,3.54,0.02,9.64,0.50,0.00,0.67,0.00,,0.51
chc-lia-nonlin-0281.smt2,12,,,,,,,,,,12,12,,,79,,236,,12,1207,30,155,,74,710,12,,,154,292,,,,2829.56,895.22,unsat,15.27,0.06,0.00,0.01,0.00,0.03,12.60,7.41,,0.00,0.47,0.24,0.26,13.42,3.07,0.01,10.30,0.45,0.00,1.51,0.00,,0.49
chc-lia-nonlin-0282.smt2,,,,12,9,1,,41,15,2,41,41,,,142,,375,15,108,1623,88,296,,224,964,53,3,,293,171,11,18,5,3430.36,1188.61,sat,39.23,0.45,0.04,0.12,0.03,0.25,32.79,20.89,,0.02,0.24,0.13,1.37,36.88,12.47,0.58,24.22,1.71,0.14,6.64,0.10,0.00,2.30
chc-lia-nonlin-0283.smt2,,74,,201,,141,,,29,2,49,48,,36,442,,364,13,352,8517,90,736,,767,7540,54,10,31,849,20,50,27,,5675.26,5667.94,timeout,599.28,2.77,0.23,1.02,0.24,1.19,573.25,48.80,,0.07,0.35,0.17,2.79,590.01,136.21,0.82,453.60,3.06,3.10,44.23,2.07,0.00,5.35
