index,SPACER_cex_depth,SPACER_expand_pob_undef,SPACER_inductive_level,SPACER_max_depth,SPACER_max_query_lvl,SPACER_num_active_lemmas,SPACER_num_ctp_blocked,SPACER_num_invariants,SPACER_num_is_invariant,SPACER_num_lemma_jumped,SPACER_num_lemmas,SPACER_num_pobs,SPACER_num_propagations,SPACER_num_queries,SPACER_num_reach_queries,SPACER_num_reuse_reach_facts,max_memory,memory,result,time,time_iuc_solver_get_iuc,time_iuc_solver_get_iuc_hyp_reduce1,time_iuc_solver_get_iuc_hyp_reduce2,time_iuc_solver_get_iuc_learn_core,time_pool_solver_proof,time_pool_solver_smt_total,time_pool_solver_smt_total_sat,time_pool_solver_smt_total_undef,time_spacer_ctp,time_spacer_init_rules,time_spacer_init_rules_pt_init,time_spacer_mbp,time_spacer_solve,time_spacer_solve_propagate,time_spacer_solve_pt_must_reachable,time_spacer_solve_reach,time_spacer_solve_reach_children,time_spacer_solve_reach_gen_bool_ind,time_spacer_solve_reach_is_reach
chc-lia-nonlin-0000.smt2,,,,1,1,3,,3,2,,4,3,2,2,,,16.64,6.17,sat,0.02,0.00,0.00,0.00,0.00,0.00,0.00,0.00,,,0.00,0.00,0.00,0.01,0.00,,0.00,0.00,0.00,
chc-lia-nonlin-0001.smt2,,,,1,1,3,,3,2,,4,3,2,2,,,16.68,6.18,sat,0.03,0.00,0.00,0.00,0.00,0.00,0.00,0.00,,,0.00,0.00,0.00,0.01,0.00,,0.01,0.00,0.00,
chc-lia-nonlin-0002.smt2,,,,1,1,3,,3,2,,4,3,2,2,,,16.68,6.18,sat,0.02,0.00,0.00,0.00,0.00,0.00,0.00,0.00,,,0.00,0.00,0.00,0.01,0.00,,0.00,0.00,0.00,
chc-lia-nonlin-0003.smt2,2,,,2,2,2,,,2,,3,2,,2,2,1,29.56,6.90,unsat,0.04,0.00,0.00,0.00,0.00,0.00,0.00,0.00,,,0.00,0.00,0.00,0.01,0.00,,0.01,0.00,,0.00
chc-lia-nonlin-0004.smt2,,7,3,6,6,7,4,5,17,,18,8,3,17,4,12,23.84,8.92,sat,0.10,0.01,0.00,0.00,0.00,0.00,0.03,0.01,0.00,0.00,0.00,0.00,0.00,0.09,0.01,,0.04,0.01,0.00,0.00
chc-lia-nonlin-0005.smt2,,3,2,4,4,5,1,3,7,,10,4,1,7,2,4,21.68,7.73,sat,0.04,0.00,0.00,0.00,0.00,0.00,0.01,0.00,0.00,0.00,0.00,0.00,0.00,0.03,0.00,,0.01,0.00,0.00,0.00
chc-lia-nonlin-0006.smt2,,,,585,584,2337,,1168,2924,583,2921,2337,1172,2336,1119,2334,813.54,807.84,timeout,597.10,172.89,53.01,111.46,3.90,48.18,360.35,229.02,,4.66,0.00,0.00,17.52,595.36,67.81,65.36,525.38,39.94,88.19,
chc-lia-nonlin-0007.smt2,,,8,9,9,19,1,19,53,6,44,32,29,34,13,32,32.76,15.65,sat,0.22,0.04,0.02,0.02,0.00,0.01,0.09,0.04,,0.00,0.00,0.00,0.01,0.20,0.02,0.01,0.15,0.01,0.02,
chc-lia-nonlin-0008.smt2,,,5,5,5,11,8,3,26,,21,16,6,17,4,12,26.44,10.51,sat,0.07,0.01,0.00,0.00,0.00,0.00,0.02,0.01,,0.00,0.00,0.00,0.00,0.06,0.01,0.00,0.04,0.01,0.00,0.00
chc-lia-nonlin-0009.smt2,2,,,2,2,3,,,2,,4,3,,3,2,1,29.72,7.03,unsat,0.03,0.00,0.00,0.00,0.00,0.00,0.00,0.00,,,0.00,0.00,0.00,0.01,0.00,,0.00,0.00,0.00,0.00
chc-lia-nonlin-0010.smt2,,,2,3,3,5,,3,8,,8,3,4,4,,,21.44,7.69,sat,0.03,0.00,0.00,0.00,0.00,0.00,0.01,0.00,,0.00,0.00,0.00,0.00,0.02,0.00,,0.01,0.00,0.00,
chc-lia-nonlin-0011.smt2,,,,2,2,3,,3,3,,6,3,1,3,,1,17.52,6.58,sat,0.02,0.00,0.00,0.00,0.00,0.00,0.00,0.00,,,0.00,0.00,0.00,0.01,0.00,,0.01,0.00,0.00,
chc-lia-nonlin-0012.smt2,,,,,,,,,,,,,,,,,6.52,3.64,sat,0.00,,,,,,,,,,0.00,,,,,,,,,
chc-lia-nonlin-0013.smt2,,,,,,,,,,,,,,,,,6.48,3.60,sat,0.00,,,,,,,,,,0.00,,,,,,,,,
chc-lia-nonlin-0014.smt2,,,,,,,,,,,,,,,,,6.48,3.60,sat,0.00,,,,,,,,,,0.00,,,,,,,,,
chc-lia-nonlin-0015.smt2,,,,,,,,,,,,1,,,,,20.92,4.59,unsat,0.01,,,,,,0.00,0.00,,,0.00,0.00,,0.00,,,0.00,,,
chc-lia-nonlin-0016.smt2,,,1,1,1,1,,1,,,1,1,,,,,11.96,4.69,sat,0.01,0.00,0.00,0.00,0.00,0.00,0.00,,,,0.00,0.00,,0.00,0.00,,0.00,,,
chc-lia-nonlin-0017.smt2,,,1,1,1,1,,1,,,1,1,,,,,11.96,4.69,sat,0.01,0.00,0.00,0.00,0.00,0.00,0.00,,,,0.00,0.00,,0.00,0.00,,0.00,,,
chc-lia-nonlin-0018.smt2,,,,,,,,,,,,1,,,,,20.92,4.62,unsat,0.01,,,,,,0.00,0.00,,,0.00,0.00,,0.00,,,0.00,,,
chc-lia-nonlin-0019.smt2,,,,1,1,1,,,,,1,1,,,1,2,25.20,5.75,unsat,0.02,0.00,0.00,0.00,0.00,0.00,0.00,0.00,,,0.00,0.00,0.00,0.00,,,0.00,,,
chc-lia-nonlin-0020.smt2,,,1,1,1,1,,1,,,2,1,,,,,15.84,5.83,sat,0.01,0.00,0.00,0.00,0.00,0.00,0.00,,,,0.00,0.00,,0.00,0.00,,0.00,,,
chc-lia-nonlin-0021.smt2,,,,138,137,140,9314,2,9463,,9457,274,9,9319,135,9182,219.68,218.40,timeout,594.96,9.77,2.72,4.81,1.89,1.15,545.89,368.89,,0.91,0.00,0.00,10.25,589.99,1.91,0.66,587.57,22.99,331.28,
chc-lia-nonlin-0022.smt2,,,,,,,,,,,,,,,,,6.48,3.63,sat,0.00,,,,,,,,,,0.00,,,,,,,,,
chc-lia-nonlin-0023.smt2,,,,109,108,218,11552,1,11774,,11667,426,4,11558,210,22896,275.61,274.68,timeout,595.38,12.43,3.85,6.49,2.33,1.39,544.18,338.45,,1.56,0.00,0.00,10.24,594.47,3.16,0.88,590.91,25.06,299.08,
chc-lia-nonlin-0024.smt2,,18527,,193,192,194,18527,,18911,,18721,193,,18528,,,611.02,606.85,timeout,594.87,18.25,3.78,11.60,1.86,1.64,537.10,285.44,155.27,1.08,0.00,0.00,2.27,586.79,6.16,,579.97,16.36,287.25,
chc-lia-nonlin-0025.smt2,,,1,1,1,1,,1,,,1,1,,,,,11.96,4.74,sat,0.01,0.00,0.00,0.00,0.00,0.00,0.00,,,,0.00,0.00,,0.00,0.00,,0.00,,,
chc-lia-nonlin-0026.smt2,,,1,3,3,4,1,3,5,,8,3,1,4,,1,21.44,7.64,sat,0.03,0.00,0.00,0.00,0.00,0.00,0.01,0.00,,0.00,0.00,0.00,0.00,0.02,0.00,,0.01,0.00,0.00,
chc-lia-nonlin-0027.smt2,2,,,2,2,2,,,2,,3,2,,2,2,1,29.88,7.14,unsat,0.02,0.00,0.00,0.00,0.00,0.00,0.00,0.00,,,0.00,0.00,0.00,0.01,0.00,,0.00,0.00,,0.00
chc-lia-nonlin-0028.smt2,,,,1,1,1,,,,,1,1,,,1,3,25.40,5.94,unsat,0.02,0.00,0.00,0.00,0.00,0.00,0.00,0.00,,,0.00,0.00,0.00,0.00,,,0.00,,,
chc-lia-nonlin-0029.smt2,,,1,2,2,5,,6,13,,9,6,11,6,,,23.68,9.14,sat,0.03,0.00,0.00,0.00,0.00,0.00,0.01,0.00,,,0.00,0.00,0.00,0.02,0.00,,0.01,0.00,0.00,
chc-lia-nonlin-0030.smt2,,,,2,2,4,,1,6,1,5,5,3,4,2,3,31.36,7.83,unsat,0.03,0.00,0.00,0.00,0.00,0.00,0.01,0.00,,,0.00,0.00,0.00,0.02,0.00,0.00,0.01,0.00,0.00,0.00
chc-lia-nonlin-0031.smt2,,,,2,2,3,,1,5,,4,3,3,3,2,5,27.12,6.61,unsat,0.03,0.00,0.00,0.00,0.00,0.00,0.00,0.00,,,0.00,0.00,0.00,0.01,0.00,0.00,0.01,0.00,0.00,0.00
chc-lia-nonlin-0032.smt2,,,1,2,2,5,,6,13,,9,6,11,6,,,23.76,9.15,sat,0.06,0.00,0.00,0.00,0.00,0.00,0.02,0.00,,,0.00,0.00,0.00,0.04,0.01,,0.02,0.00,0.00,
chc-lia-nonlin-0033.smt2,,,,41,40,2420,10612,1599,23701,,2460,2458,12220,2419,818,5229,862.31,859.32,timeout,598.59,3.17,0.81,1.68,0.58,0.45,532.96,250.74,,11.37,0.00,0.00,2.69,563.29,208.41,2.75,354.73,9.85,201.84,
chc-lia-nonlin-0034.smt2,6,,,5,5,5,7,,12,,13,6,,12,8,8,33.88,9.20,unsat,0.06,0.00,0.00,0.00,0.00,0.00,0.02,0.01,,0.00,0.00,0.00,0.00,0.04,0.00,0.00,0.03,0.00,0.00,0.00
chc-lia-nonlin-0035.smt2,,,100,102,102,204,2600,153,9527,,2857,402,6774,2853,199,207,1270.60,912.17,sat,77.63,3.03,0.62,1.58,0.39,0.71,69.04,7.03,,0.14,0.00,0.00,1.26,76.92,41.80,0.15,34.79,2.49,2.24,1.11
chc-lia-nonlin-0036.smt2,12,,,8,8,9,21,1,33,,37,18,3,36,14,28,40.16,13.57,unsat,0.14,0.01,0.00,0.00,0.00,0.00,0.06,0.03,,0.00,0.00,0.00,0.01,0.12,0.01,0.00,0.09,0.01,0.01,0.01
chc-lia-nonlin-0037.smt2,,,,3,3,3,1,,4,,5,5,,4,5,4,27.68,6.95,unsat,0.04,0.00,0.00,0.00,0.00,0.00,0.01,0.00,,0.00,0.00,0.00,0.00,0.02,0.00,0.00,0.01,0.00,0.00,0.00
chc-lia-nonlin-0038.smt2,,,3,5,5,6,3,3,14,,12,3,4,7,,,25.40,8.86,sat,0.04,0.00,0.00,0.00,0.00,0.00,0.01,0.00,,0.00,0.00,0.00,0.00,0.03,0.00,,0.01,0.00,0.00,
chc-lia-nonlin-0039.smt2,,,2,4,4,6,4,4,12,,13,4,3,8,,4,25.84,8.90,sat,0.04,0.00,0.00,0.00,0.00,0.00,0.01,0.00,,0.00,0.00,0.00,0.00,0.03,0.00,,0.01,0.00,0.00,
chc-lia-nonlin-0040.smt2,,,,1,1,5,,5,,,6,6,,4,,3,18.60,7.19,sat,0.02,0.00,0.00,0.00,0.00,0.00,0.01,0.00,,,0.00,0.00,0.00,0.01,0.00,0.00,0.01,0.00,0.00,
chc-lia-nonlin-0041.smt2,,,,1,1,1,,,,,1,1,,,1,2,25.72,6.12,unsat,0.02,0.00,0.00,0.00,0.00,0.00,0.00,0.00,,,0.00,0.00,0.00,0.00,,,0.00,,,
chc-lia-nonlin-0042.smt2,,,1,1,1,1,,1,,,1,1,,,,,12.12,4.86,sat,0.01,0.00,0.00,0.00,0.00,0.00,0.00,,,,0.00,0.00,,0.00,0.00,,0.00,,,
chc-lia-nonlin-0043.smt2,,,,553,552,2862,112,1983,2590,126,3414,2862,1160,2861,551,1652,570.99,568.23,timeout,597.10,157.85,48.33,92.33,16.35,40.24,368.70,223.61,,2.88,0.00,0.00,22.53,595.49,52.36,30.96,541.04,52.20,180.48,
chc-lia-nonlin-0044.smt2,,,1,2,2,4,,3,4,,6,3,2,3,,,21.40,7.65,sat,0.02,0.00,0.00,0.00,0.00,0.00,0.00,0.00,,,0.00,0.00,0.00,0.01,0.00,,0.01,0.00,0.00,
chc-lia-nonlin-0045.smt2,,,1,2,2,6,,5,10,,8,5,6,5,,,30.24,10.30,sat,0.03,0.00,0.00,0.00,0.00,0.00,0.01,0.00,,0.00,0.00,0.00,0.00,0.02,0.00,,0.01,0.00,0.00,
chc-lia-nonlin-0046.smt2,2,,,2,2,2,,,2,,3,2,,2,2,2,30.52,7.55,unsat,0.03,0.00,0.00,0.00,0.00,0.00,0.00,0.00,,,0.00,0.00,0.00,0.01,0.00,,0.00,0.00,,0.00
chc-lia-nonlin-0047.smt2,,,7,8,8,16,23,10,80,,40,24,35,31,,13,26.60,12.84,sat,0.15,0.02,0.00,0.01,0.00,0.00,0.06,0.03,,0.00,0.00,0.00,0.01,0.13,0.02,0.00,0.08,0.01,0.01,
chc-lia-nonlin-0048.smt2,,,,1,1,2,,2,1,,3,2,1,1,,,16.76,6.26,sat,0.02,0.00,0.00,0.00,0.00,0.00,0.00,0.00,,,0.00,0.00,0.00,0.00,0.00,,0.00,0.00,0.00,
chc-lia-nonlin-0049.smt2,,,1,2,2,3,,2,3,,5,2,1,2,,,25.00,8.53,sat,0.03,0.00,0.00,0.00,0.00,0.00,0.00,0.00,,,0.00,0.00,0.00,0.01,0.00,,0.00,0.00,0.00,
chc-lia-nonlin-0050.smt2,,,,704,703,2578,89,1814,2243,151,3281,2705,777,2577,702,2105,668.33,666.38,timeout,596.81,175.89,76.95,121.34,5.94,38.07,343.41,223.32,,4.47,0.00,0.00,27.19,596.13,40.10,45.19,553.42,55.53,148.86,
chc-lia-nonlin-0051.smt2,,,1,2,2,4,,3,6,,6,3,4,3,,,17.88,6.83,sat,0.02,0.00,0.00,0.00,0.00,0.00,0.00,0.00,,,0.00,0.00,0.00,0.01,0.00,,0.01,0.00,0.00,
chc-lia-nonlin-0052.smt2,,,,2,2,3,,3,3,,6,3,1,3,,1,17.52,6.72,sat,0.02,0.00,0.00,0.00,0.00,0.00,0.00,0.00,,,0.00,0.00,0.00,0.01,0.00,,0.01,0.00,0.00,
chc-lia-nonlin-0053.smt2,8,,,7,7,8,9,,27,,18,11,6,17,8,12,37.24,11.13,unsat,0.09,0.00,0.00,0.00,0.00,0.00,0.02,0.01,,0.00,0.00,0.00,0.01,0.06,0.01,0.00,0.04,0.01,0.00,0.01
chc-lia-nonlin-0054.smt2,,,,1,1,4,,5,,,6,6,,4,,7,18.80,7.23,sat,0.02,0.00,0.00,0.00,0.00,0.00,0.01,0.00,,,0.00,0.00,0.00,0.01,0.00,0.00,0.01,0.00,0.00,
chc-lia-nonlin-0055.smt2,,,,856,855,2564,2,1708,4274,,3419,2564,2563,2563,854,1708,524.78,521.22,timeout,597.96,208.35,53.26,115.19,26.28,55.73,326.03,201.28,,2.43,0.00,0.00,20.27,597.53,76.00,53.24,518.47,43.63,81.89,
chc-lia-nonlin-0056.smt2,,,,520,519,3120,,2082,2137,268,3639,3120,581,3119,518,1553,622.94,618.67,timeout,597.73,145.01,43.52,81.93,17.25,39.64,381.48,288.72,,3.13,0.00,0.00,24.75,596.02,41.34,18.86,552.89,55.18,240.36,
chc-lia-nonlin-0057.smt2,,,1,2,2,3,,2,3,,5,2,1,2,,,20.88,7.61,sat,0.02,0.00,0.00,0.00,0.00,0.00,0.00,0.00,,,0.00,0.00,0.00,0.01,0.00,,0.00,0.00,0.00,
chc-lia-nonlin-0058.smt2,,,1,1,1,1,,1,,,1,1,,,,,12.08,4.78,sat,0.01,0.00,0.00,0.00,0.00,0.00,0.00,,,,0.00,0.00,,0.00,0.00,,0.00,,,
chc-lia-nonlin-0059.smt2,,,1,1,1,1,,1,,,1,1,,,,,12.08,4.78,sat,0.01,0.00,0.00,0.00,0.00,0.00,0.00,,,,0.00,0.00,,0.00,0.00,,0.00,,,
chc-lia-nonlin-0060.smt2,,,1,2,2,3,,2,3,,5,2,1,2,,,20.76,7.55,sat,0.02,0.00,0.00,0.00,0.00,0.00,0.00,0.00,,,0.00,0.00,0.00,0.01,0.00,,0.00,0.00,0.00,
chc-lia-nonlin-0061.smt2,3,,,3,3,6,1,1,11,,8,5,4,7,3,3,32.52,8.56,unsat,0.04,0.00,0.00,0.00,0.00,0.00,0.01,0.00,,0.00,0.00,0.00,0.00,0.02,0.00,,0.01,0.00,0.00,0.00
chc-lia-nonlin-0062.smt2,4,,,4,4,9,3,1,14,,15,9,4,14,4,7,38.52,10.70,unsat,0.08,0.00,0.00,0.00,0.00,0.00,0.02,0.01,,0.00,0.00,0.00,0.00,0.05,0.01,,0.03,0.00,0.00,0.00
chc-lia-nonlin-0063.smt2,,,,1,1,2,,2,1,,3,2,1,1,,,16.56,6.15,sat,0.01,0.00,0.00,0.00,0.00,0.00,0.00,0.00,,,0.00,0.00,0.00,0.00,0.00,,0.00,0.00,0.00,
chc-lia-nonlin-0064.smt2,,,,1,1,3,,3,2,,4,3,2,2,,,16.72,6.30,sat,0.02,0.00,0.00,0.00,0.00,0.00,0.00,0.00,,,0.00,0.00,0.00,0.01,0.00,,0.00,0.00,0.00,
chc-lia-nonlin-0065.smt2,,,,1,1,2,,2,1,,3,2,1,1,,,17.16,6.61,sat,0.02,0.00,0.00,0.00,0.00,0.00,0.00,0.00,,,0.00,0.00,0.00,0.01,0.00,,0.00,0.00,0.00,
chc-lia-nonlin-0066.smt2,,,1,2,2,5,,3,5,,7,3,2,4,,4,27.40,10.09,sat,0.05,0.00,0.00,0.00,0.00,0.00,0.01,0.01,,,0.00,0.00,0.00,0.03,0.00,,0.02,0.00,0.00,
chc-lia-nonlin-0067.smt2,1,,,1,1,1,,,,,1,1,,,1,1,25.28,5.86,unsat,0.02,0.00,0.00,0.00,0.00,0.00,0.00,0.00,,,0.00,0.00,0.00,0.00,,,0.00,,,
chc-lia-nonlin-0068.smt2,,,,1,1,2,,2,1,,3,2,1,1,,,17.56,6.56,sat,0.02,0.00,0.00,0.00,0.00,0.00,0.00,0.00,,,0.00,0.00,0.00,0.01,0.00,,0.00,0.00,0.00,
chc-lia-nonlin-0069.smt2,,,,1,1,1,,,,,1,1,,,1,5,26.84,6.64,unsat,0.02,0.00,0.00,0.00,0.00,0.00,0.00,0.00,,,0.00,0.00,0.00,0.00,,,0.00,,,
chc-lia-nonlin-0070.smt2,,,,138,137,551,9437,141,9983,40,9800,614,54,9797,204,9993,430.33,425.19,timeout,595.96,13.33,3.78,7.71,1.56,2.11,548.80,310.69,,0.91,0.00,0.00,3.62,582.22,3.80,0.15,577.89,10.36,309.78,1.63
chc-lia-nonlin-0071.smt2,,,,1,1,2,,2,1,,3,2,1,1,,,25.00,8.88,sat,0.02,0.00,0.00,0.00,0.00,0.00,0.00,0.00,,,0.00,0.00,0.00,0.00,0.00,,0.00,0.00,0.00,
chc-lia-nonlin-0072.smt2,,,2,4,4,5,1,3,11,,9,3,4,5,,,21.84,7.81,sat,0.04,0.00,0.00,0.00,0.00,0.00,0.01,0.00,,0.00,0.00,0.00,0.00,0.02,0.00,,0.01,0.00,0.00,
chc-lia-nonlin-0073.smt2,,,2,4,4,5,1,3,11,,9,3,4,5,,,21.84,7.81,sat,0.04,0.00,0.00,0.00,0.00,0.00,0.01,0.00,,0.00,0.00,0.00,0.00,0.02,0.00,,0.01,0.00,0.00,
chc-lia-nonlin-0074.smt2,,,,167,166,289,6928,119,10578,57,7210,522,3361,7044,322,21198,568.64,540.72,timeout,595.49,12.13,4.35,7.28,1.46,1.79,548.98,377.66,,0.42,0.01,0.00,4.97,583.61,10.67,1.27,572.32,11.82,356.05,
chc-lia-nonlin-0075.smt2,,,,1,1,3,,3,2,2,4,3,2,2,,,24.64,8.76,sat,0.02,0.00,0.00,0.00,0.00,0.00,0.00,0.00,,,0.00,0.00,0.00,0.01,0.00,,0.00,0.00,0.00,
chc-lia-nonlin-0076.smt2,,,3,4,4,9,4,5,19,1,14,7,9,10,3,12,43.92,16.06,sat,0.08,0.00,0.00,0.00,0.00,0.00,0.03,0.01,,0.00,0.01,0.00,0.00,0.06,0.01,0.00,0.04,0.00,0.01,0.00
chc-lia-nonlin-0077.smt2,,16,3,13,13,32,97,168,1075,27,246,146,670,240,15,159,404.88,245.96,sat,7.07,0.58,0.21,0.31,0.09,0.13,5.69,3.25,0.25,0.05,0.00,0.00,0.09,6.83,1.88,0.03,4.90,0.21,2.31,0.06
chc-lia-nonlin-0078.smt2,,,,144,143,154,10431,3,11720,,10171,566,578,10027,693,50063,960.78,956.84,timeout,595.56,17.35,4.98,10.24,2.22,1.93,465.52,279.28,,1.08,0.01,0.00,60.71,580.04,14.41,2.49,565.10,80.28,231.91,
chc-lia-nonlin-0079.smt2,,,1,2,2,5,,6,13,,9,6,11,6,,,24.04,9.26,sat,0.04,0.00,0.00,0.00,0.00,0.00,0.01,0.00,,,0.00,0.00,0.00,0.02,0.00,,0.01,0.00,0.00,
chc-lia-nonlin-0080.smt2,8,,,7,7,10,4,3,39,,19,21,19,19,18,27,82.24,29.99,unsat,0.18,0.00,0.00,0.00,0.00,0.00,0.08,0.04,,0.00,0.00,0.00,0.02,0.14,0.02,0.01,0.10,0.01,0.00,0.04
chc-lia-nonlin-0081.smt2,,,,1,1,2,,2,1,,3,2,1,1,,,17.76,6.80,sat,0.02,0.00,0.00,0.00,0.00,0.00,0.00,0.00,,,0.00,0.00,0.00,0.00,0.00,,0.00,0.00,0.00,
chc-lia-nonlin-0082.smt2,,,1,2,2,5,,6,13,,9,6,11,6,,,24.08,9.38,sat,0.04,0.00,0.00,0.00,0.00,0.00,0.01,0.00,,,0.00,0.00,0.00,0.02,0.00,,0.01,0.00,0.00,
chc-lia-nonlin-0083.smt2,,,1,1,1,4,,3,5,1,5,5,4,3,,4,51.36,20.53,sat,0.08,0.00,0.00,0.00,0.00,0.00,0.03,0.01,,,0.00,0.00,0.00,0.04,0.01,0.00,0.03,0.00,0.00,
chc-lia-nonlin-0084.smt2,,,2,4,4,8,1,6,17,,13,6,9,9,,,45.16,18.62,sat,0.07,0.00,0.00,0.00,0.00,0.00,0.02,0.00,,0.00,0.00,0.00,0.00,0.04,0.01,,0.02,0.00,0.00,
chc-lia-nonlin-0085.smt2,,,14,16,16,29,121,19,290,,169,32,125,152,,,39.88,22.59,sat,0.58,0.09,0.03,0.05,0.01,0.02,0.31,0.14,,0.00,0.00,0.00,0.02,0.55,0.08,,0.42,0.05,0.11,
chc-lia-nonlin-0086.smt2,,,99,101,101,164,5060,105,10609,,5354,203,5187,5252,,,577.20,429.48,sat,77.91,4.62,1.26,2.80,0.25,0.85,65.78,23.62,,0.26,0.00,0.00,1.48,77.62,15.39,,61.90,3.89,19.21,
chc-lia-nonlin-0087.smt2,,,,186,185,187,17204,,17704,,17392,370,157,17206,,,281.56,252.78,timeout,595.63,22.70,6.07,14.47,1.35,3.34,529.86,219.65,,0.97,0.00,0.00,5.74,583.58,3.96,,579.01,17.04,194.82,
chc-lia-nonlin-0088.smt2,,,1,1,1,7,,6,12,,8,7,11,6,,2,23.40,8.93,sat,0.03,0.00,0.00,0.00,0.00,0.00,0.01,0.00,,,0.00,0.00,0.00,0.02,0.00,,0.01,0.00,0.00,
chc-lia-nonlin-0089.smt2,,,,,,,,,,,,,,,,,6.84,3.99,sat,0.00,,,,,,,,,,0.00,,,,,,,,,
chc-lia-nonlin-0090.smt2,,,,1,1,3,,3,2,,4,3,2,2,,1,19.16,7.86,sat,0.04,0.00,0.00,0.00,0.00,0.00,0.01,0.00,,,0.00,0.00,0.00,0.01,0.00,,0.01,0.00,0.00,
chc-lia-nonlin-0091.smt2,,,,,,,,,,,,,,,,,0.09,0.09,,,,,,,,,,,,,,,,,,,,,
chc-lia-nonlin-0092.smt2,,,3,4,4,5,2,2,7,,9,2,1,4,,,22.40,9.89,sat,0.06,0.01,0.00,0.00,0.00,0.00,0.02,0.01,0.00,0.00,0.00,0.00,0.00,0.05,0.00,,0.03,0.00,0.01,
chc-lia-nonlin-0093.smt2,,,,1,1,3,,3,2,1,4,3,2,2,,5,25.36,9.69,sat,0.03,0.00,0.00,0.00,0.00,0.00,0.01,0.00,,,0.00,0.00,0.00,0.01,0.00,,0.01,0.00,0.00,
chc-lia-nonlin-0094.smt2,,111,18,28,28,108,417,203,2860,31,545,291,1728,656,136,877,936.04,552.19,sat,26.66,1.74,0.53,0.87,0.26,0.48,22.50,9.83,2.07,0.17,0.00,0.00,0.45,26.11,6.50,0.10,19.50,0.78,7.24,1.44
chc-lia-nonlin-0095.smt2,3,,,3,3,4,2,,6,,6,3,,5,3,1,27.20,6.90,unsat,0.04,0.00,0.00,0.00,0.00,0.00,0.01,0.00,,0.00,0.00,0.00,0.00,0.02,0.00,,0.01,0.00,0.00,0.00
chc-lia-nonlin-0096.smt2,,,1,5,5,13,12,15,54,,35,13,22,29,,,45.96,18.83,sat,0.15,0.01,0.00,0.00,0.00,0.00,0.07,0.02,,0.00,0.00,0.00,0.01,0.12,0.03,,0.08,0.01,0.00,
chc-lia-nonlin-0097.smt2,,,,5,4,13,10,4,42,,22,10,20,17,,1,5289.71,5274.12,timeout,599.34,0.00,0.00,0.00,0.00,0.00,0.04,0.01,,0.00,0.01,0.00,0.00,0.07,0.02,,0.04,0.00,0.00,
chc-lia-nonlin-0098.smt2,1,,,1,1,1,,,,,1,1,,,1,1,25.72,6.24,unsat,0.02,0.00,0.00,0.00,0.00,0.00,0.00,0.00,,,0.00,0.00,0.00,0.00,,,0.00,,,
chc-lia-nonlin-0099.smt2,,,1,3,3,6,2,5,11,1,11,6,6,7,,,19.44,8.17,sat,0.04,0.00,0.00,0.00,0.00,0.00,0.01,0.00,,0.00,0.00,0.00,0.00,0.03,0.00,,0.01,0.00,0.00,
chc-lia-nonlin-0100.smt2,3,,,3,3,5,1,,7,,7,4,,6,3,1,31.48,8.05,unsat,0.04,0.00,0.00,0.00,0.00,0.00,0.01,0.00,,0.00,0.00,0.00,0.00,0.02,0.00,,0.01,0.00,0.00,0.00
chc-lia-nonlin-0101.smt2,,,1,2,2,5,,4,7,1,8,5,4,5,,,18.24,7.29,sat,0.03,0.00,0.00,0.00,0.00,0.00,0.00,0.00,,0.00,0.00,0.00,0.00,0.01,0.00,,0.01,0.00,0.00,
chc-lia-nonlin-0102.smt2,,,5,9,9,27,56,29,193,3,65,33,92,56,5,20,90.20,49.33,sat,0.65,0.06,0.02,0.03,0.01,0.01,0.41,0.23,,0.01,0.00,0.00,0.03,0.60,0.09,0.01,0.48,0.04,0.20,
chc-lia-nonlin-0103.smt2,2,,,2,2,2,,,2,,3,2,,2,2,1,26.56,6.70,unsat,0.02,0.00,0.00,0.00,0.00,0.00,0.00,0.00,,,0.00,0.00,0.00,0.01,0.00,,0.00,0.00,0.00,0.00
chc-lia-nonlin-0104.smt2,3,,,3,3,5,2,1,11,,8,6,5,7,3,1,28.00,7.48,unsat,0.04,0.00,0.00,0.00,0.00,0.00,0.01,0.00,,0.00,0.00,0.00,0.00,0.02,0.00,,0.01,0.00,0.00,0.00
chc-lia-nonlin-0105.smt2,,,4,5,5,12,3,10,50,,20,9,34,15,,2,41.52,17.32,sat,0.09,0.00,0.00,0.00,0.00,0.00,0.03,0.01,,0.00,0.00,0.00,0.00,0.06,0.02,,0.03,0.01,0.00,
chc-lia-nonlin-0106.smt2,,,,1,1,2,,2,1,,3,2,1,1,,,17.72,6.80,sat,0.02,0.00,0.00,0.00,0.00,0.00,0.00,0.00,,,0.00,0.00,0.00,0.00,0.00,,0.00,0.00,0.00,
chc-lia-nonlin-0107.smt2,6,,,6,6,7,14,1,23,,25,10,3,24,6,1,31.40,9.60,unsat,0.09,0.01,0.00,0.00,0.00,0.00,0.03,0.01,,0.00,0.00,0.00,0.00,0.07,0.00,,0.05,0.01,0.01,0.00
chc-lia-nonlin-0108.smt2,,,11,12,12,45,75,24,197,,104,26,91,91,,,43.76,24.54,sat,0.40,0.03,0.01,0.02,0.00,0.01,0.21,0.10,,0.00,0.00,0.00,0.01,0.36,0.06,,0.26,0.03,0.08,
chc-lia-nonlin-0109.smt2,11,,,11,11,12,54,1,68,,70,15,3,69,11,1,37.36,13.73,unsat,0.21,0.02,0.00,0.01,0.00,0.01,0.09,0.04,,0.00,0.00,0.00,0.01,0.19,0.01,,0.14,0.02,0.02,0.01
chc-lia-nonlin-0110.smt2,21,,,21,21,22,209,1,233,,235,25,3,234,21,1,56.96,25.93,unsat,0.71,0.07,0.02,0.03,0.00,0.02,0.38,0.18,,0.00,0.00,0.00,0.03,0.68,0.02,,0.59,0.07,0.12,0.03
chc-lia-nonlin-0111.smt2,26,,,26,26,27,324,1,353,,355,30,3,354,26,1,73.20,37.40,unsat,1.17,0.11,0.03,0.05,0.00,0.03,0.70,0.32,,0.00,0.00,0.00,0.05,1.13,0.02,,1.02,0.11,0.22,0.04
chc-lia-nonlin-0112.smt2,,,21,22,22,85,249,44,587,,299,46,276,276,,,94.60,60.98,sat,1.38,0.10,0.03,0.05,0.01,0.03,0.89,0.41,,0.01,0.00,0.00,0.05,1.31,0.24,,0.99,0.13,0.31,
chc-lia-nonlin-0113.smt2,16,,,16,16,17,119,1,138,,140,20,3,139,16,1,48.00,20.65,unsat,0.42,0.04,0.01,0.02,0.00,0.01,0.21,0.10,,0.00,0.00,0.00,0.02,0.39,0.01,,0.33,0.04,0.06,0.02
chc-lia-nonlin-0114.smt2,,,,,,,,,,,,,,,,,7.12,4.27,sat,0.00,,,,,,,,,,0.00,,,,,,,,,
chc-lia-nonlin-0115.smt2,,,3,4,4,14,8,8,20,,23,10,3,18,,,23.88,11.25,sat,0.10,0.01,0.00,0.00,0.00,0.00,0.04,0.03,,0.00,0.00,0.00,0.00,0.08,0.00,,0.06,0.01,0.02,
chc-lia-nonlin-0116.smt2,3,,,3,3,5,2,1,9,,8,5,3,7,3,1,28.96,8.13,unsat,0.05,0.00,0.00,0.00,0.00,0.00,0.01,0.01,,0.00,0.00,0.00,0.00,0.03,0.00,,0.02,0.00,0.00,0.00
chc-lia-nonlin-0117.smt2,,,11,12,12,46,84,24,120,,115,26,3,102,,,42.40,23.34,sat,0.47,0.05,0.01,0.02,0.00,0.01,0.27,0.17,,0.00,0.00,0.00,0.01,0.43,0.02,,0.37,0.03,0.16,
chc-lia-nonlin-0118.smt2,26,,,26,26,29,369,1,400,,353,28,3,352,26,1,70.84,37.51,unsat,1.26,0.11,0.03,0.06,0.00,0.03,0.76,0.39,,0.01,0.00,0.00,0.05,1.21,0.03,,1.10,0.12,0.25,0.05
chc-lia-nonlin-0119.smt2,,,16,17,17,66,162,34,215,,205,36,3,187,,,60.36,35.58,sat,0.92,0.08,0.03,0.04,0.01,0.02,0.58,0.36,,0.01,0.00,0.00,0.03,0.86,0.05,,0.76,0.06,0.32,
chc-lia-nonlin-0120.smt2,,,21,22,22,86,268,44,335,,320,46,3,297,,,73.68,42.83,sat,1.52,0.13,0.04,0.07,0.01,0.03,0.99,0.61,,0.01,0.00,0.00,0.04,1.45,0.07,,1.28,0.11,0.54,
chc-lia-nonlin-0121.smt2,,,26,27,27,106,373,54,480,,460,56,3,432,,,98.28,61.54,sat,2.33,0.20,0.06,0.11,0.01,0.05,1.61,0.99,,0.02,0.00,0.00,0.06,2.24,0.15,,2.00,0.16,0.82,
chc-lia-nonlin-0122.smt2,2,,,2,2,2,,,2,,3,2,,2,2,1,28.68,7.95,unsat,0.03,0.00,0.00,0.00,0.00,0.00,0.00,0.00,,,0.00,0.00,0.00,0.01,0.00,,0.00,0.00,0.00,0.00
chc-lia-nonlin-0123.smt2,,,,2,2,3,,3,3,,6,3,1,3,,,19.80,8.34,sat,0.03,0.00,0.00,0.00,0.00,0.00,0.00,0.00,,,0.00,0.00,0.00,0.01,0.00,,0.01,0.00,0.00,
chc-lia-nonlin-0124.smt2,3,,,3,3,3,2,,5,,6,3,,5,3,1,29.00,7.94,unsat,0.04,0.00,0.00,0.00,0.00,0.00,0.01,0.00,,0.00,0.00,0.00,0.00,0.02,0.00,,0.01,0.00,0.00,0.00
chc-lia-nonlin-0125.smt2,,,,2,2,4,,4,4,1,7,4,2,4,,,19.24,8.01,sat,0.03,0.00,0.00,0.00,0.00,0.00,0.00,0.00,,,0.00,0.00,0.00,0.01,0.00,,0.01,0.00,0.00,
chc-lia-nonlin-0126.smt2,,,,1,1,2,,2,1,,3,2,1,1,,,16.96,6.53,sat,0.01,0.00,0.00,0.00,0.00,0.00,0.00,0.00,,,0.00,0.00,0.00,0.00,0.00,,0.00,0.00,0.00,
chc-lia-nonlin-0127.smt2,,,1,3,3,9,2,8,6,,15,10,,11,,,22.24,9.66,sat,0.05,0.00,0.00,0.00,0.00,0.00,0.01,0.01,,0.00,0.00,0.00,0.00,0.03,0.00,,0.02,0.00,0.01,
chc-lia-nonlin-0128.smt2,,,5,6,6,20,7,13,70,1,35,27,44,29,4,15,39.44,21.30,sat,0.21,0.02,0.00,0.01,0.00,0.01,0.10,0.05,,0.00,0.00,0.00,0.01,0.18,0.03,0.00,0.13,0.02,0.03,0.00
chc-lia-nonlin-0129.smt2,7,,,5,5,7,11,1,20,,16,10,3,15,7,4,35.24,11.59,unsat,0.10,0.00,0.00,0.00,0.00,0.00,0.03,0.02,,0.00,0.00,0.00,0.01,0.07,0.00,0.00,0.05,0.01,0.01,0.01
chc-lia-nonlin-0130.smt2,,,6,7,7,25,12,17,96,2,47,39,69,41,8,24,45.64,25.29,sat,0.32,0.03,0.01,0.01,0.00,0.01,0.18,0.07,,0.00,0.00,0.00,0.02,0.29,0.05,0.01,0.22,0.02,0.06,0.01
chc-lia-nonlin-0131.smt2,10,,,7,7,12,21,4,58,,31,25,26,29,10,6,44.36,17.04,unsat,0.18,0.01,0.00,0.00,0.00,0.00,0.08,0.04,,0.00,0.00,0.00,0.01,0.15,0.01,0.00,0.12,0.01,0.02,0.02
chc-lia-nonlin-0132.smt2,15,,,9,9,11,41,1,54,,46,26,3,45,15,4,45.04,17.12,unsat,0.24,0.02,0.00,0.01,0.00,0.01,0.11,0.06,,0.00,0.00,0.00,0.02,0.20,0.01,0.00,0.17,0.02,0.03,0.04
chc-lia-nonlin-0133.smt2,,,10,11,11,45,38,33,269,4,105,94,208,99,24,56,96.84,61.20,sat,1.13,0.13,0.04,0.07,0.01,0.04,0.74,0.34,,0.00,0.00,0.00,0.04,1.06,0.24,0.02,0.78,0.06,0.25,0.03
chc-lia-nonlin-0134.smt2,,,13,14,14,57,60,44,423,6,148,126,327,141,33,75,123.72,77.33,sat,2.02,0.19,0.05,0.10,0.01,0.06,1.47,0.63,,0.00,0.00,0.00,0.07,1.93,0.48,0.03,1.40,0.10,0.48,0.05
chc-lia-nonlin-0135.smt2,,,15,16,16,70,81,53,590,3,190,159,464,184,43,92,178.76,115.62,sat,3.30,0.31,0.11,0.18,0.02,0.10,2.51,1.09,,0.01,0.00,0.00,0.09,3.18,0.81,0.04,2.32,0.14,0.83,0.08
chc-lia-nonlin-0136.smt2,25,,,15,15,17,113,1,132,,119,48,3,117,25,7,69.24,27.74,unsat,0.60,0.05,0.01,0.02,0.00,0.01,0.32,0.17,,0.00,0.00,0.00,0.05,0.55,0.01,0.01,0.48,0.07,0.09,0.08
chc-lia-nonlin-0137.smt2,,,1,3,3,5,1,4,7,1,10,5,2,6,,,19.76,8.31,sat,0.04,0.00,0.00,0.00,0.00,0.00,0.01,0.00,,0.00,0.00,0.00,0.00,0.02,0.00,,0.01,0.00,0.00,
chc-lia-nonlin-0138.smt2,,,,2,2,3,,3,3,,6,3,1,3,,,19.68,8.13,sat,0.03,0.00,0.00,0.00,0.00,0.00,0.00,0.00,,,0.00,0.00,0.00,0.01,0.00,,0.01,0.00,0.00,
chc-lia-nonlin-0139.smt2,,,3,5,5,28,7,11,67,,45,36,20,40,5,18,312.76,169.87,sat,2.64,0.09,0.03,0.05,0.01,0.03,2.22,1.45,,0.00,0.01,0.00,0.01,2.45,0.26,0.01,2.17,0.02,1.32,0.02
chc-lia-nonlin-0140.smt2,2,,,2,2,2,,,2,,3,2,,2,2,1,28.60,7.93,unsat,0.03,0.00,0.00,0.00,0.00,0.00,0.00,0.00,,,0.00,0.00,0.00,0.01,0.00,,0.01,0.00,0.00,0.00
chc-lia-nonlin-0141.smt2,,,1,3,3,4,2,3,6,,9,4,1,5,,,19.84,8.35,sat,0.04,0.00,0.00,0.00,0.00,0.00,0.01,0.00,,0.00,0.00,0.00,0.00,0.02,0.00,,0.01,0.00,0.00,
chc-lia-nonlin-0142.smt2,,,1,3,3,4,2,3,6,,9,4,1,5,,,19.84,8.35,sat,0.04,0.00,0.00,0.00,0.00,0.00,0.01,0.00,,0.00,0.00,0.00,0.00,0.02,0.00,,0.01,0.00,0.00,
chc-lia-nonlin-0143.smt2,,,2,4,4,19,2,20,12,,31,21,,27,,5,39.32,14.34,sat,0.12,0.01,0.00,0.01,0.00,0.00,0.04,0.02,,0.00,0.01,0.00,0.00,0.09,0.01,,0.07,0.01,0.02,
chc-lia-nonlin-0144.smt2,3,,,3,3,9,1,2,14,,12,9,8,11,3,5,72.28,28.99,unsat,0.19,0.01,0.00,0.00,0.00,0.00,0.12,0.04,,0.00,0.01,0.00,0.00,0.15,0.01,,0.13,0.00,0.03,0.00
chc-lia-nonlin-0145.smt2,12,,,12,12,20,62,7,101,2,86,20,15,85,12,1,39.36,14.86,unsat,0.28,0.03,0.00,0.01,0.00,0.01,0.13,0.06,,0.00,0.00,0.00,0.01,0.25,0.01,,0.20,0.03,0.04,0.01
chc-lia-nonlin-0146.smt2,,,12,16,16,45,112,28,371,2,171,53,144,154,,,52.80,32.36,sat,0.80,0.08,0.02,0.03,0.01,0.03,0.50,0.27,,0.01,0.00,0.00,0.02,0.77,0.15,,0.57,0.05,0.22,
chc-lia-nonlin-0147.smt2,2,,,2,2,2,,,2,,3,2,,2,2,1,28.96,8.15,unsat,0.03,0.00,0.00,0.00,0.00,0.00,0.00,0.00,,,0.00,0.00,0.00,0.01,0.00,,0.01,0.00,0.00,0.00
chc-lia-nonlin-0148.smt2,,,9,10,10,31,25,22,146,4,67,55,102,59,12,41,61.68,36.16,sat,0.51,0.06,0.02,0.03,0.00,0.02,0.29,0.14,,0.00,0.00,0.00,0.02,0.47,0.08,0.01,0.35,0.03,0.10,0.01
chc-lia-nonlin-0149.smt2,,,2,4,4,6,2,4,10,,13,7,1,8,1,5,31.16,14.10,sat,0.09,0.01,0.00,0.00,0.00,0.00,0.03,0.02,,0.00,0.00,0.00,0.00,0.06,0.00,0.00,0.05,0.01,0.02,
chc-lia-nonlin-0150.smt2,2,,,2,2,2,,,2,,3,2,,2,2,1,28.88,8.06,unsat,0.03,0.00,0.00,0.00,0.00,0.00,0.00,0.00,,,0.00,0.00,0.00,0.01,0.00,,0.01,0.00,0.00,0.00
chc-lia-nonlin-0151.smt2,,,,2,2,3,,3,3,,6,3,1,3,,,21.08,8.91,sat,0.03,0.00,0.00,0.00,0.00,0.00,0.01,0.00,,,0.00,0.00,0.00,0.01,0.00,,0.01,0.00,0.00,
chc-lia-nonlin-0152.smt2,2,,,2,2,2,,,2,,3,2,,2,2,1,29.48,8.18,unsat,0.03,0.00,0.00,0.00,0.00,0.00,0.01,0.00,,,0.00,0.00,0.00,0.01,0.00,,0.01,0.00,0.00,0.00
chc-lia-nonlin-0153.smt2,,,,2,2,11,,11,11,6,14,11,9,11,,,22.60,10.36,sat,0.06,0.01,0.00,0.00,0.00,0.00,0.02,0.00,,,0.00,0.00,0.00,0.03,0.00,,0.02,0.00,0.00,
chc-lia-nonlin-0154.smt2,3,,,3,3,14,1,8,23,5,17,15,15,16,3,1,33.72,11.02,unsat,0.08,0.01,0.00,0.00,0.00,0.00,0.03,0.01,,0.00,0.00,0.00,0.00,0.06,0.01,,0.04,0.01,0.00,0.00
chc-lia-nonlin-0155.smt2,,,5,7,7,33,16,33,153,8,62,55,115,58,10,37,51.60,26.24,sat,0.36,0.04,0.01,0.02,0.00,0.01,0.18,0.07,,0.00,0.00,0.00,0.02,0.32,0.06,0.01,0.24,0.03,0.05,0.01
chc-lia-nonlin-0156.smt2,6,,,6,6,16,14,4,51,,30,21,20,30,9,14,46.36,16.39,unsat,0.16,0.01,0.00,0.00,0.00,0.00,0.06,0.03,,0.00,0.00,0.00,0.01,0.13,0.01,0.00,0.09,0.01,0.01,0.01
chc-lia-nonlin-0157.smt2,2,,,2,2,4,,,3,,6,4,,5,2,3,33.88,9.49,unsat,0.04,0.00,0.00,0.00,0.00,0.00,0.01,0.00,,,0.00,0.00,0.00,0.02,0.00,,0.01,0.00,0.00,0.00
chc-lia-nonlin-0158.smt2,,,4,6,6,27,10,28,115,5,49,42,86,44,5,23,46.52,23.44,sat,0.26,0.02,0.01,0.01,0.00,0.01,0.13,0.05,,0.00,0.00,0.00,0.02,0.23,0.04,0.01,0.17,0.02,0.04,0.00
chc-lia-nonlin-0159.smt2,,,3,4,4,19,4,21,55,3,32,29,39,28,2,11,36.08,16.34,sat,0.16,0.01,0.00,0.01,0.00,0.00,0.07,0.03,,0.00,0.00,0.00,0.01,0.13,0.02,0.00,0.10,0.01,0.02,0.00
chc-lia-nonlin-0160.smt2,,,2,3,3,14,2,9,22,,19,11,11,15,,5,28.60,11.99,sat,0.08,0.01,0.00,0.00,0.00,0.00,0.03,0.01,,0.00,0.00,0.00,0.00,0.06,0.01,0.00,0.04,0.01,0.01,
chc-lia-nonlin-0161.smt2,,,6,9,9,41,22,41,244,7,79,69,197,76,14,46,67.68,37.70,sat,0.54,0.06,0.01,0.03,0.01,0.02,0.30,0.11,,0.00,0.00,0.00,0.03,0.49,0.10,0.01,0.36,0.05,0.08,0.02
chc-lia-nonlin-0162.smt2,10,,,8,8,11,31,2,49,,39,23,7,42,17,12,49.36,17.71,unsat,0.20,0.01,0.00,0.00,0.00,0.00,0.08,0.04,,0.00,0.00,0.00,0.02,0.17,0.01,0.01,0.14,0.02,0.02,0.03
chc-lia-nonlin-0163.smt2,15,,,12,12,59,71,5,99,,123,100,7,129,31,60,73.00,30.39,unsat,0.71,0.08,0.02,0.04,0.01,0.03,0.38,0.20,,0.00,0.00,0.00,0.05,0.66,0.01,0.02,0.61,0.08,0.13,0.06
chc-lia-nonlin-0164.smt2,,,11,14,14,75,58,64,576,24,163,145,473,165,39,104,125.20,74.28,sat,1.75,0.19,0.05,0.10,0.01,0.06,1.16,0.41,,0.00,0.00,0.00,0.08,1.64,0.45,0.03,1.15,0.11,0.29,0.06
chc-lia-nonlin-0165.smt2,20,,,15,15,103,115,4,144,,220,190,7,229,61,119,111.56,50.97,unsat,1.82,0.25,0.06,0.12,0.02,0.09,1.15,0.62,,0.00,0.00,0.00,0.11,1.75,0.02,0.04,1.69,0.16,0.44,0.10
chc-lia-nonlin-0166.smt2,,,17,20,20,118,154,167,2077,53,413,367,1881,422,82,276,344.32,229.67,sat,8.68,0.77,0.20,0.41,0.05,0.25,6.79,2.14,,0.01,0.00,0.00,0.21,8.41,3.03,0.07,5.31,0.37,1.76,0.15
chc-lia-nonlin-0167.smt2,25,,,18,18,132,166,7,194,,309,243,7,322,63,161,150.92,73.07,unsat,3.04,0.39,0.10,0.19,0.03,0.13,2.03,1.12,,0.00,0.00,0.00,0.15,2.93,0.02,0.04,2.85,0.24,0.89,0.20
chc-lia-nonlin-0168.smt2,,,,119,118,285,7711,3,20009,2,5437,163,7259,5318,,,277.07,258.84,timeout,596.39,14.33,4.22,7.79,2.68,2.31,555.80,373.16,,2.11,0.00,0.00,2.73,585.74,95.34,,489.98,7.38,281.76,
chc-lia-nonlin-0169.smt2,,,,1,1,2,,2,,,3,2,,1,,,22.40,9.54,sat,0.03,0.00,0.00,0.00,0.00,0.00,0.01,0.00,,,0.00,0.00,0.00,0.01,0.00,,0.01,0.00,0.00,
chc-lia-nonlin-0170.smt2,,,2,4,4,13,3,8,29,,20,13,18,15,,,28.40,13.73,sat,0.10,0.02,0.00,0.01,0.00,0.00,0.03,0.02,,0.00,0.00,0.00,0.00,0.07,0.01,,0.05,0.01,0.00,
chc-lia-nonlin-0171.smt2,2,,,2,2,2,,,2,,3,2,,2,2,1,32.88,10.19,unsat,0.04,0.00,0.00,0.00,0.00,0.00,0.01,0.00,,,0.00,0.00,0.00,0.01,0.00,,0.01,0.00,0.00,0.00
chc-lia-nonlin-0172.smt2,,,2,4,4,20,3,14,34,6,27,20,19,22,,,33.32,16.85,sat,0.15,0.03,0.01,0.02,0.00,0.01,0.05,0.03,,0.00,0.00,0.00,0.00,0.12,0.01,,0.09,0.01,0.01,
chc-lia-nonlin-0173.smt2,2,,,2,2,2,,,2,,3,2,,2,2,1,34.32,11.16,unsat,0.04,0.00,0.00,0.00,0.00,0.00,0.01,0.00,,,0.00,0.00,0.00,0.01,0.00,,0.01,0.00,0.00,0.00
chc-lia-nonlin-0174.smt2,,,2,9,9,21,30,53,189,3,94,37,70,84,,,101.92,64.65,sat,1.50,0.48,0.16,0.30,0.05,0.10,0.81,0.53,,0.01,0.00,0.00,0.02,1.43,0.18,,1.22,0.06,0.44,
chc-lia-nonlin-0175.smt2,4,,,4,4,12,3,2,22,2,17,13,6,16,4,1,39.64,14.26,unsat,0.10,0.01,0.00,0.00,0.00,0.00,0.03,0.02,,0.00,0.00,0.00,0.00,0.07,0.01,,0.05,0.01,0.00,0.00
chc-lia-nonlin-0176.smt2,,,3,7,7,19,13,16,64,3,45,17,25,37,,,42.56,23.42,sat,0.34,0.09,0.02,0.05,0.01,0.02,0.16,0.10,,0.00,0.00,0.00,0.01,0.30,0.03,,0.25,0.02,0.07,
chc-lia-nonlin-0177.smt2,,,2,9,9,21,30,53,189,3,94,37,70,84,,,101.92,64.65,sat,1.51,0.48,0.16,0.30,0.05,0.10,0.81,0.53,,0.01,0.00,0.00,0.02,1.43,0.18,,1.22,0.06,0.43,
chc-lia-nonlin-0178.smt2,,1,3,14,14,31,101,134,1101,21,229,87,586,215,1,1,262.00,169.71,sat,7.49,1.62,0.53,1.03,0.16,0.31,5.15,3.51,0.10,0.06,0.00,0.00,0.07,7.29,1.64,,5.60,0.20,2.70,0.01
chc-lia-nonlin-0179.smt2,,,3,6,6,21,10,14,63,3,39,14,25,32,,,43.40,24.21,sat,0.31,0.07,0.02,0.04,0.01,0.02,0.14,0.09,,0.00,0.00,0.00,0.01,0.26,0.03,,0.21,0.02,0.06,
chc-lia-nonlin-0180.smt2,2,,,2,2,2,,,2,,3,2,,2,2,1,37.60,12.78,unsat,0.05,0.00,0.00,0.00,0.00,0.00,0.01,0.00,,,0.00,0.00,0.00,0.02,0.00,,0.01,0.00,0.00,0.00
chc-lia-nonlin-0181.smt2,,,2,5,5,18,4,14,43,3,34,16,21,28,,,38.56,20.72,sat,0.23,0.04,0.01,0.02,0.00,0.01,0.10,0.06,,0.00,0.00,0.00,0.01,0.19,0.02,,0.15,0.01,0.05,
chc-lia-nonlin-0182.smt2,2,,,2,2,2,,,2,,3,2,,2,2,1,38.36,13.72,unsat,0.05,0.00,0.00,0.00,0.00,0.00,0.01,0.00,,,0.00,0.00,0.00,0.02,0.00,,0.01,0.00,0.00,0.00
chc-lia-nonlin-0183.smt2,6,,,6,6,10,4,2,30,1,21,17,10,21,6,1,38.76,13.55,unsat,0.12,0.01,0.00,0.00,0.00,0.00,0.04,0.02,,0.00,0.00,0.00,0.00,0.09,0.01,,0.05,0.01,0.00,0.01
chc-lia-nonlin-0184.smt2,,,5,7,7,23,16,17,95,2,38,25,62,33,4,11,97.52,35.21,sat,0.21,0.01,0.00,0.00,0.00,0.00,0.08,0.03,,0.00,0.01,0.00,0.01,0.15,0.03,0.00,0.09,0.01,0.01,0.01
chc-lia-nonlin-0185.smt2,,,,2,2,3,,3,3,,6,3,1,3,,,28.92,13.54,sat,0.05,0.00,0.00,0.00,0.00,0.00,0.01,0.00,,,0.00,0.00,0.00,0.02,0.00,,0.01,0.00,0.00,
chc-lia-nonlin-0186.smt2,33,,,33,33,435,924,78,5775,29,971,751,2694,971,33,1,404.72,245.08,unsat,24.36,0.93,0.26,0.43,0.15,0.22,20.12,13.96,,0.75,0.00,0.00,0.44,24.16,9.16,,14.88,1.48,5.24,0.33
chc-lia-nonlin-0187.smt2,,,,1,1,2,,2,,,3,2,,1,,,31.16,13.24,sat,0.06,0.00,0.00,0.00,0.00,0.00,0.03,0.00,,,0.00,0.00,0.00,0.03,0.00,,0.03,0.00,0.00,
chc-lia-nonlin-0188.smt2,2,2,,2,2,2,,,2,,3,3,,3,2,1,49.40,17.60,unsat,0.09,0.00,0.00,0.00,0.00,0.00,0.03,0.01,0.01,,0.00,0.00,0.00,0.04,0.00,,0.03,0.00,0.00,0.00
chc-lia-nonlin-0189.smt2,4,22,,4,4,38,,20,54,11,44,43,36,45,4,3,80.76,34.88,unsat,1.18,0.03,0.00,0.01,0.00,0.01,0.97,0.59,0.28,0.00,0.00,0.00,0.02,1.09,0.08,,0.99,0.05,0.15,0.02
chc-lia-nonlin-0190.smt2,4,27,,4,4,41,1,20,56,10,49,48,31,50,4,3,85.60,38.92,unsat,3.59,0.04,0.01,0.01,0.00,0.02,3.36,2.83,0.31,0.00,0.00,0.00,0.02,3.50,0.08,,3.40,0.06,0.15,0.04
chc-lia-nonlin-0191.smt2,,13,2,3,3,13,1,7,16,1,18,14,6,15,,,49.64,24.75,sat,0.29,0.02,0.00,0.01,0.00,0.01,0.17,0.02,0.10,0.00,0.00,0.00,0.01,0.22,0.03,,0.19,0.02,0.06,0.00
chc-lia-nonlin-0192.smt2,,,,,,,,,,,,,,,,,8.44,5.26,sat,0.00,,,,,,,,,,0.00,,,,,,,,,
chc-lia-nonlin-0193.smt2,,,,1,1,2,,2,,,3,2,,1,,,27.60,12.30,sat,0.06,0.00,0.00,0.00,0.00,0.00,0.02,0.00,,,0.00,0.00,0.00,0.02,0.00,,0.02,0.00,0.00,
chc-lia-nonlin-0194.smt2,,,,1,1,2,,2,1,1,3,2,1,1,,,45.92,22.30,sat,0.08,0.00,0.00,0.00,0.00,0.00,0.02,0.00,,,0.00,0.00,0.00,0.02,0.00,,0.02,0.00,0.00,
chc-lia-nonlin-0195.smt2,,,,,,,,,,,,1,,,,,23.00,6.74,unsat,0.02,,,,,,0.00,0.00,,,0.00,0.00,,0.00,,,0.00,,,
chc-lia-nonlin-0196.smt2,,,,,,,,,,,,1,,,,,22.84,6.55,unsat,0.02,,,,,,0.00,0.00,,,0.00,0.00,,0.00,,,0.00,,,
chc-lia-nonlin-0197.smt2,,,,,,,,,,,,1,,,,,23.16,6.86,unsat,0.02,,,,,,0.00,0.00,,,0.00,0.00,,0.00,,,0.00,,,
chc-lia-nonlin-0198.smt2,,,,,,,,,,,,1,,,,,23.16,6.86,unsat,0.02,,,,,,0.00,0.00,,,0.00,0.00,,0.00,,,0.00,,,
chc-lia-nonlin-0199.smt2,,,2,3,3,6,1,4,12,,9,5,7,5,,1,59.60,21.34,sat,0.09,0.00,0.00,0.00,0.00,0.00,0.02,0.01,,0.00,0.01,0.00,0.00,0.04,0.01,,0.03,0.01,0.00,
chc-lia-nonlin-0200.smt2,2,,,2,2,2,,,2,,3,2,,2,2,1,32.48,10.61,unsat,0.05,0.00,0.00,0.00,0.00,0.00,0.00,0.00,,,0.00,0.00,0.00,0.01,0.00,,0.01,0.00,0.00,0.00
chc-lia-nonlin-0201.smt2,,,,,,,,,,,,,,,,,9.40,5.67,sat,0.01,,,,,,,,,,0.00,,,,,,,,,
chc-lia-nonlin-0202.smt2,,,2,3,3,11,1,9,6,,15,9,,11,,,74.52,30.52,sat,0.22,0.00,0.00,0.00,0.00,0.00,0.12,0.06,,0.00,0.01,0.00,0.01,0.15,0.02,,0.12,0.01,0.01,
chc-lia-nonlin-0203.smt2,3,,,3,3,5,2,,8,,8,5,1,6,3,3,56.76,17.62,unsat,0.08,0.00,0.00,0.00,0.00,0.00,0.02,0.01,,0.00,0.01,0.00,0.00,0.03,0.00,0.00,0.02,0.00,0.00,0.00
chc-lia-nonlin-0204.smt2,3,,,3,3,4,2,,9,,7,5,2,6,3,1,56.64,17.63,unsat,0.08,0.00,0.00,0.00,0.00,0.00,0.02,0.01,,0.00,0.01,0.00,0.00,0.03,0.00,0.00,0.02,0.00,,0.00
chc-lia-nonlin-0205.smt2,,,,,,,,,,,,1,,,,,24.56,7.96,unsat,0.03,,,,,,0.00,0.00,,,0.00,0.00,,0.00,,,0.00,,,
chc-lia-nonlin-0206.smt2,,,11,21,21,44,94,39,229,,116,39,99,103,,24,207.88,76.55,sat,1.19,0.03,0.00,0.01,0.00,0.01,0.78,0.35,,0.00,0.02,0.01,0.04,1.03,0.25,,0.71,0.10,0.07,
chc-lia-nonlin-0207.smt2,,,,,,,,,,,,1,,,,,25.56,8.61,unsat,0.04,,,,,,0.00,0.00,,,0.00,0.00,,0.00,,,0.00,,,
chc-lia-nonlin-0208.smt2,,,1,2,2,4,,3,2,,6,3,,3,,,54.28,22.10,sat,0.10,0.00,0.00,0.00,0.00,0.00,0.02,0.01,,,0.01,0.00,0.00,0.03,0.00,,0.02,0.00,0.00,
chc-lia-nonlin-0209.smt2,,,1,2,2,4,,3,2,,6,3,,3,,,54.28,22.10,sat,0.10,0.00,0.00,0.00,0.00,0.00,0.02,0.01,,,0.01,0.00,0.00,0.03,0.00,,0.02,0.00,0.00,
chc-lia-nonlin-0210.smt2,,,,,,,,,,,,1,,,,,24.56,7.93,unsat,0.03,,,,,,0.00,0.00,,,0.00,0.00,,0.00,,,0.00,,,
chc-lia-nonlin-0211.smt2,14,,,14,14,34,55,16,135,,76,43,33,78,16,11,313.32,103.17,unsat,0.76,0.02,0.00,0.01,0.00,0.01,0.33,0.18,,0.00,0.04,0.01,0.04,0.53,0.06,0.02,0.42,0.04,0.03,0.08
chc-lia-nonlin-0212.smt2,,,,103,102,278,5101,71,11175,2,4050,1554,3628,3996,208,498,1989.02,1986.82,timeout,596.74,15.00,2.93,7.94,1.56,3.73,557.04,324.54,,1.99,0.02,0.01,6.40,592.60,100.39,0.84,491.81,10.43,255.88,2.80
chc-lia-nonlin-0213.smt2,,,4,5,5,16,9,12,17,,27,12,,21,,,162.52,62.16,sat,0.61,0.01,0.00,0.00,0.00,0.00,0.39,0.22,,0.00,0.02,0.01,0.02,0.47,0.07,,0.39,0.04,0.01,
chc-lia-nonlin-0214.smt2,,,4,5,5,16,9,12,17,,27,12,,21,,,162.52,62.16,sat,0.60,0.01,0.00,0.00,0.00,0.00,0.39,0.22,,0.00,0.02,0.01,0.02,0.47,0.07,,0.38,0.04,0.01,
chc-lia-nonlin-0215.smt2,,,,,,,,,,,,1,,,,,26.68,9.58,unsat,0.05,,,,,,0.00,0.00,,,0.00,0.00,,0.00,,,0.00,,,
chc-lia-nonlin-0216.smt2,16,,,16,16,54,150,15,528,18,126,59,243,131,18,8,334.00,117.93,unsat,0.81,0.02,0.00,0.01,0.00,0.01,0.40,0.17,,0.00,0.04,0.01,0.03,0.61,0.13,0.00,0.42,0.05,0.03,0.05
chc-lia-nonlin-0217.smt2,,,,,,,,,,,,1,,,,,27.44,10.04,unsat,0.07,,,,,,0.00,0.00,,,0.00,0.00,,0.00,,,0.00,,,
chc-lia-nonlin-0218.smt2,,,,,,,,,,,,1,,,,,25.80,8.87,unsat,0.05,,,,,,0.00,0.00,,,0.00,0.00,,0.00,,,0.00,,,
chc-lia-nonlin-0219.smt2,6,,,5,5,11,7,2,26,,19,15,5,18,9,8,134.52,46.27,unsat,0.29,0.00,0.00,0.00,0.00,0.00,0.10,0.06,,0.00,0.02,0.01,0.01,0.16,0.02,0.01,0.13,0.01,0.00,0.05
chc-lia-nonlin-0220.smt2,3,,,3,3,8,1,1,13,2,11,8,4,10,3,8,128.60,43.90,unsat,0.21,0.00,0.00,0.00,0.00,0.00,0.08,0.04,,0.00,0.02,0.01,0.00,0.09,0.02,,0.07,0.00,0.00,0.00
chc-lia-nonlin-0221.smt2,,,,,,,,,,,,1,,,,,27.28,10.00,unsat,0.06,,,,,,0.00,0.00,,,0.00,0.00,,0.00,,,0.00,,,
chc-lia-nonlin-0222.smt2,,,5,7,7,13,13,8,35,,29,8,6,21,,,164.56,64.57,sat,0.47,0.01,0.00,0.00,0.00,0.00,0.24,0.14,,0.00,0.02,0.01,0.01,0.30,0.07,,0.20,0.02,0.01,
chc-lia-nonlin-0223.smt2,5,,,5,5,20,18,1,40,,42,22,2,41,5,4,260.08,83.99,unsat,0.35,0.00,0.00,0.00,0.00,0.00,0.11,0.06,,0.00,0.05,0.01,0.01,0.17,0.02,0.01,0.14,0.02,0.00,0.01
chc-lia-nonlin-0224.smt2,10,,,10,10,24,23,13,64,,49,36,14,49,12,8,324.80,115.26,unsat,1.14,0.01,0.00,0.00,0.00,0.01,0.60,0.44,,0.00,0.03,0.01,0.09,0.85,0.08,0.12,0.73,0.06,0.03,0.16
chc-lia-nonlin-0225.smt2,,,9,11,11,42,52,29,101,1,77,33,9,68,2,15,336.68,125.43,sat,1.09,0.03,0.00,0.01,0.00,0.01,0.52,0.25,,0.00,0.06,0.02,0.04,0.70,0.08,0.02,0.59,0.06,0.08,0.03
chc-lia-nonlin-0226.smt2,,,16,20,20,41,114,25,317,9,109,29,152,97,2,8,357.60,131.38,sat,1.04,0.03,0.00,0.01,0.00,0.01,0.49,0.24,,0.00,0.04,0.01,0.06,0.77,0.12,0.02,0.58,0.11,0.03,0.03
chc-lia-nonlin-0227.smt2,5,,,4,4,11,7,2,22,,18,18,4,17,6,12,250.96,85.55,unsat,0.61,0.00,0.00,0.00,0.00,0.00,0.27,0.19,,0.00,0.03,0.01,0.05,0.38,0.04,0.09,0.33,0.02,0.00,0.05
chc-lia-nonlin-0228.smt2,,,9,11,11,25,26,20,77,,58,20,17,47,,,245.60,92.95,sat,1.19,0.02,0.00,0.00,0.00,0.01,0.77,0.53,,0.00,0.04,0.01,0.05,0.92,0.17,,0.72,0.08,0.22,
chc-lia-nonlin-0229.smt2,5,,,4,4,24,8,1,29,,38,29,2,37,6,12,350.12,114.63,unsat,0.68,0.00,0.00,0.00,0.00,0.00,0.27,0.18,,0.00,0.05,0.02,0.05,0.39,0.03,0.08,0.35,0.03,0.00,0.04
chc-lia-nonlin-0230.smt2,35,,,35,35,131,427,40,1360,41,293,150,644,296,35,81,1258.68,469.51,unsat,11.34,0.28,0.03,0.08,0.03,0.14,8.01,4.56,,0.01,0.09,0.03,0.47,9.63,2.98,0.27,6.52,0.55,0.71,0.96
chc-lia-nonlin-0231.smt2,,,5,8,8,24,18,16,48,,45,23,5,37,4,25,274.68,112.22,sat,1.08,0.02,0.00,0.01,0.00,0.01,0.59,0.36,,0.00,0.03,0.01,0.04,0.75,0.09,0.02,0.63,0.05,0.11,0.04
chc-lia-nonlin-0232.smt2,8,,,8,8,22,16,10,49,3,36,26,10,35,12,13,365.28,132.51,unsat,1.15,0.01,0.00,0.00,0.00,0.01,0.59,0.40,,0.00,0.03,0.01,0.06,0.79,0.11,0.05,0.66,0.05,0.05,0.19
chc-lia-nonlin-0233.smt2,6,,,6,6,16,9,6,29,1,27,17,4,25,8,24,294.80,112.57,unsat,0.84,0.01,0.00,0.00,0.00,0.00,0.42,0.25,,0.00,0.03,0.01,0.03,0.54,0.07,0.02,0.45,0.03,0.03,0.06
chc-lia-nonlin-0234.smt2,8,,,8,8,30,20,11,69,,45,33,15,43,12,51,533.28,181.83,unsat,2.45,0.02,0.00,0.01,0.00,0.01,1.57,1.18,,0.00,0.05,0.02,0.17,1.98,0.26,0.21,1.69,0.12,0.28,0.32
chc-lia-nonlin-0235.smt2,,,5,8,8,24,18,16,48,,45,23,5,37,4,25,274.84,112.85,sat,0.95,0.02,0.00,0.01,0.00,0.01,0.54,0.33,,0.00,0.03,0.01,0.04,0.69,0.08,0.02,0.58,0.05,0.11,0.04
chc-lia-nonlin-0236.smt2,8,,,8,8,35,27,14,82,1,55,36,16,54,12,48,577.84,195.35,unsat,2.61,0.02,0.00,0.01,0.00,0.01,1.69,1.29,,0.00,0.05,0.02,0.17,2.10,0.26,0.19,1.81,0.13,0.39,0.30
chc-lia-nonlin-0237.smt2,,,,,,,,,,,,1,,,,,43.48,17.97,unsat,0.19,,,,,,0.00,0.00,,,0.00,0.00,,0.00,,,0.00,,,
chc-lia-nonlin-0238.smt2,,,,,,,,,,,,1,,,,,45.72,18.90,unsat,0.20,,,,,,0.00,0.00,,,0.00,0.00,,0.00,,,0.00,,,
chc-lia-nonlin-0239.smt2,28,,,28,28,167,174,126,479,7,266,161,184,267,29,80,886.48,313.37,unsat,4.31,0.14,0.02,0.04,0.01,0.07,2.74,1.60,,0.00,0.08,0.03,0.22,3.66,0.41,0.04,3.14,0.40,0.70,0.30
chc-lia-nonlin-0240.smt2,8,,,8,8,29,45,7,116,7,63,31,30,61,11,12,456.84,160.78,unsat,0.99,0.01,0.00,0.00,0.00,0.01,0.40,0.21,,0.00,0.07,0.03,0.05,0.58,0.08,0.03,0.47,0.05,0.02,0.10
chc-lia-nonlin-0241.smt2,,,,,,,,,,,,1,,,,,46.32,19.53,unsat,0.22,,,,,,0.00,0.00,,,0.00,0.00,,0.00,,,0.00,,,
chc-lia-nonlin-0242.smt2,,,7,9,9,36,21,27,52,,59,36,3,51,8,49,513.64,191.10,sat,2.90,0.04,0.00,0.01,0.00,0.02,2.05,1.31,,0.00,0.06,0.02,0.15,2.46,0.24,0.08,2.18,0.19,0.40,0.18
chc-lia-nonlin-0243.smt2,,,6,9,9,49,35,35,98,3,85,71,11,78,17,200,926.04,334.24,sat,10.10,0.10,0.01,0.02,0.01,0.06,8.19,6.02,,0.00,0.09,0.04,0.50,9.35,1.11,0.28,8.21,0.58,2.05,0.36
chc-lia-nonlin-0244.smt2,,,,,,,,,,,,1,,,,,45.96,19.83,unsat,0.22,,,,,,0.00,0.00,,,0.00,0.00,,0.00,,,0.00,,,
chc-lia-nonlin-0245.smt2,,,5,7,7,27,13,18,32,,41,28,2,34,7,65,475.40,178.18,sat,3.76,0.03,0.00,0.01,0.00,0.02,2.86,1.99,,0.00,0.06,0.02,0.22,3.31,0.24,0.15,3.05,0.20,0.64,0.23
chc-lia-nonlin-0246.smt2,,,6,9,9,49,51,41,134,5,99,77,20,92,17,194,956.96,342.10,sat,9.81,0.11,0.01,0.03,0.01,0.06,7.92,5.98,,0.00,0.09,0.04,0.48,9.05,1.31,0.27,7.72,0.54,2.03,0.38
chc-lia-nonlin-0247.smt2,,,6,9,9,51,51,39,128,5,96,74,17,89,15,180,919.56,330.49,sat,8.96,0.10,0.01,0.02,0.01,0.06,7.17,5.31,,0.00,0.09,0.04,0.45,8.23,1.30,0.22,6.91,0.54,1.81,0.33
chc-lia-nonlin-0248.smt2,,,,,,,,,,,,1,,,,,48.16,20.47,unsat,0.22,,,,,,0.00,0.00,,,0.00,0.00,,0.00,,,0.00,,,
chc-lia-nonlin-0249.smt2,26,,,26,26,85,263,32,763,157,260,108,274,271,30,8,803.24,298.77,unsat,3.56,0.15,0.01,0.03,0.01,0.09,2.15,0.99,,0.00,0.09,0.04,0.12,2.90,0.43,0.01,2.37,0.25,0.35,0.28
chc-lia-nonlin-0250.smt2,20,,,20,20,83,178,36,411,12,179,89,107,186,36,8,1231.72,447.03,unsat,6.59,0.11,0.01,0.03,0.01,0.06,4.01,2.98,,0.00,0.10,0.04,0.41,5.26,0.60,0.18,4.59,0.58,0.72,1.22
chc-lia-nonlin-0251.smt2,,,6,9,9,49,42,42,128,5,99,70,19,92,15,183,937.12,337.48,sat,9.80,0.10,0.01,0.03,0.01,0.06,7.95,6.03,,0.00,0.09,0.04,0.45,9.05,1.40,0.23,7.63,0.55,2.16,0.36
chc-lia-nonlin-0252.smt2,21,,,21,21,99,633,10,3535,452,233,103,2308,241,24,8,1596.48,549.65,unsat,3.45,0.06,0.00,0.02,0.01,0.02,2.12,0.77,,0.01,0.16,0.06,0.06,2.74,1.36,0.01,1.29,0.14,0.10,0.14
chc-lia-nonlin-0253.smt2,21,,,21,21,95,401,16,1537,46,194,112,901,204,31,31,1418.40,499.61,unsat,5.11,0.09,0.01,0.02,0.01,0.04,3.52,1.69,,0.01,0.10,0.04,0.24,4.35,1.85,0.07,2.43,0.26,0.32,0.53
chc-lia-nonlin-0254.smt2,70,,,66,66,1494,2160,709,21556,426,2281,1997,16916,2403,212,590,10531.28,4024.49,unsat,191.90,7.21,0.90,2.87,0.72,2.89,167.16,95.52,,0.34,0.13,0.06,4.30,187.87,63.23,1.19,124.38,7.16,52.91,5.88
chc-lia-nonlin-0255.smt2,,,29,34,34,128,150,125,1374,146,311,249,1078,319,46,168,1256.00,513.68,sat,16.68,0.46,0.06,0.15,0.04,0.23,13.24,7.41,,0.01,0.10,0.05,0.77,15.72,4.18,0.46,11.42,0.99,2.77,1.44
chc-lia-nonlin-0256.smt2,,,16,18,18,45,47,29,246,3,88,75,124,85,25,78,2020.24,714.53,sat,25.73,0.11,0.01,0.03,0.01,0.06,21.90,17.99,,0.00,0.17,0.06,1.31,24.41,4.62,2.93,19.73,0.62,1.78,6.00
chc-lia-nonlin-0257.smt2,,,23,25,25,127,158,101,410,5,227,127,141,221,22,51,1053.20,373.94,sat,4.78,0.13,0.01,0.03,0.01,0.07,3.00,1.76,,0.00,0.11,0.05,0.21,3.92,0.53,0.06,3.30,0.43,0.70,0.26
chc-lia-nonlin-0258.smt2,,,23,25,25,127,158,101,410,5,227,127,141,221,22,51,1053.20,373.94,sat,4.81,0.13,0.01,0.03,0.01,0.07,3.03,1.77,,0.00,0.11,0.05,0.22,3.95,0.54,0.06,3.31,0.43,0.70,0.26
chc-lia-nonlin-0259.smt2,6,,,6,6,56,29,3,342,21,112,56,187,111,6,192,1722.76,536.66,unsat,5.76,0.02,0.00,0.00,0.00,0.01,4.35,2.15,,0.00,0.24,0.10,0.15,4.75,0.81,,3.92,0.23,0.00,0.19
chc-lia-nonlin-0260.smt2,,,8,10,10,57,45,41,93,3,93,77,8,86,18,185,1446.20,529.31,sat,13.45,0.11,0.01,0.03,0.01,0.07,10.83,8.08,,0.00,0.17,0.07,0.64,12.30,1.27,0.33,10.99,0.75,2.16,0.81
chc-lia-nonlin-0261.smt2,6,,,6,6,54,27,3,346,17,110,54,193,109,6,192,1726.12,537.90,unsat,5.72,0.02,0.00,0.00,0.00,0.01,4.33,2.17,,0.00,0.24,0.10,0.13,4.70,0.82,,3.86,0.21,0.00,0.19
chc-lia-nonlin-0262.smt2,6,,,6,6,56,30,3,356,18,112,56,201,111,6,192,1731.80,539.59,unsat,5.78,0.02,0.00,0.00,0.00,0.01,4.37,2.18,,0.00,0.24,0.10,0.14,4.77,0.83,,3.91,0.24,0.00,0.19
chc-lia-nonlin-0263.smt2,6,,,6,6,56,30,3,356,18,112,56,201,111,6,192,1731.80,539.59,unsat,5.72,0.02,0.00,0.00,0.00,0.01,4.31,2.15,,0.00,0.25,0.11,0.15,4.70,0.82,,3.86,0.24,0.00,0.19
chc-lia-nonlin-0264.smt2,,,12,14,14,67,125,56,254,12,150,100,44,144,21,241,1652.48,590.66,sat,16.86,0.20,0.02,0.05,0.01,0.12,13.53,10.43,,0.01,0.15,0.07,0.82,15.52,2.05,0.33,13.42,1.06,2.62,1.08
chc-lia-nonlin-0265.smt2,,,6,8,8,35,18,27,57,6,56,43,8,49,8,98,851.56,315.23,sat,7.94,0.05,0.01,0.01,0.00,0.03,6.10,4.44,,0.00,0.14,0.06,0.43,6.98,0.65,0.52,6.30,0.38,1.46,1.22
chc-lia-nonlin-0266.smt2,18,,,16,16,126,296,45,995,42,247,139,460,246,27,134,2284.56,776.95,unsat,11.13,0.19,0.02,0.05,0.01,0.10,7.99,4.92,,0.01,0.19,0.10,0.53,9.57,2.30,0.27,7.22,0.69,0.97,0.87
chc-lia-nonlin-0267.smt2,26,,,26,26,151,817,29,3760,511,351,174,2199,362,30,8,2316.80,773.87,unsat,6.27,0.17,0.01,0.05,0.01,0.07,4.12,1.68,,0.01,0.21,0.09,0.13,5.17,1.81,0.02,3.26,0.31,0.43,0.30
chc-lia-nonlin-0268.smt2,6,,,6,6,60,31,3,386,29,121,60,218,120,6,192,1859.24,574.91,unsat,5.92,0.02,0.00,0.00,0.00,0.01,4.41,2.19,,0.00,0.27,0.12,0.13,4.81,0.82,,3.96,0.22,0.00,0.19
chc-lia-nonlin-0269.smt2,45,,,45,45,306,832,92,1610,18,918,458,449,969,125,390,4133.68,1418.46,unsat,42.73,1.16,0.13,0.37,0.08,0.56,34.40,19.73,,0.02,0.17,0.09,1.64,40.27,2.29,0.45,37.79,2.57,10.23,3.37
chc-lia-nonlin-0270.smt2,,,12,16,16,85,168,66,620,17,181,133,284,170,31,304,1744.16,647.65,sat,39.40,0.41,0.04,0.10,0.03,0.25,34.83,25.68,,0.01,0.12,0.07,1.24,38.04,8.99,0.63,28.99,1.74,9.44,1.21
chc-lia-nonlin-0271.smt2,13,,,12,12,113,120,46,1151,26,195,150,791,194,35,223,2242.00,757.36,unsat,17.54,0.19,0.02,0.05,0.01,0.10,14.47,8.21,,0.01,0.17,0.10,0.61,16.25,6.26,0.33,9.95,0.84,1.99,0.83
chc-lia-nonlin-0272.smt2,12,,,12,12,72,196,12,1004,28,137,67,578,136,12,148,2058.32,668.36,unsat,5.77,0.04,0.00,0.01,0.00,0.02,4.04,2.34,,0.00,0.27,0.13,0.21,4.64,1.47,0.01,3.12,0.33,0.16,0.20
chc-lia-nonlin-0273.smt2,12,,,12,12,71,199,12,990,22,136,68,564,135,12,292,2403.40,775.41,unsat,13.76,0.06,0.00,0.01,0.00,0.03,11.37,6.98,,0.00,0.34,0.16,0.29,12.16,3.20,0.01,8.91,0.46,0.79,0.45
chc-lia-nonlin-0274.smt2,12,,,12,12,78,224,12,1119,26,149,73,645,148,12,148,2224.68,716.55,unsat,6.23,0.05,0.00,0.01,0.00,0.02,4.32,2.53,,0.00,0.30,0.14,0.26,5.00,1.51,0.01,3.44,0.38,0.32,0.20
chc-lia-nonlin-0275.smt2,,,8,14,14,63,77,64,173,5,136,104,23,126,15,178,1801.16,642.67,sat,18.73,0.19,0.02,0.05,0.01,0.11,14.93,11.12,,0.00,0.21,0.10,0.80,16.79,1.97,0.35,14.76,0.99,4.37,0.54
chc-lia-nonlin-0276.smt2,12,,,12,12,77,224,12,1134,32,148,72,660,147,12,292,2654.64,844.72,unsat,14.01,0.06,0.00,0.01,0.00,0.04,11.48,6.99,,0.00,0.39,0.17,0.30,12.32,3.27,0.02,9.00,0.48,0.77,0.47
chc-lia-nonlin-0277.smt2,12,,,12,12,81,237,12,1214,30,155,78,713,154,12,148,2330.92,746.84,unsat,6.66,0.05,0.00,0.01,0.00,0.02,4.72,2.69,,0.00,0.31,0.14,0.19,5.36,1.70,0.02,3.61,0.33,0.31,0.23
chc-lia-nonlin-0278.smt2,,,10,12,12,58,69,49,148,3,109,76,22,100,16,187,2125.88,746.27,sat,24.57,0.17,0.02,0.04,0.01,0.10,20.49,15.57,,0.00,0.28,0.12,0.96,22.70,2.21,0.51,20.45,1.14,4.92,1.41
chc-lia-nonlin-0279.smt2,8,,,8,8,57,80,18,146,1,135,65,11,133,12,68,1295.64,435.29,unsat,5.84,0.05,0.01,0.01,0.00,0.03,3.71,2.52,,0.00,0.22,0.12,0.33,4.51,0.52,0.31,3.97,0.36,0.86,0.45
chc-lia-nonlin-0280.smt2,12,,,12,12,76,221,12,1098,25,150,72,637,149,12,292,2754.84,873.31,unsat,14.46,0.06,0.00,0.01,0.00,0.03,11.83,6.95,,0.00,0.42,0.21,0.29,12.66,3.22,0.02,9.40,0.48,0.61,0.50
chc-lia-nonlin-0281.smt2,12,,,12,12,79,236,12,1207,30,155,74,710,154,12,292,2828.36,894.92,unsat,14.56,0.06,0.00,0.01,0.00,0.03,11.99,7.09,,0.00,0.42,0.20,0.26,12.77,2.89,0.01,9.83,0.43,1.47,0.49
chc-lia-nonlin-0282.smt2,,,41,41,41,144,267,116,1504,91,307,207,964,303,40,134,3345.12,1166.67,sat,36.69,0.48,0.05,0.12,0.03,0.27,31.15,19.26,,0.01,0.23,0.12,1.18,34.65,12.14,0.55,22.35,1.68,6.81,2.21
chc-lia-nonlin-0283.smt2,,,,49,48,380,435,307,6936,89,840,484,5886,856,54,20,5577.26,5575.72,timeout,599.20,2.40,0.21,0.81,0.17,1.18,355.19,33.83,,0.05,0.36,0.18,1.34,364.29,101.45,0.58,262.67,3.09,30.78,3.18
